1.61859e+09,7.23465e-05,0.000782421,1.53066e-05,1,-0.000133471,0.000113039,0.000244631
1.61859e+09,9.1705e-05,0.00109609,0.000295264,0.999999,-0.000280915,-0.000278577,0.000902562
1.61859e+09,5.92892e-05,0.00135733,0.00037012,0.999999,-0.000247296,0.000276863,0.000773006
1.61859e+09,0.00016594,0.00146193,0.000658518,0.999999,-0.00083033,-0.000166553,0.00136464
1.61859e+09,0.00033082,0.00150261,0.00114692,0.999998,-0.00381186,-0.000631696,0.00418824
1.61859e+09,4.11978e-05,0.0013815,0.000947848,0.999999,-0.00366079,-0.00201624,0.00432787
1.61859e+09,2.48103e-05,0.00165118,0.00100458,0.999998,-0.00394906,-0.00197092,0.00668092
1.61859e+09,-7.28739e-05,0.00156618,0.00105535,0.999998,-0.00530891,-0.00194794,0.00570125
1.61859e+09,-3.78205e-05,0.00134624,0.00127258,0.999998,-0.00434655,-0.00252633,0.00385829
1.61859e+09,-6.03267e-05,0.00133446,0.001302,0.999998,-0.00428539,-0.00261837,0.00467282
1.61859e+09,0.000516849,0.000412498,0.00123458,0.999999,0.000176977,-6.25759e-05,-0.000327857
1.61859e+09,0.00221585,0.0104757,7.54947e-05,0.999943,-0.00393709,0.0041296,0.0149863
1.61859e+09,0.00188488,0.0126995,0.0028898,0.999913,0.0133763,0.0106658,0.00720926
1.61859e+09,-0.0022573,-0.00522559,0.0029092,0.99998,0.000472329,0.0112984,0.0292245
1.61859e+09,-0.00121063,-0.0182212,-0.00301965,0.999829,0.00467042,0.00393972,0.0426873
1.61859e+09,0.00406055,-0.0298336,-0.01073,0.999489,0.0113515,0.00193375,0.0874023
1.61859e+09,0.00459744,-0.0389357,-0.0182694,0.999064,0.0145883,0.00184443,0.106332
1.61859e+09,0.00239569,-0.0385898,-0.0208997,0.999034,0.022835,0.00421533,0.143895
1.61859e+09,-0.00159287,-0.036755,-0.0221987,0.999076,0.024513,0.0101505,0.153969
1.61859e+09,-0.00575109,-0.0257825,-0.0231796,0.999382,0.0197211,0.0214224,0.181122
1.61859e+09,-0.00718184,-0.0232396,-0.0207492,0.999489,0.0339215,0.0273635,0.24922
1.61859e+09,-0.00310425,-0.0213251,-0.0206374,0.999555,0.0362202,0.0366096,0.287847
1.61859e+09,0.00183233,-0.0217278,-0.0195314,0.999571,0.0365893,0.0422447,0.294463
1.61859e+09,-0.00603158,-0.0341732,-0.0113236,0.999334,0.034925,0.0444471,0.313652
1.61859e+09,-0.00299991,-0.0415731,-0.0058849,0.999114,0.0259368,0.0477652,0.336563
1.61859e+09,0.00100249,-0.0477553,-0.00205491,0.998856,0.0231248,0.0406791,0.333953
1.61859e+09,0.00161053,-0.048937,-0.00135885,0.9988,0.0211569,0.0400139,0.323931
1.61859e+09,-0.00203449,-0.0443756,-0.00174331,0.999011,0.0219975,0.0456589,0.330236
1.61859e+09,-0.00594165,-0.0397405,-0.00228137,0.99919,0.022331,0.0492007,0.337982
1.61859e+09,-0.00664592,-0.0388409,-0.00216614,0.999221,0.0255723,0.0516337,0.331437
1.61859e+09,-0.00671306,-0.0389584,-0.00198168,0.999216,0.0194795,0.0538067,0.327421
1.61859e+09,-0.0123931,-0.0412886,-0.00174762,0.999069,0.0155245,0.0549226,0.331941
1.61859e+09,-0.0292972,-0.0461184,-0.00215497,0.998504,0.0134946,0.0620182,0.347951
1.61859e+09,-0.0617227,-0.043925,-0.00288808,0.997122,0.00879782,0.0695526,0.351817
1.61859e+09,-0.104589,-0.044277,-0.00375454,0.993522,0.00832714,0.0701924,0.35427
1.61859e+09,-0.149672,-0.0480012,-0.00404283,0.987562,0.00886437,0.067811,0.3457
1.61859e+09,-0.194589,-0.049509,-0.00423421,0.979625,0.00808444,0.069129,0.330159
1.61859e+09,-0.238788,-0.0498245,-0.00341095,0.969787,0.00901997,0.0661608,0.31677
1.61859e+09,-0.282015,-0.0440025,-0.00277088,0.958396,0.00907096,0.0623346,0.301894
1.61859e+09,-0.320421,-0.030285,-0.00527995,0.946776,0.00984503,0.0625134,0.291672
1.61859e+09,-0.354207,-0.0143378,-0.00838031,0.93502,0.0112993,0.0566268,0.282242
1.61859e+09,-0.388148,0.000665409,-0.0122413,0.921516,0.0121543,0.0542108,0.270646
1.61859e+09,-0.421545,0.0152012,-0.0155958,0.906546,0.00957061,0.0480992,0.261706
1.61859e+09,-0.450883,0.0209888,-0.0165447,0.892183,0.00694399,0.0442166,0.261109
1.61859e+09,-0.465647,0.015913,-0.0148635,0.884703,0.00287363,0.0446621,0.264568
1.61859e+09,-0.472932,0.0085828,-0.0148023,0.880933,0.00538811,0.0402773,0.266683
1.61859e+09,-0.477169,0.00358468,-0.0129182,0.878709,0.00324684,0.0327005,0.263179
1.61859e+09,-0.481378,0.0105369,-0.0151561,0.876319,3.27845e-05,0.0333518,0.26132
1.61859e+09,-0.481906,0.0124662,-0.0143535,0.876017,0.00225162,0.0329969,0.259281
1.61859e+09,-0.481526,0.0120747,-0.0125089,0.876259,0.00170466,0.0325181,0.25839
1.61859e+09,-0.480724,0.0120539,-0.0112141,0.876717,0.00210207,0.0324668,0.257296
1.61859e+09,-0.480397,0.0121743,-0.0104494,0.876904,0.00118235,0.0286791,0.256743
1.61859e+09,-0.479015,0.013004,-0.0108329,0.877643,-0.00167446,0.0326423,0.25684
1.61859e+09,-0.476922,0.0134464,-0.0116163,0.878766,-0.0014158,0.0388752,0.258182
1.61859e+09,-0.469469,0.0115176,-0.0128525,0.88278,-0.00559305,0.0460762,0.261099
1.61859e+09,-0.44745,0.00819204,-0.0158867,0.89413,-0.00561698,0.0499927,0.267141
1.61859e+09,-0.416563,-0.00133033,-0.0201407,0.908883,0.00226201,0.0546271,0.272462
1.61859e+09,-0.380031,-0.00818259,-0.0273215,0.924534,0.00640734,0.0644453,0.281874
1.61859e+09,-0.334388,-0.012753,-0.0365826,0.941639,0.0123232,0.0704216,0.293456
1.61859e+09,-0.282973,-0.0178169,-0.0452783,0.957893,0.0158793,0.0758225,0.311494
1.61859e+09,-0.224533,-0.0246981,-0.0543858,0.972634,0.0226003,0.0822723,0.33599
1.61859e+09,-0.161861,-0.0319407,-0.0626739,0.984303,0.0229139,0.0834103,0.359084
1.61859e+09,-0.104356,-0.0329914,-0.0716743,0.991405,0.0244423,0.0770543,0.376001
1.61859e+09,-0.048145,-0.025387,-0.0799395,0.995313,0.0246581,0.0700477,0.386268
1.61859e+09,0.0133327,-0.0195656,-0.0838032,0.996201,0.0274973,0.0603081,0.398868
1.61859e+09,0.0791801,-0.0203653,-0.0836866,0.993133,0.0260818,0.0529575,0.409514
1.61859e+09,0.136194,-0.01756,-0.0790884,0.987364,0.0249142,0.0391635,0.416651
1.61859e+09,0.183346,-0.0160277,-0.0728432,0.980215,0.0248857,0.02819,0.423913
1.61859e+09,0.225512,-0.0182738,-0.067193,0.971749,0.0277482,0.0237217,0.43146
1.61859e+09,0.263455,-0.0230455,-0.0632378,0.962321,0.0239002,0.0140391,0.441759
1.61859e+09,0.30189,-0.0349977,-0.0634714,0.950584,0.024064,0.0104055,0.444683
1.61859e+09,0.338676,-0.0476194,-0.066219,0.937361,0.0204072,-0.00245242,0.450085
1.61859e+09,0.373709,-0.0595533,-0.0694649,0.923022,0.0137477,-0.0139139,0.456314
1.61859e+09,0.402991,-0.064725,-0.0725456,0.910025,0.0121061,-0.0269849,0.461429
1.61859e+09,0.424042,-0.0656714,-0.0731667,0.90029,0.0120094,-0.03556,0.464379
1.61859e+09,0.440735,-0.0652107,-0.0710389,0.892442,0.0123292,-0.0411391,0.468228
1.61859e+09,0.452262,-0.0651968,-0.0679935,0.886896,0.0130678,-0.0464357,0.469148
1.61859e+09,0.45801,-0.0665368,-0.0678385,0.883854,0.0112999,-0.0409165,0.46671
1.61859e+09,0.458134,-0.0639419,-0.0694379,0.883857,0.0126899,-0.0365197,0.463168
1.61859e+09,0.456042,-0.0600847,-0.0712944,0.885061,0.0159745,-0.0346033,0.457999
1.61859e+09,0.452706,-0.0554417,-0.0724971,0.886977,0.019306,-0.0343491,0.451967
1.61859e+09,0.445962,-0.0520915,-0.0729621,0.890551,0.0187688,-0.0325018,0.451663
1.61859e+09,0.426552,-0.0509899,-0.0744833,0.899948,0.0182541,-0.0224351,0.453753
1.61859e+09,0.387718,-0.0502792,-0.0767998,0.917196,0.0181189,-0.0112058,0.454612
1.61859e+09,0.331611,-0.0455509,-0.0794677,0.938959,0.0219274,0.00318639,0.454234
1.61859e+09,0.260587,-0.0356715,-0.0802382,0.961449,0.0269504,0.0178232,0.453191
1.61859e+09,0.185173,-0.0347525,-0.0812526,0.978724,0.0241166,0.0305167,0.454502
1.61859e+09,0.10757,-0.0350947,-0.079979,0.990354,0.018002,0.0444259,0.454035
1.61859e+09,0.0350046,-0.039006,-0.0763188,0.995705,0.012375,0.0550845,0.45294
1.61859e+09,-0.0305108,-0.0411138,-0.0708655,0.996171,0.00670365,0.0659836,0.455205
1.61859e+09,-0.0939605,-0.0395001,-0.064551,0.992695,0.00118785,0.0736427,0.450403
1.61859e+09,-0.158335,-0.03166,-0.0604396,0.985025,0.00110687,0.0724279,0.426562
1.61859e+09,-0.218656,-0.0227543,-0.0571541,0.973861,0.00224677,0.0697963,0.405329
1.61859e+09,-0.27177,-0.0177981,-0.0540392,0.960679,0.00638396,0.0675982,0.381458
1.61859e+09,-0.322186,-0.0186584,-0.0462166,0.945363,0.00448525,0.0676605,0.363618
1.61859e+09,-0.370695,-0.0179755,-0.0351516,0.927915,0.00170466,0.0632982,0.343155
1.61859e+09,-0.411558,-0.0236433,-0.0216273,0.91082,-0.00115073,0.0658423,0.327408
1.61859e+09,-0.445188,-0.0213935,-0.0128641,0.895089,-0.0008247,0.0616509,0.312146
1.61859e+09,-0.471868,-0.0152914,-0.00549843,0.881519,-0.00771396,0.0574684,0.29885
1.61859e+09,-0.489516,-0.007694,-0.00133441,0.871959,-0.0101177,0.0553166,0.288598
1.61859e+09,-0.498815,-0.00468091,0.00129986,0.866695,-0.0121498,0.0540331,0.283763
1.61859e+09,-0.505077,-0.00403815,0.00164281,0.863063,-0.0130316,0.0518135,0.280454
1.61859e+09,-0.509968,-0.00349026,0.00163455,0.860185,-0.0134469,0.0528399,0.2781
1.61859e+09,-0.513835,-0.00188419,0.00184231,0.857885,-0.0141115,0.0519366,0.277314
1.61859e+09,-0.517869,-0.000630377,0.00211062,0.855457,-0.0152862,0.0502081,0.274972
1.61859e+09,-0.520322,0.00106315,0.00306007,0.853964,-0.0167294,0.0459086,0.271802
1.61859e+09,-0.519433,0.00301442,0.00369588,0.854498,-0.0173134,0.0472166,0.26925
1.61859e+09,-0.512451,0.00252235,0.00405203,0.858703,-0.017117,0.0531032,0.2698
1.61859e+09,-0.493405,0.00138729,0.000617753,0.869799,-0.0188902,0.0557651,0.274593
1.61859e+09,-0.458626,-0.00403563,-0.00749423,0.888589,-0.0128229,0.0708952,0.289092
1.61859e+09,-0.413127,-0.0114547,-0.0189013,0.910405,-0.00831711,0.0787908,0.309212
1.61859e+09,-0.359818,-0.0172678,-0.03297,0.93228,-0.000823876,0.0840389,0.331767
1.61859e+09,-0.299895,-0.0219947,-0.0467992,0.95257,0.00541889,0.0886704,0.357443
1.61859e+09,-0.235979,-0.0262593,-0.0555262,0.969815,0.00802075,0.0915718,0.38308
1.61859e+09,-0.167586,-0.0292144,-0.060349,0.983575,0.00730814,0.0926592,0.410172
1.61859e+09,-0.0926883,-0.0306739,-0.0628302,0.993237,0.00688697,0.0892012,0.433555
1.61859e+09,-0.0162602,-0.0206161,-0.0645655,0.997568,0.00606806,0.0805843,0.454982
1.61859e+09,0.0528501,-0.00928007,-0.0629563,0.996573,0.00349223,0.0676296,0.472169
1.61859e+09,0.123493,0.0064672,-0.0579995,0.990628,0.00508399,0.0585148,0.482601
1.61859e+09,0.193908,0.0157529,-0.0498967,0.979623,0.00593378,0.0477657,0.491194
1.61859e+09,0.256477,0.00872278,-0.0414237,0.965623,0.00243442,0.0321284,0.496087
1.61859e+09,0.313674,-0.00201818,-0.0351692,0.948877,-0.00190043,0.0233663,0.498495
1.61859e+09,0.36302,-0.0129446,-0.032441,0.931126,-0.00931296,0.00718812,0.500741
1.61859e+09,0.405532,-0.0191544,-0.0307322,0.913363,-0.00809029,0.00140957,0.503184
1.61859e+09,0.438959,-0.0230232,-0.0300956,0.897708,-0.0092337,-0.00694691,0.503865
1.61859e+09,0.461662,-0.0238833,-0.0302633,0.886218,-0.00657064,-0.0129587,0.50522
1.61859e+09,0.473212,-0.0260342,-0.0313448,0.880006,-0.00841377,-0.0182151,0.504884
1.61859e+09,0.477847,-0.0344079,-0.0359534,0.877032,-0.00697388,-0.0207466,0.502935
1.61859e+09,0.479865,-0.0401359,-0.0389227,0.875559,-0.00799792,-0.0216506,0.502688
1.61859e+09,0.482031,-0.0461631,-0.0416115,0.873947,-0.00957049,-0.0234083,0.502275
1.61859e+09,0.483363,-0.0523484,-0.0439089,0.872749,-0.0171252,-0.0371596,0.498973
1.61859e+09,0.483942,-0.0572448,-0.0458732,0.87202,-0.0162807,-0.0321366,0.498021
1.61859e+09,0.47664,-0.0625084,-0.0478473,0.875567,-0.0167834,-0.026674,0.496686
1.61859e+09,0.453854,-0.0661394,-0.0500546,0.887207,-0.0173767,-0.0103255,0.49584
1.61859e+09,0.409843,-0.0682172,-0.0530599,0.908053,-0.0142961,0.0133326,0.491127
1.61859e+09,0.346441,-0.0634995,-0.0540663,0.934357,-0.0102019,0.0385792,0.483452
1.61859e+09,0.271507,-0.0533418,-0.0537076,0.959455,-0.00784088,0.0579634,0.473615
1.61859e+09,0.195633,-0.0442835,-0.0518735,0.978303,-0.000903436,0.0793027,0.45338
1.61859e+09,0.124197,-0.0350864,-0.0475628,0.990496,-0.00135376,0.0942739,0.432168
1.61859e+09,0.0666764,-0.0386688,-0.0421828,0.996132,-0.00922879,0.104859,0.425362
1.61859e+09,0.0295396,-0.0429252,-0.0348649,0.998033,-0.0180973,0.11123,0.414066
1.61859e+09,0.0142476,-0.0433064,-0.0302639,0.998502,-0.0245903,0.115234,0.407355
1.61859e+09,0.0102935,-0.0426594,-0.0290428,0.998614,-0.0248695,0.117055,0.402765
1.61859e+09,0.0113008,-0.0418476,-0.029978,0.99861,-0.0238104,0.117321,0.402942
1.61859e+09,0.0120196,-0.0413706,-0.03083,0.998596,-0.0215286,0.115996,0.405065
1.61859e+09,0.0126682,-0.0381755,-0.0341309,0.998608,-0.0176467,0.116053,0.404618
1.61859e+09,0.0110132,-0.0376758,-0.044837,0.998223,-0.012576,0.116565,0.403256
1.61859e+09,0.00995106,-0.0354553,-0.0669054,0.99708,-0.00293385,0.115085,0.404411
1.61859e+09,0.00540274,-0.0346086,-0.10057,0.994313,0.00975337,0.111915,0.38888
1.61859e+09,0.000674823,-0.0316471,-0.140553,0.989567,0.02416,0.108529,0.381236
1.61859e+09,-0.00354768,-0.0281192,-0.185588,0.982219,0.0428487,0.103701,0.381386
1.61859e+09,-0.00624067,-0.0290047,-0.236896,0.971082,0.063039,0.100885,0.382648
1.61859e+09,-0.0101058,-0.0372902,-0.291851,0.955683,0.0870111,0.0984212,0.390995
1.61859e+09,-0.0158815,-0.0458213,-0.347152,0.936554,0.109451,0.0954459,0.397443
1.61859e+09,-0.0261411,-0.0549932,-0.396863,0.915856,0.129553,0.0900326,0.388835
1.61859e+09,-0.0392899,-0.0662686,-0.439437,0.894964,0.144881,0.0854631,0.374494
1.61859e+09,-0.0445098,-0.0736176,-0.474415,0.876088,0.155435,0.0814587,0.370237
1.61859e+09,-0.0423284,-0.0730242,-0.50626,0.85824,0.164947,0.0736726,0.361725
1.61859e+09,-0.0344928,-0.0677105,-0.532864,0.842782,0.173692,0.0644771,0.354993
1.61859e+09,-0.0270834,-0.0683731,-0.550925,0.831308,0.176804,0.0593651,0.349751
1.61859e+09,-0.0238954,-0.069857,-0.564106,0.822395,0.178291,0.0554769,0.345203
1.61859e+09,-0.0241787,-0.0710503,-0.573077,0.816058,0.179383,0.0540992,0.346493
1.61859e+09,-0.0271087,-0.07549,-0.57898,0.811386,0.179142,0.0561663,0.352829
1.61859e+09,-0.0287781,-0.0782596,-0.581595,0.809194,0.176859,0.057603,0.356272
1.61859e+09,-0.0312505,-0.0803865,-0.581129,0.809228,0.176531,0.0602763,0.356159
1.61859e+09,-0.0312096,-0.0794241,-0.575064,0.813645,0.175317,0.064897,0.351135
1.61859e+09,-0.0282968,-0.0757901,-0.561272,0.823668,0.172131,0.0696255,0.341849
1.61859e+09,-0.024704,-0.0692841,-0.537404,0.840111,0.168174,0.0754551,0.341631
1.61859e+09,-0.0206299,-0.0642633,-0.499424,0.863725,0.157041,0.0835182,0.348485
1.61859e+09,-0.0157509,-0.0622807,-0.449375,0.891031,0.13974,0.0918854,0.340696
1.61859e+09,-0.00830871,-0.0545943,-0.394438,0.917262,0.120685,0.0964881,0.355859
1.61859e+09,0.00437343,-0.0449189,-0.335988,0.940784,0.097964,0.10131,0.369764
1.61859e+09,0.00957215,-0.0430656,-0.272627,0.961108,0.0716986,0.0989472,0.373608
1.61859e+09,0.0130222,-0.0359408,-0.202818,0.97847,0.0422672,0.0940291,0.386239
1.61859e+09,0.0131886,-0.0295822,-0.131125,0.990837,0.0147879,0.0893005,0.382788
1.61859e+09,0.0142085,-0.0277004,-0.0627104,0.997546,-0.0110012,0.0867332,0.37394
1.61859e+09,0.0141425,-0.0214411,0.00191289,0.999668,-0.0311896,0.0829957,0.378015
1.61859e+09,0.000801357,-0.011598,0.0658192,0.997764,-0.0447195,0.0805616,0.36045
1.61859e+09,-0.0167516,-0.00449207,0.124026,0.992127,-0.0524983,0.0786774,0.354065
1.61859e+09,-0.03319,0.000412849,0.174357,0.984123,-0.0538931,0.0772617,0.341719
1.61859e+09,-0.045079,-0.00044527,0.217477,0.975024,-0.0573428,0.0773962,0.334036
1.61859e+09,-0.0505068,-0.00251526,0.254518,0.965745,-0.0632713,0.0756356,0.329362
1.61859e+09,-0.0437461,-0.0122187,0.285692,0.957244,-0.0695366,0.0739943,0.319733
1.61859e+09,-0.0378121,-0.0203089,0.310262,0.949682,-0.0758927,0.0704738,0.318122
1.61859e+09,-0.0371248,-0.0293781,0.327125,0.943794,-0.0824495,0.067715,0.315273
1.61859e+09,-0.0387811,-0.0329213,0.332283,0.941807,-0.085019,0.0676094,0.319891
1.61859e+09,-0.0368987,-0.0388861,0.328463,0.942995,-0.086967,0.0692205,0.326294
1.61859e+09,-0.0358329,-0.0420457,0.317926,0.946505,-0.090615,0.0695558,0.325491
1.61859e+09,-0.034924,-0.0387342,0.297513,0.953292,-0.0933566,0.0699793,0.321608
1.61859e+09,-0.0330947,-0.0298709,0.264998,0.963218,-0.0939548,0.0727226,0.315738
1.61859e+09,-0.0290969,-0.0229932,0.219504,0.974906,-0.0890122,0.0770703,0.325476
1.61859e+09,-0.0240306,-0.0192488,0.166176,0.985615,-0.081591,0.0793637,0.325755
1.61859e+09,-0.021704,-0.0161405,0.109265,0.993645,-0.0725148,0.0768685,0.323465
1.61859e+09,-0.0183762,-0.0166276,0.0512229,0.99838,-0.0616841,0.0726449,0.330574
1.61859e+09,-0.00930063,-0.0200113,-0.00528863,0.999743,-0.0505027,0.068775,0.333663
1.61859e+09,-0.00236411,-0.0262339,-0.062006,0.997728,-0.0397324,0.0636422,0.333844
1.61859e+09,0.00296043,-0.0280582,-0.119782,0.992399,-0.0254347,0.0594318,0.337601
1.61859e+09,0.00800681,-0.0190789,-0.177942,0.983823,-0.0058788,0.0539109,0.347013
1.61859e+09,0.0143895,-0.0163995,-0.236312,0.971432,0.0140766,0.0486159,0.348551
1.61859e+09,0.0185575,-0.0247192,-0.293444,0.955477,0.0327445,0.0437285,0.353263
1.61859e+09,0.0179982,-0.0298145,-0.34841,0.936695,0.0503511,0.0400811,0.353343
1.61859e+09,0.0139938,-0.0331558,-0.399595,0.915985,0.0689645,0.0372532,0.352226
1.61859e+09,0.0061269,-0.0411556,-0.447572,0.89328,0.0868894,0.0326578,0.350704
1.61859e+09,0.00265777,-0.0501589,-0.491232,0.869579,0.0959125,0.0325281,0.342291
1.61859e+09,-0.00554927,-0.0633634,-0.528967,0.846255,0.103843,0.0284707,0.338476
1.61859e+09,-0.0105238,-0.0674924,-0.563261,0.823451,0.109757,0.0255277,0.339935
1.61859e+09,-0.00982085,-0.0661846,-0.593879,0.801767,0.113627,0.0236257,0.33502
1.61859e+09,1.47982e-05,-0.0605696,-0.618224,0.783665,0.112263,0.0182359,0.329872
1.61859e+09,0.00866564,-0.0583888,-0.637468,0.768213,0.112385,0.0182782,0.322994
1.61859e+09,0.0157079,-0.0575915,-0.650737,0.756953,0.111899,0.0209047,0.32839
1.61859e+09,0.0188312,-0.0579422,-0.658675,0.749957,0.111679,0.0223981,0.324326
1.61859e+09,0.0187617,-0.0574978,-0.66332,0.745888,0.107992,0.024862,0.321666
1.61859e+09,0.0185116,-0.056589,-0.665957,0.74361,0.112892,0.0262739,0.314394
1.61859e+09,0.0177287,-0.0565861,-0.667315,0.742411,0.113122,0.0291063,0.309516
1.61859e+09,0.0173194,-0.0572189,-0.66737,0.742323,0.113222,0.031889,0.306273
1.61859e+09,0.0170965,-0.0580484,-0.666007,0.743487,0.111991,0.0359896,0.306263
1.61859e+09,0.0166856,-0.0585564,-0.66316,0.745997,0.109505,0.0399963,0.308721
1.61859e+09,0.0156234,-0.058861,-0.654998,0.753173,0.111568,0.0454123,0.307327
1.61859e+09,0.0115501,-0.0582954,-0.636259,0.769183,0.108774,0.0536922,0.303683
1.61859e+09,0.00502821,-0.0656505,-0.605589,0.793049,0.102403,0.0656151,0.304934
1.61859e+09,0.00164828,-0.0752491,-0.561943,0.823744,0.090097,0.0818909,0.315829
1.61859e+09,0.00218334,-0.0779091,-0.508466,0.857547,0.072169,0.0953439,0.323857
1.61859e+09,0.00399202,-0.0783185,-0.449315,0.889925,0.0520719,0.103367,0.329563
1.61859e+09,0.0086722,-0.0770043,-0.384623,0.919815,0.0279811,0.107537,0.327019
1.61859e+09,0.012466,-0.0748595,-0.316904,0.945417,0.00206094,0.110395,0.34366
1.61859e+09,0.0122282,-0.0681042,-0.244222,0.967248,-0.0249602,0.109675,0.346321
1.61859e+09,0.01366,-0.0536934,-0.170021,0.983882,-0.0492091,0.106248,0.341497
1.61859e+09,0.0194359,-0.0400025,-0.0946691,0.994515,-0.0716445,0.103781,0.34032
1.61859e+09,0.0200873,-0.0375238,-0.0212926,0.998867,-0.0899678,0.0979225,0.340231
1.61859e+09,0.0121194,-0.0427932,0.042646,0.9981,-0.108321,0.0920521,0.333311
1.61859e+09,-7.14577e-06,-0.0570474,0.103738,0.992967,-0.121564,0.0853903,0.32838
1.61859e+09,-0.012528,-0.0664129,0.163343,0.984252,-0.13372,0.0770476,0.326532
1.61859e+09,-0.0236804,-0.0709034,0.216914,0.973324,-0.14134,0.069052,0.324521
1.61859e+09,-0.0287385,-0.0673875,0.261804,0.962337,-0.145384,0.0635779,0.324846
1.61859e+09,-0.0363914,-0.0575437,0.296674,0.952549,-0.14588,0.0602221,0.32989
1.61859e+09,-0.0414748,-0.0541112,0.323776,0.943674,-0.146532,0.0592566,0.331333
1.61859e+09,-0.0385874,-0.0608485,0.341084,0.937267,-0.148049,0.0611738,0.331017
1.61859e+09,-0.0366564,-0.0572758,0.348363,0.93489,-0.146612,0.0641783,0.329313
1.61859e+09,-0.0387578,-0.0512624,0.347741,0.935386,-0.145238,0.0677163,0.329588
1.61859e+09,-0.0396757,-0.0488904,0.339981,0.938322,-0.14321,0.0707461,0.324824
1.61859e+09,-0.0371109,-0.0500967,0.327092,0.942934,-0.142854,0.0712322,0.322412
1.61859e+09,-0.0297876,-0.0512685,0.30637,0.950064,-0.1428,0.0736235,0.330949
1.61859e+09,-0.0271919,-0.0433435,0.276175,0.959744,-0.140116,0.0771133,0.333293
1.61859e+09,-0.0258324,-0.0319057,0.235463,0.971016,-0.132047,0.0858036,0.330609
1.61859e+09,-0.0177046,-0.0275038,0.185293,0.982139,-0.120602,0.0962315,0.333214
1.61859e+09,-0.0082336,-0.0366352,0.135397,0.99008,-0.109424,0.0994903,0.336867
1.61859e+09,-0.00434829,-0.0544867,0.0844267,0.994929,-0.103009,0.0987156,0.33693
1.61859e+09,-0.00148541,-0.077017,0.0357869,0.996386,-0.0974964,0.0978066,0.330485
1.61859e+09,0.000933255,-0.0954518,0.00182422,0.995432,-0.097794,0.0940998,0.330643
1.61859e+09,-0.000524165,-0.114703,-0.0189452,0.993219,-0.10368,0.0928293,0.336417
1.61859e+09,-0.00263749,-0.125826,-0.0278847,0.991657,-0.11047,0.0914007,0.342869
1.61859e+09,-0.00038205,-0.124076,-0.028606,0.99186,-0.115669,0.0935016,0.350593
1.61859e+09,0.000648067,-0.0973782,-0.0254846,0.994921,-0.113299,0.0988871,0.350731
1.61859e+09,-0.000788609,-0.0454148,-0.021078,0.998746,-0.103962,0.104485,0.345674
1.61859e+09,-0.00230797,0.00323668,-0.0167454,0.999852,-0.0950671,0.108314,0.341258
1.61859e+09,-0.00438757,0.0598491,-0.0127165,0.998117,-0.0832243,0.111166,0.344121
1.61859e+09,-0.00480023,0.110108,-0.0096395,0.993861,-0.0717321,0.112305,0.342783
1.61859e+09,-0.00343529,0.147019,-0.00822924,0.989093,-0.0620696,0.111261,0.340173
1.61859e+09,-0.000644387,0.182074,-0.00691957,0.98326,-0.0564731,0.109891,0.336643
1.61859e+09,0.00123582,0.216844,-0.00595133,0.976187,-0.0482283,0.108244,0.328203
1.61859e+09,0.00176213,0.245974,-0.00592311,0.969257,-0.0452271,0.107524,0.321949
1.61859e+09,0.00167021,0.277088,-0.00615696,0.960823,-0.0392735,0.105181,0.311716
1.61859e+09,0.00133114,0.308518,-0.0069232,0.951192,-0.036816,0.103897,0.300149
1.61859e+09,0.00148049,0.334635,-0.00791854,0.942313,-0.0324169,0.101319,0.288712
1.61859e+09,0.00197685,0.360487,-0.00948064,0.932714,-0.0307488,0.0984969,0.277744
1.61859e+09,0.000618782,0.38216,-0.0125797,0.924011,-0.0309049,0.0958621,0.264688
1.61859e+09,-0.000185278,0.396377,-0.0154174,0.917958,-0.0297811,0.0941401,0.253934
1.61859e+09,0.000693135,0.406111,-0.0176624,0.913653,-0.0257691,0.0921262,0.246184
1.61859e+09,0.000828625,0.411543,-0.0197347,0.911176,-0.0318915,0.0907077,0.238714
1.61859e+09,-0.000228119,0.416586,-0.0218113,0.908834,-0.0349434,0.0891554,0.234533
1.61859e+09,-0.00124753,0.421726,-0.0236029,0.906415,-0.032745,0.0888773,0.231204
1.61859e+09,-0.00296663,0.42498,-0.0247891,0.904858,-0.0315366,0.0889965,0.227777
1.61859e+09,-0.00319239,0.422986,-0.0244177,0.905801,-0.0342783,0.090591,0.226085
1.61859e+09,-0.00183183,0.399251,-0.0231017,0.916549,-0.0370543,0.0931988,0.229528
1.61859e+09,-0.000564887,0.350981,-0.0204998,0.936158,-0.0374836,0.0952308,0.238312
1.61859e+09,0.00149748,0.284974,-0.0185035,0.958356,-0.0404651,0.0954663,0.248686
1.61859e+09,0.00297656,0.198525,-0.0174341,0.979936,-0.04582,0.0954401,0.25784
1.61859e+09,0.00324542,0.112738,-0.0157458,0.993495,-0.0518094,0.0935222,0.272564
1.61859e+09,0.00163662,0.0296531,-0.0147502,0.99945,-0.0615291,0.0925962,0.278562
1.61859e+09,-0.00196946,-0.0425902,-0.01438,0.998987,-0.0689378,0.0901471,0.283675
1.61859e+09,-0.00430264,-0.112982,-0.0126772,0.993507,-0.0749514,0.0900615,0.288925
1.61859e+09,-0.00610126,-0.190648,-0.0105589,0.981583,-0.0890416,0.0893679,0.293599
1.61859e+09,-0.00552887,-0.245404,-0.0103234,0.96935,-0.0926394,0.0882716,0.296278
1.61859e+09,-0.0032593,-0.26578,-0.0121257,0.963952,-0.0925318,0.0867817,0.301019
1.61859e+09,-0.00248345,-0.294562,-0.0126717,0.955545,-0.0976781,0.0860766,0.302667
1.61859e+09,-0.00324914,-0.326997,-0.0125253,0.944937,-0.103697,0.0869156,0.303785
1.61859e+09,-0.00543594,-0.341449,-0.0125829,0.9398,-0.107582,0.0854235,0.301502
1.61859e+09,-0.00838494,-0.354459,-0.0130145,0.934943,-0.108269,0.0860429,0.300805
1.61859e+09,-0.00938137,-0.35444,-0.0129603,0.934942,-0.106668,0.0851712,0.29981
1.61859e+09,-0.00839258,-0.359031,-0.0128174,0.9332,-0.10721,0.0849772,0.29979
1.61859e+09,-0.00771759,-0.365862,-0.0133662,0.930541,-0.109852,0.0852171,0.300806
1.61859e+09,-0.00630383,-0.36733,-0.0143331,0.929959,-0.110221,0.0852195,0.300799
1.61859e+09,-0.006094,-0.363107,-0.0143127,0.931618,-0.112123,0.0861263,0.300594
1.61859e+09,-0.00588727,-0.342584,-0.01257,0.939385,-0.112963,0.0857903,0.307966
1.61859e+09,-0.00641758,-0.309077,-0.0100842,0.950962,-0.112987,0.0847038,0.316187
1.61859e+09,-0.00635488,-0.258308,-0.00806628,0.966008,-0.108503,0.0839932,0.322744
1.61859e+09,-0.00471797,-0.19592,-0.00737094,0.980581,-0.105224,0.0828324,0.32813
1.61859e+09,-0.00320486,-0.13219,-0.00709292,0.991194,-0.101328,0.0802787,0.335852
1.61859e+09,-0.00391844,-0.0655404,-0.00749224,0.997814,-0.0961384,0.0774696,0.33342
1.61859e+09,-0.00352859,0.00928192,-0.00783737,0.99992,-0.0873267,0.077262,0.345916
1.61859e+09,-0.00644616,0.0780689,-0.00827294,0.996893,-0.08045,0.0759085,0.329373
1.61859e+09,-0.00912973,0.149883,-0.00957346,0.988615,-0.0741814,0.0748507,0.317789
1.61859e+09,-0.0117675,0.200152,-0.0110501,0.979632,-0.0698658,0.0736938,0.301406
1.61859e+09,-0.0123136,0.247429,-0.0123539,0.968749,-0.0663017,0.0726458,0.293092
1.61859e+09,-0.0134955,0.288487,-0.0151118,0.95727,-0.0602312,0.0712204,0.278884
1.61859e+09,-0.0163359,0.325258,-0.0175711,0.945321,-0.058263,0.0705174,0.264398
1.61859e+09,-0.0186335,0.354497,-0.0197396,0.934663,-0.0589919,0.0696336,0.251924
1.61859e+09,-0.020362,0.367153,-0.0203487,0.929715,-0.0591418,0.0690372,0.245138
1.61859e+09,-0.0204353,0.375105,-0.0206952,0.926526,-0.0570231,0.0684984,0.238979
1.61859e+09,-0.0197477,0.382809,-0.0210635,0.923376,-0.05582,0.0683173,0.23527
1.61859e+09,-0.0194325,0.386856,-0.0210172,0.921696,-0.0545846,0.0680493,0.231603
1.61859e+09,-0.0188548,0.388903,-0.0208652,0.92085,-0.0568998,0.0675801,0.229809
1.61859e+09,-0.017978,0.380105,-0.0203382,0.924545,-0.0627294,0.0678084,0.230055
1.61859e+09,-0.0158539,0.361095,-0.0196626,0.932187,-0.0606624,0.0677959,0.235225
1.61859e+09,-0.0145272,0.321569,-0.0182424,0.946599,-0.0642347,0.0687529,0.242505
1.61859e+09,-0.0130519,0.266442,-0.0168667,0.963615,-0.0675823,0.0700985,0.254804
1.61859e+09,-0.0120295,0.19826,-0.0149414,0.979962,-0.0684515,0.0718564,0.266848
1.61859e+09,-0.0101042,0.112649,-0.0124715,0.993505,-0.075826,0.0731263,0.28317
1.61859e+09,-0.00730683,0.0380627,-0.0104727,0.999194,-0.0865815,0.0752201,0.294238
1.61859e+09,-0.00641882,-0.0314849,-0.0092034,0.999441,-0.0915724,0.0758837,0.29742
1.61859e+09,-0.00681345,-0.0990085,-0.00884434,0.995024,-0.0986185,0.0785973,0.30812
1.61859e+09,-0.0097966,-0.165438,-0.00931655,0.986127,-0.102242,0.081279,0.311846
1.61859e+09,-0.0137338,-0.227341,-0.00948956,0.973672,-0.107714,0.0828741,0.31443
1.61859e+09,-0.0178973,-0.273361,-0.0106623,0.961686,-0.110652,0.0848337,0.313971
1.61859e+09,-0.0208435,-0.324694,-0.0117968,0.945516,-0.115627,0.0867825,0.309036
1.61859e+09,-0.0208877,-0.36329,-0.0134952,0.931344,-0.120999,0.0882662,0.303588
1.61859e+09,-0.0197923,-0.385868,-0.015808,0.922206,-0.124764,0.088444,0.296633
1.61859e+09,-0.0190268,-0.407408,-0.018,0.912871,-0.127664,0.0889442,0.291291
1.61859e+09,-0.0194559,-0.418274,-0.0202993,0.907886,-0.127792,0.088797,0.287455
1.61859e+09,-0.0193644,-0.425888,-0.0212598,0.904319,-0.132632,0.0867944,0.284589
1.61859e+09,-0.020839,-0.439634,-0.0220045,0.897665,-0.12758,0.0856154,0.282948
1.61859e+09,-0.021615,-0.452954,-0.0228295,0.890979,-0.130362,0.0843973,0.280239
1.61859e+09,-0.0208046,-0.460165,-0.0246782,0.887246,-0.135439,0.0837408,0.279269
1.61859e+09,-0.0201447,-0.465228,-0.0269156,0.884552,-0.136049,0.0838884,0.276941
1.61859e+09,-0.0190699,-0.458926,-0.0287073,0.887806,-0.127785,0.0841865,0.276641
1.61859e+09,-0.018611,-0.447995,-0.0281344,0.893399,-0.134144,0.0849925,0.282597
1.61859e+09,-0.0190921,-0.433379,-0.0258954,0.900638,-0.134642,0.0855078,0.289436
1.61859e+09,-0.0190682,-0.39412,-0.024425,0.918536,-0.129247,0.0830203,0.298846
1.61859e+09,-0.0170495,-0.34241,-0.0234026,0.939104,-0.125343,0.0810226,0.310348
1.61859e+09,-0.0160803,-0.29041,-0.0220952,0.956512,-0.121346,0.0779727,0.328556
1.61859e+09,-0.0147394,-0.232993,-0.0200169,0.972161,-0.115891,0.0752965,0.335283
1.61859e+09,-0.0105711,-0.168433,-0.0174536,0.985502,-0.11268,0.0735931,0.339933
1.61859e+09,-0.00536595,-0.115314,-0.0151619,0.993199,-0.110434,0.0724749,0.341443
1.61859e+09,-0.00164097,-0.0876089,-0.0145436,0.996047,-0.10899,0.0738096,0.339472
1.61859e+09,-0.00159743,-0.076171,-0.0153731,0.996975,-0.106399,0.0763488,0.328631
1.61859e+09,0.000210444,-0.0746404,-0.0158494,0.997085,-0.104879,0.0774911,0.321586
1.61859e+09,0.00329216,-0.0788909,-0.0166753,0.996738,-0.105957,0.078876,0.317229
1.61859e+09,0.00453037,-0.0779124,-0.019213,0.996765,-0.104899,0.0792776,0.324587
1.61859e+09,0.00480302,-0.0729283,-0.0239435,0.997038,-0.101702,0.0815582,0.343925
1.61859e+09,0.00278658,-0.0687272,-0.0292791,0.997202,-0.0927693,0.0826742,0.373405
1.61859e+09,-0.00408764,-0.06313,-0.0340632,0.997415,-0.0860495,0.082053,0.41786
1.61859e+09,-0.0123995,-0.0543564,-0.0388995,0.997687,-0.0772247,0.0805281,0.469844
1.61859e+09,-0.0177925,-0.0462525,-0.0475196,0.99764,-0.070428,0.080268,0.530604
1.61859e+09,-0.0168524,-0.0533306,-0.0584491,0.996722,-0.0634969,0.0793378,0.566106
1.61859e+09,-0.0111315,-0.0584611,-0.0685945,0.995868,-0.0557624,0.0755158,0.614203
1.61859e+09,-0.00315947,-0.0653219,-0.0753279,0.995012,-0.0521224,0.0702608,0.650507
1.61859e+09,-0.000944732,-0.0739598,-0.0792286,0.994109,-0.051826,0.0679305,0.678914
1.61859e+09,-0.00494062,-0.0798671,-0.0811975,0.993481,-0.0551391,0.0674194,0.697467
1.61859e+09,-0.00727592,-0.0785591,-0.0796414,0.993696,-0.0598328,0.0683034,0.701264
1.61859e+09,-0.00584456,-0.0738248,-0.0752211,0.994413,-0.0571197,0.0672782,0.677509
1.61859e+09,0.00080336,-0.0587147,-0.0685449,0.995918,-0.0586247,0.0672166,0.65007
1.61859e+09,0.00387097,-0.044073,-0.0600878,0.997212,-0.0601004,0.0658703,0.600071
1.61859e+09,0.00485687,-0.0306884,-0.0497501,0.998278,-0.0631304,0.0656731,0.56176
1.61859e+09,2.03927e-05,-0.0263925,-0.0400024,0.998851,-0.0703288,0.0674004,0.499521
1.61859e+09,-0.00551874,-0.0295912,-0.0310698,0.999064,-0.0768851,0.0685803,0.443624
1.61859e+09,-0.0084341,-0.0301806,-0.0247655,0.999202,-0.0809774,0.0702942,0.384681
1.61859e+09,-0.0111642,-0.0427218,-0.0183964,0.998855,-0.0856667,0.07017,0.340007
1.61859e+09,-0.0117996,-0.0615355,-0.011896,0.997964,-0.0925268,0.0703267,0.301504
1.61859e+09,-0.0133666,-0.0685882,-0.0069437,0.997531,-0.0962439,0.0701898,0.265964
1.61859e+09,-0.0166815,-0.067594,-0.0030729,0.997569,-0.0941432,0.0720923,0.231635
1.61859e+09,-0.0197359,-0.0744482,-0.00136002,0.997029,-0.0957084,0.07465,0.199912
1.61859e+09,-0.0188441,-0.0745087,-0.00143024,0.997041,-0.0971718,0.0787233,0.17182
1.61859e+09,-0.012184,-0.0741569,-0.0041001,0.997164,-0.0983498,0.084272,0.15084
1.61859e+09,-0.00256095,-0.0698549,-0.00981357,0.997506,-0.0948243,0.0868287,0.149511
1.61859e+09,0.00130913,-0.0580997,-0.0167476,0.998169,-0.091034,0.0883921,0.1466
1.61859e+09,-7.00418e-05,-0.0452292,-0.0240609,0.998687,-0.0877845,0.0916561,0.15492
1.61859e+09,-0.00180954,-0.0329063,-0.0299501,0.999008,-0.0814293,0.0905784,0.177261
1.61859e+09,-0.00265912,-0.0312892,-0.0322272,0.998987,-0.0770828,0.0899058,0.206976
1.61859e+09,-0.00965944,-0.0352132,-0.0298499,0.998887,-0.0773193,0.0867439,0.236435
1.61859e+09,-0.0145229,-0.0455303,-0.0277021,0.998473,-0.0741181,0.0832087,0.288999
1.61859e+09,-0.0124691,-0.0471591,-0.0284933,0.998403,-0.0711946,0.0804072,0.354283
1.61859e+09,-0.00992838,-0.0598396,-0.0316504,0.997657,-0.0685825,0.0784124,0.414063
1.61859e+09,-0.00995124,-0.0713429,-0.0378709,0.996683,-0.0675484,0.0777493,0.471598
1.61859e+09,-0.0134972,-0.0694777,-0.0463113,0.996417,-0.0627238,0.0745217,0.520465
1.61859e+09,-0.0194239,-0.0608566,-0.0569491,0.996331,-0.0542265,0.0696827,0.559305
1.61859e+09,-0.0202656,-0.0560125,-0.0671876,0.995961,-0.0451288,0.0649775,0.600748
1.61859e+09,-0.0111408,-0.0615137,-0.0748068,0.995237,-0.0399548,0.0604774,0.637695
1.61859e+09,-0.00108959,-0.0762978,-0.0798684,0.993881,-0.0396814,0.0585569,0.656957
1.61859e+09,0.00234165,-0.0907354,-0.080757,0.992593,-0.0437451,0.0592125,0.665457
1.61859e+09,0.00276126,-0.0899159,-0.0777741,0.992904,-0.0463384,0.0623185,0.64114
1.61859e+09,0.00220899,-0.0771327,-0.0735787,0.9943,-0.045256,0.0642751,0.61263
1.61859e+09,0.00308165,-0.0626568,-0.0693824,0.995616,-0.045608,0.0683138,0.562796
1.61859e+09,0.00637673,-0.0535884,-0.0611749,0.996667,-0.0484396,0.0713911,0.527685
1.61859e+09,0.00620909,-0.0463411,-0.0502312,0.997643,-0.0569843,0.0763657,0.469164
1.61859e+09,0.00426364,-0.0396146,-0.0408825,0.998369,-0.0624171,0.0800309,0.42713
1.61859e+09,0.00126336,-0.0354772,-0.033618,0.998804,-0.0693287,0.0816486,0.37452
1.61859e+09,-0.00120675,-0.0353931,-0.0281614,0.998976,-0.076085,0.0841511,0.337654
1.61859e+09,-0.00106094,-0.0419953,-0.0247419,0.998811,-0.0832325,0.0852297,0.29911
1.61859e+09,-0.00056225,-0.0373732,-0.0227409,0.999042,-0.089839,0.0868976,0.270766
1.61859e+09,-0.0033178,-0.0405445,-0.0209252,0.998953,-0.095616,0.0882154,0.231533
1.61859e+09,-0.00632148,-0.051663,-0.0213645,0.998416,-0.101005,0.0914709,0.205115
1.61859e+09,-0.0102773,-0.0539129,-0.0214231,0.998263,-0.105868,0.0932357,0.177554
1.61859e+09,-0.0119579,-0.0486965,-0.0187537,0.998566,-0.10954,0.0956555,0.158024
1.61859e+09,-0.0096888,-0.0506864,-0.0155562,0.998546,-0.114517,0.097393,0.139325
1.61859e+09,-0.00520488,-0.041084,-0.0140557,0.999043,-0.115304,0.0998829,0.130539
1.61859e+09,-0.00384016,-0.0289923,-0.0127908,0.99949,-0.115474,0.100921,0.120882
1.61859e+09,-0.00620016,-0.0253985,-0.0122404,0.999583,-0.11564,0.101433,0.119554
1.61859e+09,-0.00815829,-0.0205715,-0.0124094,0.999678,-0.113755,0.102007,0.140985
1.61859e+09,-0.0107509,-0.0173011,-0.0135455,0.999701,-0.111022,0.102192,0.162979
1.61859e+09,-0.0145578,-0.0153539,-0.0143855,0.999673,-0.10217,0.101217,0.208973
1.61859e+09,-0.0157833,-0.0297916,-0.0148281,0.999321,-0.0979377,0.101069,0.261337
1.61859e+09,-0.0138871,-0.0428274,-0.0162953,0.998853,-0.0949504,0.100128,0.331046
1.61859e+09,-0.0126416,-0.0448678,-0.0188582,0.998735,-0.0907971,0.10008,0.388632
1.61859e+09,-0.0181356,-0.0491804,-0.0222062,0.998378,-0.0848777,0.0990642,0.460388
1.61859e+09,-0.0260969,-0.0528177,-0.0256126,0.997934,-0.083182,0.0977526,0.50709
1.61859e+09,-0.0330694,-0.0590666,-0.0302304,0.997248,-0.077663,0.094782,0.561048
1.61859e+09,-0.0313234,-0.0686393,-0.0342037,0.996563,-0.0760599,0.0919238,0.594514
1.61859e+09,-0.0287536,-0.0839396,-0.0373158,0.995357,-0.0761549,0.0871072,0.635403
1.61859e+09,-0.0255647,-0.102363,-0.039008,0.993653,-0.0812379,0.0845577,0.660111
1.61859e+09,-0.0232335,-0.116077,-0.0376497,0.992254,-0.0887318,0.0836958,0.669383
1.61859e+09,-0.0214622,-0.120878,-0.0329743,0.991887,-0.0916888,0.0810265,0.653806
1.61859e+09,-0.015282,-0.103997,-0.0277217,0.994074,-0.0931015,0.0782463,0.619819
1.61859e+09,-0.00786544,-0.0824391,-0.0237942,0.996281,-0.0886951,0.0760978,0.580464
1.61859e+09,-0.000777499,-0.0622187,-0.0201022,0.99786,-0.0847255,0.0740137,0.531624
1.61859e+09,0.00187783,-0.0591681,-0.0155938,0.998124,-0.0849067,0.0721377,0.485405
1.61859e+09,0.00212385,-0.0509619,-0.011507,0.998632,-0.0863654,0.0710078,0.432009
1.61859e+09,0.00260566,-0.0480807,-0.00787417,0.998809,-0.0888764,0.0694744,0.398832
1.61859e+09,0.00738148,-0.0484396,-0.00638448,0.998778,-0.090127,0.0671565,0.378157
1.61859e+09,0.014212,-0.048833,-0.00637422,0.998685,-0.0907927,0.0639181,0.372514
1.61859e+09,0.0149129,-0.0493455,-0.00663989,0.998648,-0.0930226,0.0622505,0.368863
1.61859e+09,0.0128489,-0.04844,-0.00779417,0.998713,-0.0923882,0.0641669,0.365616
1.61859e+09,0.011084,-0.0502009,-0.00936866,0.998634,-0.0925388,0.0721458,0.362989
1.61859e+09,0.00883578,-0.0561893,-0.0110026,0.99832,-0.0928093,0.0868582,0.366286
1.61859e+09,0.0051914,-0.0602081,-0.0119193,0.998101,-0.0885315,0.109679,0.366462
1.61859e+09,0.0010191,-0.0593237,-0.0119379,0.998167,-0.0855735,0.141517,0.3653
1.61859e+09,-0.00249438,-0.0546392,-0.0128689,0.99842,-0.0775177,0.179944,0.362166
1.61859e+09,-0.00299784,-0.0540376,-0.0130722,0.998449,-0.0697335,0.223772,0.357
1.61859e+09,-0.002032,-0.0566377,-0.0115179,0.998326,-0.061847,0.269594,0.354923
1.61859e+09,-0.000989714,-0.060261,-0.010185,0.99813,-0.0566879,0.315631,0.351807
1.61859e+09,-0.000628683,-0.0624343,-0.0100749,0.997998,-0.0499212,0.363348,0.34892
1.61859e+09,-0.000285465,-0.064514,-0.00886712,0.997877,-0.0426052,0.409115,0.339788
1.61859e+09,-0.00304544,-0.0646324,-0.00499617,0.997892,-0.0362999,0.451504,0.326365
1.61859e+09,-0.00755517,-0.0591096,-0.00077367,0.998223,-0.0317868,0.490212,0.320411
1.61859e+09,-0.00855499,-0.0584272,0.00357732,0.998249,-0.0283558,0.522301,0.311177
1.61859e+09,-0.00666177,-0.0575253,0.00864835,0.998284,-0.0287285,0.544458,0.303865
1.61859e+09,-0.00455542,-0.0562783,0.0140225,0.998306,-0.0292103,0.556176,0.298922
1.61859e+09,-0.00377088,-0.0561907,0.0177201,0.998256,-0.031237,0.556752,0.293628
1.61859e+09,-0.00399443,-0.0604261,0.0189086,0.997986,-0.0342353,0.549113,0.290727
1.61859e+09,-0.00351469,-0.0589581,0.0194825,0.998064,-0.0360517,0.537713,0.291517
1.61859e+09,-0.00213446,-0.0553488,0.0203388,0.998258,-0.0361169,0.522846,0.293121
1.61859e+09,0.00155732,-0.0540814,0.0206447,0.998322,-0.0403111,0.501481,0.296884
1.61859e+09,0.00173314,-0.0499733,0.0193038,0.998562,-0.0428349,0.470055,0.29911
1.61859e+09,-0.00336022,-0.0442536,0.0162267,0.998883,-0.045505,0.427873,0.289867
1.61859e+09,-0.00625833,-0.0457158,0.0130809,0.998849,-0.0507238,0.379238,0.293731
1.61859e+09,-0.00551483,-0.0501112,0.0100485,0.998678,-0.0569871,0.323743,0.293802
1.61859e+09,-0.00520681,-0.0573257,0.00565541,0.998326,-0.0628112,0.263651,0.297972
1.61859e+09,-0.00737305,-0.0591038,-0.000316908,0.998225,-0.0681562,0.203134,0.300499
1.61859e+09,-0.0139213,-0.052374,-0.00801971,0.998498,-0.0696514,0.145881,0.304862
1.61859e+09,-0.021006,-0.0545743,-0.0147575,0.99818,-0.072099,0.0919045,0.311877
1.61859e+09,-0.0244468,-0.0586358,-0.0199947,0.99778,-0.0753923,0.041679,0.316299
1.61859e+09,-0.0264301,-0.0649751,-0.0251301,0.99722,-0.0766502,-0.00461993,0.319869
1.61859e+09,-0.024654,-0.0766519,-0.0279344,0.996362,-0.0807418,-0.0471708,0.323324
1.61859e+09,-0.031789,-0.07402,-0.0294168,0.996316,-0.0887569,-0.0374141,0.308203
1.61859e+09,-0.0286274,-0.0808962,-0.033868,0.995736,-0.0832739,-0.117541,0.326985
1.61859e+09,-0.0370802,-0.0672645,-0.0379007,0.996325,-0.0842797,-0.142735,0.326684
1.61859e+09,-0.0410758,-0.0606106,-0.0426406,0.996404,-0.0865576,-0.161385,0.324286
1.61859e+09,-0.0373968,-0.0657155,-0.0445066,0.996144,-0.0916525,-0.170428,0.324897
1.61859e+09,-0.0316398,-0.0718401,-0.0453471,0.995882,-0.0957156,-0.171089,0.322485
1.61859e+09,-0.0293213,-0.0723747,-0.0462687,0.995872,-0.0942983,-0.164088,0.318506
1.61859e+09,-0.0285369,-0.0663891,-0.0466969,0.996292,-0.0916895,-0.14774,0.319383
1.61859e+09,-0.0257574,-0.0657499,-0.0455688,0.996462,-0.0909737,-0.121379,0.320462
1.61859e+09,-0.0212867,-0.0666469,-0.0419792,0.996666,-0.08684,-0.0881635,0.323998
1.61859e+09,-0.0184259,-0.070879,-0.0410767,0.996468,-0.0826242,-0.0459583,0.332373
1.61859e+09,-0.0161142,-0.0731324,-0.0421304,0.996302,-0.0767708,0.00461841,0.336002
1.61859e+09,-0.013974,-0.067361,-0.0435784,0.996679,-0.0708043,0.0625742,0.344551
1.61859e+09,-0.0105336,-0.051207,-0.0477981,0.997488,-0.0601278,0.125448,0.343095
1.61859e+09,-0.00926912,-0.0376358,-0.0513404,0.997929,-0.0498365,0.18924,0.335134
1.61859e+09,-0.00814109,-0.02804,-0.052548,0.998191,-0.0422234,0.249941,0.3369
1.61859e+09,-0.00546643,-0.0176954,-0.0525551,0.998446,-0.0324307,0.305528,0.331443
1.61859e+09,-0.00359188,-0.0172393,-0.0517064,0.998507,-0.0257822,0.357776,0.322365
1.61859e+09,-0.00267183,-0.0308862,-0.0484588,0.998344,-0.0250901,0.404856,0.303353
1.61859e+09,-0.00549175,-0.0599952,-0.0454424,0.997149,-0.0259617,0.449854,0.298152
1.61859e+09,-0.0117928,-0.0824951,-0.0416065,0.995653,-0.027226,0.488969,0.295589
1.61859e+09,-0.0116414,-0.091644,-0.0344524,0.995128,-0.0266978,0.521148,0.285469
1.61859e+09,-0.00666352,-0.0820293,-0.0295287,0.99617,-0.023678,0.54758,0.287304
1.61859e+09,-0.00377985,-0.0671904,-0.0293602,0.997301,-0.0186727,0.568807,0.277168
1.61859e+09,-0.00106167,-0.0528956,-0.0288559,0.998182,-0.01436,0.584158,0.282749
1.61859e+09,0.000700624,-0.04534,-0.0245832,0.998669,-0.0173842,0.582321,0.277359
1.61859e+09,0.00289186,-0.0372738,-0.0191373,0.999118,-0.0266226,0.56472,0.27208
1.61859e+09,0.00802894,-0.0448142,-0.0153245,0.998846,-0.0332437,0.529829,0.279099
1.61859e+09,0.0121656,-0.0516541,-0.0162942,0.998458,-0.0412829,0.478687,0.277919
1.61859e+09,0.0182141,-0.054671,-0.0208135,0.998121,-0.046828,0.417214,0.289957
1.61859e+09,0.0227674,-0.0595047,-0.0280088,0.997575,-0.0514629,0.349594,0.306499
1.61859e+09,0.0242695,-0.066225,-0.0345389,0.996911,-0.0631457,0.276698,0.316549
1.61859e+09,0.0178761,-0.067633,-0.0407565,0.996717,-0.0532641,0.24849,0.31861
1.61859e+09,0.0120148,-0.0695855,-0.042919,0.99658,-0.077551,0.189642,0.319891
1.61859e+09,0.010708,-0.0742105,-0.0456354,0.99614,-0.091842,0.0639126,0.322528
1.61859e+09,0.00681463,-0.0681107,-0.0406764,0.996825,-0.0998028,0.00546852,0.322001
1.61859e+09,0.00230128,-0.0568028,-0.0337164,0.997813,-0.10297,-0.0423699,0.321698
1.61859e+09,-0.00306448,-0.0408513,-0.0264741,0.99881,-0.104239,-0.084496,0.320364
1.61859e+09,-0.00722513,-0.0403753,-0.0216743,0.998923,-0.107401,-0.116479,0.319682
1.61859e+09,-0.00567791,-0.04167,-0.0182702,0.998948,-0.115073,-0.138441,0.329303
1.61859e+09,-0.00206068,-0.0485902,-0.0168078,0.998675,-0.123761,-0.151711,0.327084
1.61859e+09,0.0010095,-0.0524499,-0.0180411,0.99846,-0.129683,-0.15621,0.331446
1.61859e+09,-0.00116744,-0.0494435,-0.0207379,0.998561,-0.128882,-0.153009,0.327744
1.61859e+09,-0.00439977,-0.0460486,-0.0227382,0.998671,-0.120993,-0.137911,0.324359
1.61859e+09,-0.00516823,-0.0434893,-0.0240059,0.998752,-0.112367,-0.111104,0.329022
1.61859e+09,-0.00436076,-0.0441798,-0.024493,0.998714,-0.102189,-0.0738902,0.328186
1.61859e+09,-0.00121777,-0.0424199,-0.0246431,0.998795,-0.0925754,-0.0280225,0.336828
1.61859e+09,0.00160595,-0.0438326,-0.0257422,0.998706,-0.084432,0.0244439,0.341329
1.61859e+09,0.00345442,-0.0412807,-0.0298009,0.998697,-0.0738359,0.0845886,0.339473
1.61859e+09,0.00254512,-0.0341124,-0.0338381,0.998842,-0.064237,0.150237,0.328701
1.61859e+09,0.000585543,-0.0293823,-0.0334064,0.99901,-0.0573413,0.215017,0.32335
1.61859e+09,-0.00328969,-0.0211688,-0.031417,0.999277,-0.0523267,0.273359,0.314823
1.61859e+09,-0.00728902,-0.00944673,-0.028866,0.999512,-0.0473132,0.330237,0.306315
1.61859e+09,-0.0152112,-0.0053594,-0.0276245,0.999488,-0.0416588,0.384088,0.301458
1.61859e+09,-0.0236912,-0.0141506,-0.0234512,0.999344,-0.0392244,0.434646,0.288986
1.61859e+09,-0.0290865,-0.0284115,-0.0173826,0.999022,-0.0391928,0.481093,0.280498
1.61859e+09,-0.0322838,-0.0431409,-0.0136467,0.998454,-0.0383032,0.525831,0.271511
1.61859e+09,-0.032786,-0.0577612,-0.00919902,0.99775,-0.0409082,0.564,0.267038
1.61859e+09,-0.0327034,-0.062441,-0.00450127,0.997503,-0.0440597,0.59043,0.262269
1.61859e+09,-0.0310989,-0.053614,-0.00154751,0.998076,-0.0464067,0.608251,0.268246
1.61859e+09,-0.0292241,-0.0437754,0.000487108,0.998614,-0.0432547,0.611983,0.258733
1.61859e+09,-0.0253132,-0.0353868,0.00123122,0.999052,-0.0453505,0.604548,0.257987
1.61859e+09,-0.021443,-0.0351432,0.00129959,0.999151,-0.0477418,0.581331,0.2599
1.61859e+09,-0.0155662,-0.0399546,0.000504687,0.99908,-0.0547225,0.543052,0.260171
1.61859e+09,-0.00627515,-0.0505182,-0.00154984,0.998702,-0.0613785,0.494953,0.2701
1.61859e+09,0.00143358,-0.0584911,-0.00415833,0.998278,-0.0681633,0.439029,0.275057
1.61859e+09,-0.00169146,-0.0490407,-0.00560378,0.99878,-0.0632156,0.420186,0.272083
1.61859e+09,0.00587082,-0.0507794,-0.00628375,0.998673,-0.0775472,0.31382,0.309777
1.61859e+09,0.00051843,-0.0418157,-0.00863205,0.999088,-0.0812704,0.252035,0.309522
1.61859e+09,0.000215167,-0.0330297,-0.0099869,0.999404,-0.0854475,0.194269,0.316965
1.61859e+09,0.00336704,-0.0315079,-0.0102032,0.999446,-0.0910347,0.140238,0.325379
1.61859e+09,0.00370573,-0.0362113,-0.0121105,0.999264,-0.0905722,0.12867,0.326128
1.61859e+09,0.00718352,-0.0489485,-0.0135785,0.998683,-0.10836,0.0492681,0.3261
1.61859e+09,0.00370899,-0.0421711,-0.0177417,0.998946,-0.109539,0.0222932,0.325332
1.61859e+09,0.00110294,-0.0404887,-0.0222394,0.998932,-0.111197,0.0109944,0.319844
1.61859e+09,0.000331463,-0.0448586,-0.0245869,0.998691,-0.111091,0.00894664,0.319116
1.61859e+09,0.000816677,-0.0453559,-0.0237687,0.998688,-0.110847,0.0118236,0.320257
1.61859e+09,-0.000897678,-0.0456945,-0.0214759,0.998724,-0.108194,0.0176089,0.318969
1.61859e+09,-0.00105135,-0.0433135,-0.0188084,0.998884,-0.107131,0.0236499,0.31779
1.61859e+09,0.000844618,-0.0391287,-0.0171857,0.999086,-0.0993236,0.0269985,0.314936
1.61859e+09,0.00301277,-0.0353273,-0.0168748,0.999229,-0.0975933,0.0302442,0.309167
1.61859e+09,0.00407989,-0.0326678,-0.0162146,0.999326,-0.0956811,0.0332326,0.303962
1.61859e+09,0.00553242,-0.0327332,-0.0156023,0.999327,-0.0942317,0.0350217,0.301021
1.61859e+09,0.0068713,-0.0341652,-0.0157342,0.999269,-0.093424,0.0368186,0.301852
1.61859e+09,0.00679697,-0.0363263,-0.0163806,0.999183,-0.0925874,0.0391935,0.302246
1.61859e+09,0.00618723,-0.0366558,-0.0168182,0.999167,-0.0925836,0.0418883,0.303162
1.61859e+09,0.00511023,-0.0370949,-0.0168071,0.999157,-0.0929739,0.0442406,0.303717
1.61859e+09,0.00568613,-0.0384743,-0.0168442,0.999101,-0.0937237,0.0468563,0.303448
1.61859e+09,0.00670118,-0.0408673,-0.0165248,0.999005,-0.0947888,0.0490239,0.306909
1.61859e+09,0.00762595,-0.0446278,-0.0157645,0.99885,-0.0987968,0.0533596,0.308039
1.61859e+09,0.00786663,-0.0473627,-0.0165352,0.99871,-0.0985238,0.0564732,0.307541
1.61859e+09,0.00745442,-0.0469245,-0.0180404,0.998708,-0.0972729,0.0617604,0.306649
1.61859e+09,0.0077545,-0.045172,-0.019169,0.998765,-0.0931921,0.067844,0.310891
1.61859e+09,0.00881961,-0.0476908,-0.0165614,0.998686,-0.0853168,0.0754211,0.310121
1.61859e+09,0.0112771,-0.0507159,-0.0114023,0.998584,-0.0714048,0.0837494,0.311198
1.61859e+09,0.00987821,-0.0532503,-0.00756086,0.998504,-0.047552,0.0897604,0.31261
1.61859e+09,0.00445922,-0.0541216,-0.00593486,0.998507,-0.0137795,0.0934086,0.318385
1.61859e+09,-0.00242346,-0.0533958,-0.00578299,0.998554,0.032355,0.0956202,0.313476
1.61859e+09,-0.00687559,-0.0566211,-0.00825846,0.998338,0.0821415,0.096678,0.307991
1.61859e+09,-0.0047258,-0.0589327,-0.0116503,0.998183,0.13005,0.0963267,0.30148
1.61859e+09,-0.000510655,-0.0592386,-0.0107635,0.998186,0.177379,0.0906658,0.294314
1.61859e+09,-0.002641,-0.0596962,-0.0106559,0.998156,0.22326,0.0884152,0.286291
1.61859e+09,-0.00625909,-0.0453772,-0.0080434,0.998918,0.261233,0.087729,0.2702
1.61859e+09,-0.0096432,-0.0404341,-0.00269134,0.999132,0.289845,0.0880043,0.26298
1.61859e+09,-0.00811536,-0.0370522,0.00100512,0.99928,0.306479,0.0886832,0.261421
1.61859e+09,-0.00478101,-0.037058,0.00241343,0.999299,0.310313,0.089204,0.25965
1.61859e+09,-0.00314392,-0.0394652,0.00215996,0.999214,0.305465,0.0890777,0.256432
1.61859e+09,3.5634e-05,-0.0439222,-0.0010202,0.999034,0.288579,0.0904755,0.26254
1.61859e+09,0.00429476,-0.0520005,-0.00297,0.998633,0.252933,0.0940881,0.275716
1.61859e+09,0.00542903,-0.0586847,-0.000402366,0.998262,0.202218,0.097732,0.283208
1.61859e+09,0.00459034,-0.0655341,0.00330836,0.997834,0.139848,0.102565,0.308781
1.61859e+09,0.000511495,-0.0702499,0.00549359,0.997514,0.0725476,0.107408,0.318747
1.61859e+09,-0.00377385,-0.0562787,0.00618298,0.998389,0.0101804,0.112919,0.329713
1.61859e+09,-0.00782332,-0.0411885,0.00244381,0.999118,-0.0449648,0.117282,0.330155
1.61859e+09,-0.00775247,-0.0342344,-0.002523,0.999381,-0.0956521,0.119775,0.335726
1.61859e+09,-0.00872124,-0.0376327,-0.00691749,0.99923,-0.143236,0.121966,0.334037
1.61859e+09,-0.00857743,-0.0406076,-0.0100791,0.999088,-0.185389,0.124995,0.333478
1.61859e+09,-0.00891318,-0.0443752,-0.013544,0.998883,-0.222171,0.128429,0.328824
1.61859e+09,-0.00484635,-0.0500509,-0.0193047,0.998548,-0.250201,0.1353,0.320334
1.61859e+09,-0.00338213,-0.043313,-0.0247878,0.998748,-0.264382,0.13979,0.305813
1.61859e+09,-0.00382606,-0.0313428,-0.0295865,0.999063,-0.272725,0.144999,0.312196
1.61859e+09,-0.0042338,-0.0232598,-0.0303315,0.99926,-0.271532,0.142993,0.302295
1.61859e+09,-0.00201371,-0.0209082,-0.0264394,0.99943,-0.266175,0.134969,0.29698
1.61859e+09,0.00153714,-0.0232145,-0.0194316,0.99954,-0.256678,0.128848,0.299322
1.61859e+09,0.00120363,-0.0274733,-0.00915404,0.99958,-0.240087,0.128177,0.298577
1.61859e+09,0.000424007,-0.0254432,0.000746266,0.999676,-0.211995,0.133141,0.302897
1.61859e+09,0.00218626,-0.0269258,0.00864874,0.999598,-0.17664,0.13808,0.307792
1.61859e+09,0.00531666,-0.030604,0.0156223,0.999395,-0.133231,0.140318,0.305704
1.61859e+09,0.0052056,-0.0310972,0.0206845,0.999289,-0.0806631,0.14341,0.30296
1.61859e+09,0.00111348,-0.0324277,0.0221044,0.999229,-0.0252378,0.148233,0.29907
1.61859e+09,-0.0036368,-0.0371633,0.022846,0.999041,0.0335578,0.148827,0.301798
1.61859e+09,0.000506723,-0.0479847,0.0251479,0.998531,0.0922762,0.146952,0.29496
1.61859e+09,0.00579322,-0.0556145,0.0257944,0.998102,0.14717,0.142004,0.285352
1.61859e+09,0.00609447,-0.056817,0.0259718,0.998028,0.199303,0.136496,0.278403
1.61859e+09,0.00099341,-0.0581142,0.0257745,0.997977,0.242111,0.131655,0.269636
1.61859e+09,-0.00675706,-0.0491232,0.0233132,0.998498,0.278589,0.129163,0.257494
1.61859e+09,-0.0114292,-0.0374363,0.0194296,0.999045,0.309362,0.12825,0.250474
1.61859e+09,-0.00935169,-0.0325733,0.0161552,0.999295,0.326881,0.130437,0.250165
1.61859e+09,-0.0046877,-0.0356245,0.0127395,0.999273,0.331369,0.132757,0.250109
1.61859e+09,0.00187962,-0.0350567,0.0102857,0.999331,0.320702,0.134125,0.241235
1.61859e+09,0.0100361,-0.0422746,0.00762674,0.999027,0.293378,0.136209,0.263531
1.61859e+09,0.0147138,-0.0530755,0.00676518,0.998459,0.250404,0.135196,0.262362
1.61859e+09,0.0173404,-0.0568214,0.00705858,0.998209,0.19603,0.135641,0.273955
1.61859e+09,0.014239,-0.0572399,0.00937268,0.998215,0.135163,0.136588,0.288638
1.61859e+09,0.00578671,-0.046663,0.0130075,0.998809,0.0682027,0.138196,0.297213
1.61859e+09,-0.00246019,-0.0275459,0.0144987,0.999512,0.00720332,0.139418,0.297343
1.61859e+09,-0.00429424,-0.00801176,0.0168641,0.999816,-0.050849,0.140101,0.297699
1.61859e+09,-0.00315645,0.000379345,0.0155754,0.999874,-0.104042,0.139842,0.306732
1.61859e+09,-0.000203572,0.00377172,0.0112204,0.99993,-0.153182,0.136148,0.312135
1.61859e+09,0.000586055,0.000588635,0.00561825,0.999984,-0.198772,0.128357,0.309389
1.61859e+09,-0.0019568,-0.00999764,0.00104481,0.999948,-0.236695,0.12052,0.304225
1.61859e+09,-0.0046252,-0.0134448,-0.00192399,0.999897,-0.26441,0.115396,0.305981
1.61859e+09,-0.00449765,-0.0161303,-0.0033238,0.999854,-0.284302,0.111348,0.30811
1.61859e+09,-0.00321129,-0.0191322,-0.00419541,0.999803,-0.29779,0.109728,0.302153
1.61859e+09,-0.0012242,-0.0193811,-0.00476096,0.9998,-0.297011,0.110618,0.306309
1.61859e+09,-0.000171531,-0.0208396,-0.00440543,0.999773,-0.28859,0.113988,0.303542
1.61859e+09,0.000869298,-0.0209611,-0.00352155,0.999774,-0.264651,0.120306,0.304149
1.61859e+09,0.00246702,-0.0226754,-0.00167471,0.999738,-0.230719,0.128466,0.302193
1.61859e+09,0.00167331,-0.0275109,0.000439965,0.99962,-0.19232,0.135167,0.294287
1.61859e+09,-0.00166651,-0.0333389,0.00301248,0.999438,-0.136412,0.144071,0.287312
1.61859e+09,-0.00987935,-0.0449107,0.005157,0.998929,-0.0736737,0.151851,0.283504
1.61859e+09,-0.0136201,-0.0553812,0.0043697,0.998363,-0.00336263,0.158978,0.280686
1.61859e+09,-0.012051,-0.0660925,0.00123914,0.99774,0.0693199,0.162885,0.281783
1.61859e+09,-0.00830833,-0.0728555,-0.00271063,0.997304,0.142083,0.161118,0.279422
1.61859e+09,-0.00966845,-0.0803974,-0.00631221,0.996696,0.213457,0.154891,0.270177
1.61859e+09,-0.0191922,-0.0750448,-0.00523935,0.996982,0.277222,0.14776,0.262217
1.61859e+09,-0.0322572,-0.0714174,-0.0020064,0.996923,0.330923,0.142898,0.252461
1.61859e+09,-0.0349727,-0.0702171,0.000435015,0.996918,0.372873,0.142722,0.24258
1.61859e+09,-0.0261884,-0.0671203,0.000802418,0.997401,0.401196,0.145419,0.239292
1.61859e+09,-0.0181913,-0.0622845,-0.000431675,0.997893,0.419356,0.146444,0.232153
1.61859e+09,-0.0136188,-0.0541973,-0.00145228,0.998436,0.430961,0.146031,0.233142
1.61859e+09,-0.00930672,-0.050503,-0.00107092,0.99868,0.431037,0.145588,0.229956
1.61859e+09,-0.00319948,-0.0505126,-3.80839e-05,0.998718,0.419849,0.146875,0.23167
1.61859e+09,0.00515415,-0.0562102,0.00290744,0.998401,0.390979,0.151163,0.239611
1.61859e+09,0.0123019,-0.064803,0.00743709,0.997795,0.348211,0.155508,0.245512
1.61859e+09,0.0149641,-0.0686213,0.0144042,0.997427,0.291354,0.1627,0.270359
1.61859e+09,0.0125702,-0.067263,0.0219379,0.997415,0.222481,0.167238,0.273155
1.61859e+09,0.011429,-0.0566205,0.0280423,0.997936,0.147576,0.170255,0.294904
1.61859e+09,0.0105394,-0.0435378,0.028531,0.998589,0.0689477,0.171839,0.310118
1.61859e+09,0.00951387,-0.0361142,0.0241917,0.99901,-0.00742432,0.16921,0.30707
1.61859e+09,0.00865563,-0.0275749,0.0183914,0.999413,-0.069951,0.166073,0.320674
1.61859e+09,0.00638,-0.0230851,0.013562,0.999621,-0.122428,0.158647,0.329706
1.61859e+09,0.00641846,-0.0313564,0.0096166,0.999441,-0.167673,0.150391,0.338299
1.61859e+09,0.00868703,-0.0439413,0.00747574,0.998968,-0.206319,0.14379,0.345268
1.61859e+09,0.00821529,-0.0496336,0.0028413,0.99873,-0.230761,0.136449,0.346878
1.61859e+09,0.00717334,-0.0478839,-0.00600469,0.998809,-0.237477,0.126139,0.356961
1.61859e+09,0.00115753,-0.0508584,-0.0159699,0.998578,-0.234636,0.114106,0.373513
1.61859e+09,-0.0045596,-0.067554,-0.0223575,0.997455,-0.230974,0.0996373,0.405533
1.61859e+09,-0.0123869,-0.0878965,-0.0287243,0.995638,-0.221005,0.0785121,0.431623
1.61859e+09,-0.0222952,-0.0977466,-0.0350662,0.994343,-0.212201,0.0567744,0.456814
1.61859e+09,-0.0349073,-0.107021,-0.0417593,0.992766,-0.199089,0.0340516,0.479731
1.61859e+09,-0.0457434,-0.117103,-0.0493919,0.990835,-0.188293,0.0154408,0.49394
1.61859e+09,-0.0424639,-0.122824,-0.0546225,0.990014,-0.180965,0.000993382,0.495691
1.61859e+09,-0.0330649,-0.115637,-0.0564415,0.991135,-0.165075,-0.0113135,0.467351
1.61859e+09,-0.0292708,-0.085832,-0.0569037,0.994252,-0.140398,-0.0244505,0.418866
1.61859e+09,-0.0300627,-0.058185,-0.057032,0.996222,-0.113026,-0.034398,0.363409
1.61859e+09,-0.0246257,-0.0435698,-0.0560559,0.997172,-0.0892259,-0.0393703,0.310176
1.61859e+09,-0.020585,-0.0296311,-0.0541315,0.997882,-0.0676852,-0.0414355,0.254328
1.61859e+09,-0.019142,-0.0154024,-0.046972,0.998594,-0.0538897,-0.0384064,0.209327
1.61859e+09,-0.0143635,-0.00858196,-0.0366059,0.99919,-0.0409622,-0.0327457,0.158894
1.61859e+09,-0.00262096,-0.00803507,-0.029174,0.999539,-0.0301411,-0.0236301,0.121025
1.61859e+09,0.00190194,0.000134435,-0.0229896,0.999734,-0.0146225,-0.0121989,0.097378
1.61859e+09,0.0014422,0.0101829,-0.0119228,0.999876,-0.00636466,0.00118196,0.0704293
1.61859e+09,0.00668372,0.0158653,0.000134501,0.999852,-0.00326326,0.0111188,0.0496593
1.61859e+09,0.0120974,0.0184859,0.00266785,0.999752,0.00490236,0.0165509,0.0277511
1.61859e+09,0.0132579,0.0284561,0.0017394,0.999506,0.0128381,0.0199868,0.0112009
1.61859e+09,0.0161345,0.0177211,0.00359061,0.999706,0.0141421,0.0210652,0.00327341
1.61859e+09,0.0196154,0.00435296,0.0034338,0.999792,0.0118744,0.0166082,-0.00305787
1.61859e+09,0.0224576,0.00530277,0.000125922,0.999734,0.0142631,0.018436,-0.00540996
1.61859e+09,0.012082,0.0147744,-0.000177353,0.999818,0.0192924,0.0189414,-0.0204608
1.61859e+09,-0.000905316,0.0420412,0.0009108,0.999115,0.0222926,0.0132025,-0.0327725
1.61859e+09,-0.00470043,0.0400308,0.00309364,0.999183,0.0188565,0.00188514,-0.0337068
1.61859e+09,0.0032976,0.0304581,0.0062233,0.999511,0.0145647,0.00138282,-0.0360828
1.61859e+09,0.00307922,-0.00289802,0.0113871,0.999926,0.0127197,0.00370833,-0.0289655
1.61859e+09,0.00320528,-0.00241736,0.0163377,0.999858,0.0110909,0.00502269,-0.0297405
1.61859e+09,0.0034263,-0.00249321,0.0163078,0.999858,0.0103017,0.00506536,-0.0291846
1.61859e+09,0.00336475,-0.00240861,0.0158428,0.999866,0.0117785,0.0042803,-0.0307259
1.61859e+09,0.00333757,-0.00234223,0.0160916,0.999862,0.0111211,0.00451059,-0.0305753
1.61859e+09,0.00340965,-0.00230868,0.0160148,0.999863,0.0118237,0.00453922,-0.0312401
1.61859e+09,0.00371004,-0.00226798,0.0159617,0.999863,0.011391,0.0054176,-0.0315891
1.61859e+09,0.00351669,-0.00247066,0.015963,0.999863,0.0117846,0.00464486,-0.0313004
1.61859e+09,0.00358651,-0.00221296,0.0159253,0.999864,0.0109568,0.0048925,-0.0309949
1.61859e+09,0.00384919,-0.00275775,0.016015,0.999861,0.0122582,0.00517495,-0.033427
1.61859e+09,0.00376818,-0.00279159,0.0159759,0.999861,0.0123497,0.00513568,-0.0332215
1.61859e+09,0.00383674,-0.00264105,0.0159871,0.999861,0.0119221,0.0052272,-0.0323818
1.61859e+09,0.00395981,-0.00243906,0.0159657,0.999862,0.0118859,0.00557064,-0.0315805
1.61859e+09,0.0039576,-0.00250793,0.0157579,0.999865,0.0129362,0.0054817,-0.0314264
1.61859e+09,0.0039957,-0.00244928,0.0159113,0.999862,0.0115912,0.00568515,-0.0317616
1.61859e+09,0.00394381,-0.00243654,0.0159455,0.999862,0.0122074,0.00546845,-0.0325709
1.61859e+09,0.00401806,-0.00240362,0.0159284,0.999862,0.0113893,0.00541448,-0.0320296
1.61859e+09,0.004136,-0.00239631,0.0159222,0.999862,0.0122501,0.00546312,-0.0316139
1.61859e+09,0.00442457,-0.00208936,0.0160304,0.99986,0.0107651,0.00582848,-0.029654
1.61859e+09,0.00435247,-0.00212705,0.0159643,0.999861,0.0110826,0.00602526,-0.0287583
1.61859e+09,0.00464729,-0.00201927,0.0159897,0.999859,0.0114637,0.00658424,-0.0287752
1.61859e+09,0.00454819,-0.00206543,0.0159505,0.99986,0.0116153,0.00664131,-0.0290956
1.61859e+09,0.00442691,-0.00212935,0.0159716,0.99986,0.0109308,0.00595182,-0.029515
1.61859e+09,0.00454268,-0.00203876,0.0160241,0.999859,0.0105827,0.00611888,-0.0303533
1.61859e+09,0.00440859,-0.00207297,0.0159938,0.99986,0.0112474,0.00587111,-0.029312
1.61859e+09,0.00461592,-0.00201392,0.0159784,0.99986,0.0107627,0.00639207,-0.029857
1.61859e+09,0.00452438,-0.0019804,0.0159493,0.999861,0.0112917,0.00639916,-0.0291126
1.61859e+09,0.00459739,-0.00198222,0.0159526,0.99986,0.0112059,0.00656993,-0.0293862
1.61859e+09,0.0044797,-0.00211553,0.0158963,0.999861,0.0113891,0.0063724,-0.0302405
1.61859e+09,0.00450227,-0.00198019,0.0160734,0.999859,0.0102805,0.00639043,-0.0298181
1.61859e+09,0.00432613,-0.00218412,0.0159502,0.999861,0.0112739,0.00600542,-0.0308389
1.61859e+09,0.00444337,-0.002133,0.0159551,0.999861,0.011252,0.00605834,-0.0298798
1.61859e+09,0.00445247,-0.00214449,0.0159708,0.99986,0.0112967,0.00609802,-0.0299004
1.61859e+09,0.00448647,-0.00197636,0.016021,0.99986,0.0102969,0.00604498,-0.0303502
1.61859e+09,0.00450342,-0.00202281,0.0159858,0.99986,0.011281,0.0060836,-0.0302595
1.61859e+09,0.00436167,-0.00217797,0.0159627,0.999861,0.011522,0.00608597,-0.0293496
1.61859e+09,0.00449092,-0.00207786,0.0159566,0.99986,0.0115497,0.00653442,-0.0297015
1.61859e+09,0.00469097,-0.00195345,0.0159769,0.999859,0.0109176,0.00645425,-0.0296209
1.61859e+09,0.00459814,-0.0022194,0.0159833,0.999859,0.0103059,0.00656367,-0.0288881
1.61859e+09,0.00455165,-0.00186186,0.0158922,0.999862,0.0107498,0.0066149,-0.029006
1.61859e+09,0.00462037,-0.0021345,0.016007,0.999859,0.0107308,0.00608147,-0.0301754
1.61859e+09,0.00461346,-0.00205004,0.016003,0.999859,0.0106512,0.00615744,-0.0291925
1.61859e+09,0.00461729,-0.00210354,0.0159658,0.99986,0.0107768,0.00604636,-0.0287301
1.61859e+09,0.00437817,-0.00213519,0.0160918,0.999859,0.0104456,0.00561,-0.0286929
1.61859e+09,0.00454544,-0.00209383,0.0160166,0.999859,0.0104619,0.00652149,-0.0287566
1.61859e+09,0.00471255,-0.00212719,0.0159533,0.999859,0.0113049,0.00634019,-0.029068
1.61859e+09,0.00432509,-0.00212502,0.0159567,0.999861,0.0110745,0.00631412,-0.0296942
1.61859e+09,0.00440843,-0.00214659,0.0159662,0.999861,0.0112309,0.00635542,-0.0306626
1.61859e+09,0.00436107,-0.0021607,0.0160231,0.99986,0.0110275,0.00637849,-0.030918
1.61859e+09,0.00428616,-0.0022258,0.015964,0.999861,0.0118621,0.00591148,-0.0308394
1.61859e+09,0.00440839,-0.00229299,0.0158539,0.999862,0.0117062,0.00669914,-0.031174
1.61859e+09,0.00404188,-0.00228363,0.0159403,0.999862,0.0107594,0.00605015,-0.0308635
1.61859e+09,0.00377335,-0.00252831,0.0159616,0.999862,0.0118337,0.0055915,-0.0317824
1.61859e+09,0.0039038,-0.00248539,0.0159817,0.999862,0.0110031,0.00565069,-0.0312092
1.61859e+09,0.00388316,-0.0025156,0.0159683,0.999862,0.0115206,0.00553109,-0.0320527
1.61859e+09,0.00402275,-0.00238374,0.0159862,0.999861,0.0109042,0.0060564,-0.0310674
1.61859e+09,0.00404995,-0.00241036,0.0160036,0.999861,0.0108957,0.00611821,-0.0311823
1.61859e+09,0.0042747,-0.00237378,0.0159712,0.99986,0.0113356,0.00583198,-0.0305128
1.61859e+09,0.00398173,-0.00252132,0.0160156,0.999861,0.0111077,0.00560792,-0.03166
1.61859e+09,0.00371155,-0.0025961,0.0159474,0.999863,0.011584,0.00518223,-0.0314079
1.61859e+09,0.00400028,-0.00243812,0.0160121,0.999861,0.0109533,0.0057597,-0.0319805
1.61859e+09,0.00403191,-0.0023451,0.0159708,0.999862,0.0110529,0.006036,-0.031942
1.61859e+09,0.0042952,-0.00247077,0.0159578,0.99986,0.0116908,0.00619297,-0.0315608
1.61859e+09,0.00383665,-0.00256491,0.0159487,0.999862,0.011463,0.00534001,-0.0324483
1.61859e+09,0.00397761,-0.00250941,0.0160485,0.99986,0.0112303,0.00572782,-0.0311882
1.61859e+09,0.00396549,-0.00246491,0.0159386,0.999862,0.0116117,0.00555055,-0.0320518
1.61859e+09,0.00381202,-0.00262886,0.0159344,0.999862,0.0116825,0.00524087,-0.0322233
1.61859e+09,0.00388356,-0.00241262,0.0160238,0.999861,0.0112878,0.00534274,-0.0313458
1.61859e+09,0.00412694,-0.0024496,0.0159443,0.999861,0.0115503,0.00611203,-0.0311902
1.61859e+09,0.003778,-0.00259086,0.0159638,0.999862,0.010891,0.00540687,-0.0324722
1.61859e+09,0.00384318,-0.00253185,0.0159696,0.999862,0.011666,0.00551348,-0.0318788
1.61859e+09,0.0037083,-0.0025975,0.0159769,0.999862,0.0114132,0.00528025,-0.0324325
1.61859e+09,0.0038398,-0.0025458,0.0159796,0.999862,0.0112763,0.00532399,-0.0310164
1.61859e+09,0.00387062,-0.00260907,0.0159995,0.999861,0.0117487,0.00538335,-0.0318689
1.61859e+09,0.00404291,-0.00242905,0.0159953,0.999861,0.0111983,0.0058562,-0.0313749
1.61859e+09,0.00376981,-0.00253831,0.0159988,0.999862,0.0110983,0.00511459,-0.0320634
1.61859e+09,0.00394043,-0.00261948,0.0159875,0.999861,0.0117401,0.00551176,-0.0315731
