1618587128381984234, -0.999994, -1.83135e-06, -0.00331858, 0.000551844, 0, 0, 0, 0, 0, 0
1618587128757513523, -0.999994, -0.000845577, 0.00328406, 0.000605589, -0.000332162, 0.000517756, 7.24815e-05, 0.00795333, 0.000658272, 0.00300462
1618587128857649565, -0.999818, -0.000878001, 0.0190474, 0.000730524, 0.00207033, 0.00133658, -0.000179393, 0.00328917, 0.021552, 0.00444506
1618587128957813025, -0.999627, 0.00131135, 0.0272297, 0.00145167, 0.00312875, 0.00432006, 0.00577356, -0.00301629, 0.0372974, 0.133377
1618587129057950735, -0.999814, 0.00435606, 0.0188042, 0.000491937, 0.00179404, 0.00680647, 0.0295171, -0.000834862, 0.00771578, 0.285311
1618587129158059359, 0.999803, -0.00751622, -0.0183432, 0.000784812, 0.00190588, 0.00610599, 0.0641392, 0.0052124, -0.0297173, 0.376771
1618587129258115292, 0.999659, -0.0119832, -0.0231885, 0.000786222, 0.00291111, 0.0015739, 0.10542, -0.0135175, -0.0393594, 0.489435
1618587129358150959, -0.999807, 0.0195626, -0.00110923, 0.00151596, -0.000509342, -0.00196481, 0.156762, -0.0459646, -0.0253465, 0.598078
1618587129458111525, -0.999542, 0.0288238, -0.00830908, 0.00400607, -0.0026139, -0.00590358, 0.212012, -0.0308961, -0.0246306, 0.603468
1618587129557996750, -0.999165, 0.0407447, 0.00104722, 0.00289219, -0.001623, -0.00763617, 0.26721, 0.00110011, -0.00956408, 0.569967
1618587129657832861, -0.998612, 0.0520917, 0.00664547, 0.00403097, -0.000172961, -0.00934722, 0.323663, 0.00390456, -0.000660917, 0.559209
1618587129757462025, -0.998381, 0.0564043, 0.00190433, 0.00703918, -0.000714435, -0.00823502, 0.378044, -0.00650573, 0.0183225, 0.524872
1618587129856979132, -0.998396, 0.0541291, -0.0151582, 0.00675482, -0.0037601, -0.00538179, 0.428602, -0.0334624, 0.0273164, 0.484736
1618587129956735373, -0.997694, 0.0507987, -0.0450104, 0.000760777, -0.0118362, -0.0027192, 0.472045, -0.036419, 0.0190987, 0.439167
1618587130056664467, 0.99696, -0.0478058, 0.06149, 0.00187743, -0.0165574, -0.00156712, 0.511382, -0.0101617, 0.00956369, 0.371784
1618587130156756878, 0.996528, -0.045269, 0.0697485, 0.0042307, -0.0183152, 0.00219386, 0.543713, 0.00734938, 0.0351234, 0.261344
1618587130256847620, 0.99617, -0.0399102, 0.0776752, 0.00438346, -0.0191628, 0.00890362, 0.561124, 0.0133285, 0.054315, 0.0755753
1618587130356945038, 0.996038, -0.0329592, 0.0824938, 0.00414975, -0.0201054, 0.0159861, 0.562804, 0.0297473, 0.0621207, -0.0495678
1618587130457131147, 0.996732, -0.028429, 0.0754091, 0.00550639, -0.0167398, 0.0227315, 0.557595, 0.0646774, 0.0513725, -0.117026
1618587130557338476, 0.997902, -0.0269713, 0.0584257, 0.00715051, -0.00870011, 0.0267498, 0.551901, 0.0808485, 0.0317194, -0.129408
1618587130657477140, 0.998807, -0.0266866, 0.0396449, 0.0100022, 1.67288e-05, 0.0292219, 0.545818, 0.0672098, 0.0281175, -0.111092
1618587130757508039, 0.999031, -0.0254322, 0.0310293, 0.0180753, 0.0066003, 0.0328226, 0.541098, 0.0399439, 0.0469597, -0.0534495
1618587130857521057, 0.998538, -0.0252848, 0.0292068, 0.0378019, 0.0111093, 0.0372568, 0.539639, 0.0285601, 0.0639165, 0.0188543
1618587130957625866, 0.996583, -0.0275786, 0.0286184, 0.0724054, 0.0140029, 0.0430728, 0.542872, 0.00676086, 0.0872946, 0.0486234
1618587131057715893, 0.992055, -0.0315028, 0.026533, 0.118873, 0.0138966, 0.0509408, 0.545598, -0.0107947, 0.0992817, 0.0314394
1618587131157704115, 0.984874, -0.0344655, 0.028901, 0.167329, 0.0114616, 0.0591331, 0.547116, -0.0287105, 0.099285, 0.00725409
1618587131257694721, 0.975271, -0.0358005, 0.0314159, 0.21582, 0.00696108, 0.0666454, 0.546443, -0.0389423, 0.080634, -0.0312593
1618587131357610941, 0.963631, -0.0364287, 0.0269266, 0.263369, 0.00260265, 0.0713231, 0.542691, -0.0233589, 0.0632508, -0.0614248
1618587131457544804, 0.951224, -0.0393377, 0.0151561, 0.305607, 0.000121893, 0.0748258, 0.535286, -0.00318266, 0.0691723, -0.0788149
1618587131557484388, 0.938578, -0.0385852, 0.0165625, 0.342502, -0.00100733, 0.0770335, 0.52706, 0.00798982, 0.0619769, -0.0803278
1618587131657377720, 0.925638, -0.0357726, 0.0186499, 0.376254, -8.59223e-05, 0.0799848, 0.516779, 0.0134116, 0.0509977, -0.0895385
1618587131757389545, 0.912061, -0.0337924, 0.0137863, 0.408427, 0.00203576, 0.0801246, 0.505014, 0.0152792, 0.0265436, -0.0972273
1618587131857550144, 0.898438, -0.0349797, 0.00106777, 0.437703, 0.00218351, 0.0762801, 0.495419, -0.0107456, -0.003723, -0.0938254
1618587131957780838, 0.886221, -0.031486, -0.00133485, 0.462189, -0.000569403, 0.0809577, 0.489476, -0.0475342, -0.0045731, -0.0828097
1618587132058025837, 0.875607, -0.0270213, -0.00086554, 0.482267, -0.00421, 0.085265, 0.485694, -0.0486105, -0.0288212, -0.0685797
1618587132158325434, 0.867661, -0.0256752, -0.00492862, 0.496469, -0.00829766, 0.0866077, 0.483496, -0.0478926, -0.0475466, -0.0639649
1618587132258625269, 0.863836, -0.0267479, -0.0107369, 0.502948, -0.0125989, 0.0865222, 0.483831, -0.0411035, -0.0594572, -0.06505
1618587132358890772, 0.863127, -0.0264681, -0.0112293, 0.504168, -0.0156866, 0.089219, 0.48638, -0.0288206, -0.0593406, -0.0513308
1618587132459057808, 0.863824, -0.026353, -0.011633, 0.502969, -0.0173483, 0.0926732, 0.488153, -0.0214727, -0.0532886, -0.0393292
1618587132559163809, 0.865423, -0.0264736, -0.0127692, 0.500179, -0.0190367, 0.0940377, 0.489259, -0.0197074, -0.0441267, -0.0314642
1618587132659212112, 0.867859, -0.0246388, -0.011133, 0.496075, -0.0200762, 0.0967896, 0.490801, -0.0126034, -0.0320552, -0.0321935
1618587132759138584, 0.871393, -0.0229576, -0.0100496, 0.489946, -0.0202499, 0.0987257, 0.491211, -0.00659012, -0.0288659, -0.0233678
1618587132859018564, 0.875435, -0.0217971, -0.00983703, 0.482744, -0.0199293, 0.100149, 0.490709, -0.00399963, -0.0294678, -0.0163982
1618587132958907604, 0.880853, -0.0228586, -0.0101594, 0.472728, -0.0198515, 0.0997662, 0.490928, 0.00396595, -0.0259221, -0.00738806
1618587133058875084, 0.889544, -0.0234969, -0.00554144, 0.456211, -0.0193565, 0.0999809, 0.492533, 0.0042074, -0.0229262, 0.000397707
1618587133158854961, 0.900938, -0.0227688, 0.00319653, 0.433339, -0.0183917, 0.0998252, 0.494603, 0.00370407, -0.0266444, 0.00609025
1618587133258836269, 0.916249, -0.0258419, 0.0104071, 0.39964, -0.0165352, 0.0986928, 0.499083, 0.0283324, -0.0210635, 0.015302
1618587133358865499, 0.933909, -0.0308455, 0.0199301, 0.35562, -0.0124133, 0.09881, 0.505259, 0.0432803, -0.0102264, 0.0346043
1618587133458818197, 0.949985, -0.0358922, 0.0261208, 0.309126, -0.00953767, 0.0967987, 0.512918, 0.0232852, -0.0128389, 0.056088
1618587133558780670, 0.963195, -0.0381347, 0.0402743, 0.263021, -0.00841974, 0.0945766, 0.523206, 0.001171, -0.0142627, 0.0842623
1618587133658751965, 0.974664, -0.0412669, 0.0587321, 0.211842, -0.00866143, 0.090515, 0.53524, -0.00601809, -0.0357634, 0.0926031
1618587133758638382, 0.984356, -0.0450767, 0.0718626, 0.154423, -0.00980309, 0.0834445, 0.545699, -0.0100881, -0.0595101, 0.0768044
1618587133858517408, 0.991377, -0.0488446, 0.0784904, 0.0928667, -0.011177, 0.0752549, 0.552248, -0.0101427, -0.0572963, 0.0533629
1618587133958435535, 0.994767, -0.0516109, 0.0829346, 0.029954, -0.0116598, 0.0670393, 0.555835, 0.00898097, -0.0600831, 0.0301929
1618587134058340549, -0.994852, 0.0527343, -0.0802333, 0.0324282, -0.00936149, 0.0589187, 0.550648, 0.0272951, -0.0634749, -0.0283267
1618587134158248186, -0.991734, 0.0513404, -0.0729599, 0.0922237, -0.00816311, 0.0503684, 0.54047, 0.0180822, -0.0654554, -0.104255
1618587134258222342, -0.985358, 0.0465495, -0.0696347, 0.148505, -0.0079866, 0.0440006, 0.523801, 0.00978763, -0.0406426, -0.158897
1618587134358299732, -0.976612, 0.0405228, -0.0695046, 0.199388, -0.00718, 0.0408208, 0.506959, 0.0149046, -0.0299368, -0.155903
1618587134458525658, -0.965367, 0.0383752, -0.0757387, 0.246694, -0.00636647, 0.0398454, 0.491974, 0.0193145, -0.00691724, -0.151721
1618587134558774948, -0.950637, 0.0409289, -0.0865941, 0.295154, -0.00713747, 0.0389222, 0.476005, 0.0181714, 0.000853956, -0.155479
1618587134659038067, -0.933671, 0.0437523, -0.0897399, 0.343933, -0.00652013, 0.0370242, 0.459074, 0.0187933, -0.0104635, -0.167665
1618587134759153128, -0.917334, 0.0459857, -0.0919142, 0.384623, -0.00676799, 0.0348002, 0.442857, 0.000521572, -0.0198206, -0.150769
1618587134859053850, -0.904239, 0.0476996, -0.0983279, 0.412806, -0.00839906, 0.0319998, 0.430271, -0.0134741, -0.0263615, -0.105512
1618587134958764076, -0.895167, 0.0473835, -0.103763, 0.430887, -0.010625, 0.0302608, 0.422514, -0.0190693, -0.037624, -0.0596069
1618587135058465481, -0.888632, 0.0458491, -0.107526, 0.443474, -0.012111, 0.0302079, 0.41895, -0.0168107, -0.0363125, -0.0129212
1618587135158254623, -0.883778, 0.045646, -0.11335, 0.45167, -0.0137371, 0.0297952, 0.417787, -0.0174731, -0.0300766, -0.00329922
1618587135258188486, -0.882802, 0.0466729, -0.117666, 0.452368, -0.0159245, 0.0300364, 0.416027, -0.0222595, -0.0224057, -0.0185245
1618587135358264685, -0.885534, 0.0473075, -0.117122, 0.447072, -0.0171124, 0.0323552, 0.412646, -0.0101693, -0.0103812, -0.0236858
1618587135458435297, -0.889973, 0.047104, -0.111537, 0.439647, -0.0162619, 0.0358013, 0.408221, 0.00383145, 0.00126811, -0.0200602
1618587135558598042, -0.894719, 0.044113, -0.101852, 0.432618, -0.0145476, 0.0412698, 0.404457, 0.00583632, 0.0061122, -0.00505696
1618587135658786058, -0.900576, 0.0408443, -0.0942078, 0.422397, -0.0136667, 0.0456761, 0.403605, -0.00377938, 0.00382382, 0.0249737
1618587135758885622, -0.910652, 0.0392255, -0.0914018, 0.401025, -0.0138313, 0.0485005, 0.406861, -0.0139031, -0.0071849, 0.0749878
1618587135858877897, -0.926287, 0.0373351, -0.0868978, 0.364757, -0.0145952, 0.0501803, 0.416204, -0.019941, -0.0134988, 0.141548
1618587135958918810, -0.945027, 0.0375126, -0.0806935, 0.314652, -0.0161473, 0.050027, 0.431591, -0.0311692, -0.0176697, 0.20518
1618587136058964968, -0.963104, 0.039835, -0.0744381, 0.255546, -0.019078, 0.0483645, 0.454361, -0.0406939, -0.0188983, 0.270215
1618587136158915997, -0.978058, 0.0441894, -0.0741375, 0.189613, -0.0233011, 0.0465123, 0.481696, -0.055987, 0.0107385, 0.294845
1618587136258835793, -0.989201, 0.0496963, -0.0730191, 0.116958, -0.028755, 0.046818, 0.509022, -0.0559346, 0.0379917, 0.267823
1618587136358689070, -0.994902, 0.0556416, -0.0717777, 0.0438483, -0.0336893, 0.0504356, 0.533216, -0.044378, 0.0789304, 0.212237
1618587136458468199, 0.995319, -0.0598589, 0.0719509, 0.0240747, -0.0373046, 0.0579963, 0.552076, -0.0227491, 0.108606, 0.138866
1618587136558246613, 0.991958, -0.0619316, 0.0703641, 0.0850481, -0.0381996, 0.0673861, 0.564859, 0.0083839, 0.113877, 0.0773495
1618587136658034801, 0.986153, -0.063512, 0.0601568, 0.140885, -0.0360571, 0.0768651, 0.572299, 0.0339317, 0.115856, 0.0309889
1618587136757798910, 0.977722, -0.0636729, 0.0481159, 0.194139, -0.033281, 0.0841277, 0.574913, 0.0377798, 0.0956459, 0.00363927
1618587136857585430, 0.96608, -0.0617758, 0.0378174, 0.247878, -0.0306709, 0.0913223, 0.577003, 0.0302228, 0.104255, 0.00322624
1618587136957508087, 0.951834, -0.0570818, 0.0342288, 0.299304, -0.0283122, 0.101158, 0.57865, 0.0131982, 0.110235, 0.00469631
1618587137057567835, 0.935087, -0.0511084, 0.03217, 0.349234, -0.0266898, 0.109964, 0.578343, 0.00779968, 0.0970506, -0.00631354
1618587137157724857, 0.916376, -0.0475445, 0.0234492, 0.396794, -0.0258547, 0.116639, 0.576635, 0.000282653, 0.09746, -0.019812
1618587137258013248, 0.898662, -0.0456888, 0.0176651, 0.435897, -0.0260936, 0.122729, 0.575453, -0.00273288, 0.0674821, -0.0134765
1618587137358353615, 0.883207, -0.0436948, 0.0134396, 0.466749, -0.0265305, 0.124931, 0.574987, -0.015688, 0.0344899, -0.0125871
1618587137458620071, 0.867527, -0.0383397, 0.0093291, 0.495823, -0.0290348, 0.126559, 0.573344, -0.0470065, 0.0313384, -0.0334193
1618587137558736801, 0.851899, -0.030044, 0.00500267, 0.522819, -0.0331894, 0.130523, 0.569381, -0.0508264, 0.0193081, -0.0421412
1618587137658892870, 0.84281, -0.0253136, -0.00103229, 0.537615, -0.0366614, 0.132381, 0.56586, -0.0344686, 0.000774161, -0.0358092
1618587137759137869, 0.841656, -0.0255711, -0.00456573, 0.539389, -0.0385086, 0.130749, 0.562467, -0.0106117, -0.0369469, -0.0420426
1618587137859207153, 0.842972, -0.0219886, -0.00743989, 0.537456, -0.0375657, 0.127535, 0.556561, 0.0144673, -0.0490214, -0.065217
1618587137959243774, 0.840921, -0.0240811, -0.020846, 0.54022, -0.0355978, 0.12343, 0.549705, 0.00993931, -0.0193325, -0.0521449
1618587138059317827, 0.843994, -0.0222941, -0.0200344, 0.535514, -0.034772, 0.123604, 0.5469, -0.00232542, -0.00502874, -0.0169258
1618587138159552813, 0.854264, -0.0198951, -0.00583493, 0.519426, -0.0338456, 0.126293, 0.547286, -0.00179674, -0.0202425, 0.00207586
1618587138259722948, 0.870683, -0.0254565, 0.00341908, 0.491174, -0.0320238, 0.126729, 0.549601, 0.013176, -0.0435015, 0.0183072
1618587138359838009, 0.891258, -0.0392345, 0.00719631, 0.451738, -0.028014, 0.123195, 0.551567, 0.045496, -0.064713, 0.0109246
1618587138459834576, 0.915724, -0.0542787, 0.0147676, 0.39785, -0.0231125, 0.117841, 0.553919, 0.0450134, -0.0683035, 0.00428061
1618587138559677124, 0.939826, -0.0645902, 0.0293738, 0.334204, -0.0184305, 0.110983, 0.554918, 0.0386012, -0.0906734, -0.0148939
1618587138659331083, 0.960501, -0.0726301, 0.0366559, 0.26612, -0.014347, 0.101598, 0.553675, 0.0393934, -0.107149, -0.0384021
1618587138758979559, 0.97637, -0.0766683, 0.043713, 0.197262, -0.0107604, 0.0913112, 0.550089, 0.0402012, -0.106219, -0.0567157
1618587138858608961, 0.988002, -0.0770586, 0.0468808, 0.125361, -0.00764557, 0.0815312, 0.542941, 0.0335386, -0.0900203, -0.0944885
1618587138958279848, 0.995176, -0.0738665, 0.0453961, 0.0459033, -0.0045919, 0.0737303, 0.531093, 0.0280858, -0.0635665, -0.13244
1618587139057974577, -0.996376, 0.0669487, -0.0366816, 0.0375014, -0.0018817, 0.0681218, 0.513117, 0.0258432, -0.047406, -0.164273
1618587139157776356, -0.991312, 0.0568073, -0.0241086, 0.116154, 0.000104794, 0.0651931, 0.491944, 0.0210135, -0.0325876, -0.184808
1618587139257696629, -0.981412, 0.0455885, -0.0190841, 0.185442, 0.000868701, 0.0636033, 0.471041, 0.00362153, -0.0203397, -0.181537
1618587139357711792, -0.968616, 0.0350708, -0.0257183, 0.244728, -0.000714449, 0.063089, 0.453141, -0.0187045, -0.000498254, -0.156148
1618587139457904816, -0.953733, 0.0282496, -0.0428675, 0.296239, -0.00406034, 0.0630926, 0.438549, -0.0252063, 0.0105637, -0.129902
1618587139558265686, -0.937664, 0.0242247, -0.0563255, 0.342091, -0.0075471, 0.0633542, 0.42638, -0.022407, 0.00621095, -0.120399
1618587139658652306, -0.920342, 0.0224509, -0.0684072, 0.38443, -0.0108172, 0.0626318, 0.414554, -0.0208952, -0.00682568, -0.122377
1618587139758934021, -0.904357, 0.0221302, -0.0812172, 0.418393, -0.0138121, 0.060672, 0.40226, -0.0292431, -0.0320688, -0.12127
1618587139859107733, -0.893446, 0.0232726, -0.0914729, 0.439141, -0.0175347, 0.0548355, 0.391434, -0.0319623, -0.0531322, -0.0940573
1618587139959269285, -0.88774, 0.0234953, -0.0935537, 0.450125, -0.0204181, 0.0498017, 0.383423, -0.0186669, -0.0582187, -0.0729177
1618587140059334755, -0.886992, 0.0255553, -0.0933037, 0.451539, -0.0223921, 0.0445612, 0.377704, -0.0113375, -0.0519424, -0.0431098
1618587140159291506, -0.891953, 0.0266572, -0.0867479, 0.442926, -0.0224692, 0.0419573, 0.374788, 0.00946524, -0.0334694, 0.00334124
1618587140259178400, -0.899674, 0.0262406, -0.0800224, 0.428363, -0.0210482, 0.042907, 0.377214, 0.00546258, -0.0138823, 0.0570888
1618587140358970404, -0.910646, 0.0252211, -0.0793178, 0.404717, -0.0209454, 0.0450495, 0.384085, -0.00598228, -0.00450597, 0.108846
1618587140458735466, -0.926854, 0.0226078, -0.0736177, 0.367438, -0.0209468, 0.0476419, 0.396402, -0.00136785, 0.00330729, 0.167322
1618587140558581591, -0.945846, 0.0216287, -0.0640314, 0.317501, -0.0206262, 0.0496132, 0.4138, 0.000468233, 0.0136026, 0.204602
1618587140658480167, -0.96421, 0.022891, -0.0545415, 0.258459, -0.0205917, 0.0518232, 0.433254, -0.00615249, 0.0244826, 0.204503
1618587140758381367, -0.979135, 0.0251175, -0.0485514, 0.195719, -0.0222459, 0.05506, 0.452223, -0.029647, 0.0558211, 0.19148
1618587140858233452, -0.98973, 0.025551, -0.0489823, 0.131843, -0.0261054, 0.0601599, 0.469481, -0.0419495, 0.0599168, 0.162392
1618587140958194256, -0.995277, 0.0248189, -0.0549443, 0.0760849, -0.0306004, 0.0658335, 0.484186, -0.04597, 0.0732038, 0.109534
1618587141058313131, -0.996806, 0.023475, -0.0633417, 0.042593, -0.0349119, 0.0716445, 0.492787, -0.0308082, 0.0554339, 0.0388582
1618587141158497095, -0.9969, 0.022881, -0.0688537, 0.0304314, -0.0369319, 0.0751032, 0.495066, -0.0154904, 0.0313448, -0.00493927
1618587141258653402, -0.996929, 0.0226636, -0.070672, 0.0249742, -0.0376835, 0.0766006, 0.494391, -0.00587865, 0.0173754, -0.0297383
1618587141358790874, -0.997256, 0.0227494, -0.0668798, 0.0221416, -0.0374624, 0.0775401, 0.490807, 0.00538104, 0.0111043, -0.0448173
1618587141458893538, -0.997804, 0.0228494, -0.0584675, 0.0211511, -0.0359418, 0.0783153, 0.487236, 0.0133032, 0.00858076, -0.0328449
1618587141558847666, -0.99806, 0.0225368, -0.054245, 0.0206419, -0.0340091, 0.0785488, 0.485362, 0.0131319, -0.000281372, -0.0134627
1618587141658672333, -0.998103, 0.0223546, -0.0538417, 0.0197729, -0.0321945, 0.078145, 0.485164, 0.00580491, -0.00684668, 0.00267645
1618587141758498192, -0.997936, 0.0231452, -0.0568364, 0.0189044, -0.0313881, 0.0769073, 0.486201, 0.0013639, -0.00934665, 0.0200133
1618587141858539104, -0.997356, 0.0314695, -0.0631106, 0.0175519, -0.0303988, 0.0755709, 0.48885, 0.00231778, -0.015646, 0.0256318
1618587141958824873, -0.996237, 0.0530651, -0.0669442, 0.0146697, -0.029831, 0.0730681, 0.491027, -0.0114482, -0.018021, 0.0204164
1618587142059305668, -0.993693, 0.0898392, -0.066254, 0.0106218, -0.0316165, 0.0707773, 0.492039, -0.0389858, -0.0126063, 0.00757523
1618587142159627199, -0.98854, 0.135647, -0.0659305, 0.00650408, -0.0363971, 0.0687306, 0.491056, -0.0703982, -0.00527967, -0.00854792
1618587142259676218, -0.980694, 0.185914, -0.0605647, 0.0025061, -0.0452532, 0.0689915, 0.489602, -0.106671, 0.022468, -0.0169178
1618587142359422207, -0.970084, 0.236867, -0.0532095, 9.58878e-05, -0.0558056, 0.0705651, 0.487928, -0.0975028, 0.0128482, -0.00369636
1618587142458931446, 0.957326, -0.28397, 0.0537433, 2.20492e-05, -0.0655067, 0.0719512, 0.488249, -0.0933318, 0.0173614, 0.0128381
1618587142558458090, 0.941923, -0.32837, 0.0703896, 0.000291736, -0.0747205, 0.0741766, 0.488548, -0.087609, 0.0250971, 0.0147364
1618587142658184290, 0.924384, -0.372196, 0.0835606, 0.0015817, -0.0832241, 0.076557, 0.48974, -0.0832747, 0.0267996, 0.0132877
1618587142758077621, 0.903296, -0.417514, 0.0983027, 0.00870455, -0.0912665, 0.0787773, 0.48948, -0.0765901, 0.0249352, -0.0106645
1618587142857940197, 0.880368, -0.459677, 0.115059, 0.0202905, -0.098709, 0.0821818, 0.488167, -0.082009, 0.0201367, -0.0498581
1618587142957814455, 0.857926, -0.49821, 0.122476, 0.0273732, -0.106024, 0.0850742, 0.483416, -0.0758401, 0.0109026, -0.0663073
1618587143057769060, 0.835782, -0.534413, 0.12282, 0.0280343, -0.113165, 0.0869812, 0.476616, -0.069853, 0.00159, -0.0831218
1618587143157608271, 0.817173, -0.563627, 0.118705, 0.0215195, -0.119373, 0.0868302, 0.467574, -0.0590005, -0.0375057, -0.0937117
1618587143257312536, 0.80405, -0.58402, 0.110861, 0.0116279, -0.123787, 0.0846774, 0.457399, -0.0507086, -0.0465821, -0.0813134
1618587143357054710, 0.793278, -0.599526, 0.105766, 0.00961012, -0.129112, 0.0815029, 0.449089, -0.0488006, -0.0290934, -0.0609867
1618587143456827402, 0.787263, -0.607569, 0.104512, 0.0124456, -0.131933, 0.081048, 0.443235, -0.0339214, -0.0293536, -0.0454389
1618587143556669474, 0.785399, -0.609715, 0.105479, 0.0164042, -0.134685, 0.0801743, 0.439838, -0.0271699, -0.0128542, -0.0243682
1618587143656601191, 0.786011, -0.608088, 0.10942, 0.0210353, -0.136153, 0.080258, 0.439219, -0.00819684, -0.00578353, -0.00071022
1618587143756621599, 0.789849, -0.602644, 0.111246, 0.0241456, -0.136299, 0.0806784, 0.440192, 0.00594554, 0.00160678, 0.00490169
1618587143856775284, 0.797483, -0.59268, 0.11048, 0.0233572, -0.136103, 0.080139, 0.440743, 0.015896, -0.00465156, -0.00918516
1618587143956947565, 0.809721, -0.57648, 0.108016, 0.0188788, -0.132824, 0.0798649, 0.438487, 0.027509, -0.0218441, -0.0239857
1618587144057023048, 0.827016, -0.552433, 0.10349, 0.0123438, -0.128333, 0.0775756, 0.43399, 0.0382438, -0.0332061, -0.0335367
1618587144156974554, 0.848171, -0.519325, 0.104164, 0.00755719, -0.124498, 0.0763806, 0.431262, 0.0316292, -0.00792193, -0.0138062
1618587144256821394, 0.872809, -0.476239, 0.106713, 0.00380074, -0.120158, 0.0750552, 0.432409, 0.0538308, -0.0325098, 0.023121
1618587144356632471, -0.89994, 0.423897, -0.101976, 0.00445857, -0.112425, 0.0713475, 0.436085, 0.0909077, -0.0531142, 0.035545
1618587144456743717, -0.925279, 0.367041, -0.094602, 0.0138128, -0.101079, 0.067412, 0.439899, 0.126936, -0.034939, 0.0262035
1618587144557005405, -0.947326, 0.307279, -0.0882328, 0.0191774, -0.0873822, 0.0659087, 0.440312, 0.140189, -0.000186542, -0.00408157
1618587144657214880, -0.965936, 0.244077, -0.0839094, 0.0187919, -0.0729625, 0.0682435, 0.43748, 0.149743, 0.0401505, -0.0406408
1618587144757584333, -0.980285, 0.179667, -0.0807454, 0.0155326, -0.0577889, 0.074514, 0.432224, 0.152812, 0.0816207, -0.0630948
1618587144857953787, -0.98988, 0.113287, -0.0848859, 0.00988596, -0.0420631, 0.0831909, 0.427603, 0.173854, 0.0874363, -0.0472482
1618587144958230257, -0.995079, 0.0465017, -0.0873734, 0.00453096, -0.0230259, 0.0918979, 0.423503, 0.207809, 0.0868585, -0.0251173
1618587145058308363, 0.996204, 0.023074, 0.0839306, 0.000150108, -0.00188302, 0.099558, 0.422898, 0.215371, 0.0720095, 0.00336755
1618587145158501863, 0.992823, 0.0858864, 0.0831699, 0.00287689, 0.0184746, 0.105725, 0.423931, 0.18322, 0.0585383, 0.0083454
1618587145258775711, 0.986492, 0.139946, 0.0851312, 0.000670934, 0.0344216, 0.110305, 0.423455, 0.130074, 0.0421934, -0.00832091
1618587145358957291, -0.978319, -0.18922, -0.0841063, 0.00371148, 0.0456751, 0.114227, 0.421628, 0.0795549, 0.0421592, -0.02092
1618587145459073067, -0.968655, -0.233045, -0.085659, 0.00770587, 0.0525866, 0.117883, 0.418915, 0.0601603, 0.0353258, -0.0322555
1618587145559127331, -0.958739, -0.27182, -0.082794, 0.00881838, 0.0566352, 0.121196, 0.414867, 0.0204894, 0.0240963, -0.0503237
1618587145659078598, -0.948276, -0.307581, -0.0783784, 0.00475869, 0.0567554, 0.123783, 0.410979, -0.0128784, 0.0306648, -0.039956
1618587145759017944, -0.937217, -0.338354, -0.0844475, 0.00311348, 0.0548698, 0.127922, 0.408921, -0.0198201, 0.0428196, -0.0163829
1618587145859025955, -0.928736, -0.358923, -0.0927463, 0.00461249, 0.0547754, 0.132867, 0.408172, 0.00892287, 0.0478868, 0.00100547
1618587145959104776, 0.925544, 0.368776, 0.0858578, 0.000170357, 0.0574991, 0.13843, 0.408138, 0.0193702, 0.0496621, 0.00515929
1618587146059245348, 0.926488, 0.368921, 0.0739351, 0.00712043, 0.0595596, 0.143049, 0.408919, -0.00178139, 0.0268445, -0.011061
1618587146159259319, 0.92885, 0.36366, 0.0701261, 0.00846054, 0.0576018, 0.144863, 0.407253, -0.0466403, 0.00760789, -0.0145812
1618587146259267092, 0.933273, 0.35191, 0.0717503, 0.00340043, 0.0521699, 0.145433, 0.406344, -0.0704245, -0.00105964, 0.0110385
1618587146359394073, 0.941657, 0.32923, 0.0699209, 0.000437374, 0.0459038, 0.145166, 0.40789, -0.0785427, -0.0051275, 0.0317135
1618587146459597349, 0.953273, 0.295033, 0.0648749, 0.00409017, 0.0385081, 0.144965, 0.411225, -0.0935821, -0.00818221, 0.0451934
1618587146559700489, 0.965272, 0.253285, 0.063474, 0.00821754, 0.0279444, 0.14333, 0.417048, -0.121201, -0.0338086, 0.0534557
1618587146659721136, 0.976527, 0.203897, 0.0691086, 0.00671, 0.0153213, 0.13977, 0.422791, -0.138477, -0.039429, 0.0512568
1618587146759684563, 0.986706, 0.144257, 0.0747743, 0.00312853, 0.0014513, 0.135833, 0.427631, -0.151592, -0.0328702, 0.0541584
1618587146859676600, 0.994479, 0.0748975, 0.0734845, 0.00126776, -0.0130015, 0.132632, 0.433382, -0.151886, -0.0315935, 0.0626408
1618587146959504128, 0.998009, 0.00193721, 0.0629688, 0.00287119, -0.0261109, 0.128435, 0.439569, -0.129699, -0.051004, 0.0600156
1618587147059164047, 0.996061, -0.0683017, 0.0564285, 0.00366511, -0.0382388, 0.12255, 0.446021, -0.120164, -0.0587884, 0.0560032
1618587147158657789, 0.989195, -0.133573, 0.0603799, 0.00225071, -0.0505002, 0.11754, 0.451007, -0.125238, -0.0436013, 0.058001
1618587147258135080, -0.978322, 0.194385, -0.0714208, 0.000567915, -0.0623095, 0.114699, 0.455407, -0.114573, -0.00629444, 0.043437
1618587147357864618, 0.962899, -0.253593, 0.0922771, 0.000528286, -0.0726801, 0.115368, 0.456942, -0.0807745, 0.0179697, 0.0150055
1618587147457737207, 0.944049, -0.31014, 0.112056, 0.00524395, -0.0800839, 0.118642, 0.456602, -0.0562386, 0.0387277, -0.0184444
1618587147557581902, 0.924542, -0.360122, 0.124416, 0.00737695, -0.0858806, 0.122677, 0.454875, -0.0567851, 0.0356324, -0.0310097
1618587147657469749, 0.90488, -0.404038, 0.13379, 0.00676478, -0.092682, 0.125355, 0.452072, -0.0564496, 0.0133997, -0.0398768
1618587147757443190, 0.886486, -0.443202, 0.133099, 0.000355092, -0.0979199, 0.126071, 0.446435, -0.0461952, -0.0062642, -0.0681692
1618587147857464314, -0.870768, 0.475302, -0.125417, 0.011016, -0.102454, 0.12497, 0.437669, -0.0435587, -0.0205079, -0.0964168
1618587147957422733, -0.858166, 0.498983, -0.118645, 0.0221318, -0.107749, 0.12308, 0.426184, -0.0597586, -0.0302947, -0.109492
1618587148057334423, -0.84947, 0.514668, -0.11297, 0.0275003, -0.114611, 0.120804, 0.415635, -0.0639629, -0.0196192, -0.0963539
1618587148157282114, -0.843777, 0.524186, -0.112248, 0.0258844, -0.120825, 0.119653, 0.40731, -0.052148, -0.00978862, -0.0688747
1618587148257234573, -0.841687, 0.527081, -0.115196, 0.0218889, -0.124934, 0.119301, 0.403309, -0.0254165, -0.00055484, -0.0230677
1618587148357281685, -0.843861, 0.523524, -0.115928, 0.0195516, -0.12589, 0.119175, 0.402692, 0.000671453, 0.00154143, 0.0129941
1618587148457213879, -0.850885, 0.511273, -0.119766, 0.0158061, -0.124923, 0.119182, 0.405264, 0.0127272, -0.00396295, 0.0340959
1618587148556976318, -0.864944, 0.486687, -0.121542, 0.0153471, -0.122146, 0.117738, 0.409633, 0.0396017, -0.0307286, 0.0423039
1618587148656574726, -0.88654, 0.446883, -0.117773, 0.0217129, -0.117108, 0.113942, 0.414009, 0.0551187, -0.0505086, 0.0350757
1618587148756284475, -0.912086, 0.395014, -0.105921, 0.0290428, -0.11094, 0.109207, 0.417887, 0.0630291, -0.0429698, 0.0352826
1618587148856269360, -0.937253, 0.335623, -0.0895773, 0.0298285, -0.10348, 0.107495, 0.419945, 0.0872781, 0.0176323, 0.00440914
1618587148956488609, -0.958877, 0.272313, -0.0758306, 0.0254889, -0.0924776, 0.112607, 0.418217, 0.125496, 0.0720208, -0.0332881
1618587149056883812, -0.97615, 0.206165, -0.0660909, 0.0161212, -0.0790134, 0.120646, 0.413444, 0.142375, 0.0845286, -0.056197
1618587149157383204, -0.98841, 0.138782, -0.0610009, 0.00796746, -0.06481, 0.128787, 0.408946, 0.145552, 0.0703622, -0.0342394
1618587149257866383, -0.995262, 0.0702723, -0.0669453, 0.00581717, -0.0516151, 0.134094, 0.408734, 0.128603, 0.0406864, -0.00099712
1618587149358393431, -0.996992, 0.00335494, -0.0772239, 0.00570072, -0.0381597, 0.136396, 0.410996, 0.158619, 0.0137758, 0.0233716
1618587149458900452, -0.995882, -0.0576617, -0.0697723, 0.00500578, -0.0184924, 0.137207, 0.41204, 0.225085, 0.0244894, 0.0203944
1618587149559289455, 0.99205, 0.114648, 0.051878, 0.00147906, 0.00622568, 0.140446, 0.413129, 0.244521, 0.0418586, 0.021635
1618587149659509897, 0.984331, 0.171217, 0.0406809, 0.0110628, 0.0285941, 0.144618, 0.41403, 0.196244, 0.0499313, 0.00338991
1618587149759621143, 0.973192, 0.225578, 0.0421077, 0.0154862, 0.0450975, 0.14844, 0.414399, 0.143974, 0.03734, -0.000839146
1618587149859593630, 0.959, 0.277398, 0.0566134, 0.0128304, 0.0562837, 0.149599, 0.415263, 0.0963448, 0.0161247, 0.00221555
1618587149959526539, 0.942904, 0.323202, 0.0803528, 0.00404094, 0.0645441, 0.149796, 0.415406, 0.0866628, 0.000920132, 0.000564958
1618587150059636831, -0.930058, -0.356512, -0.0888045, 0.00202527, 0.0743689, 0.151469, 0.414511, 0.0975434, 0.023777, 0.00509632
1618587150159712791, -0.919639, -0.382124, -0.0908005, 0.000931086, 0.0819919, 0.153915, 0.415425, 0.0457357, 0.0162917, 0.00970418
1618587150259914398, 0.912348, 0.399816, 0.0881355, 0.000984755, 0.0854296, 0.155319, 0.415452, 0.0267314, 0.00690244, -0.00929592
1618587150360185146, -0.909051, -0.408355, -0.0828577, 0.00283736, 0.0870141, 0.156952, 0.413286, 0.00979347, 0.0152409, -0.0367239
1618587150460314274, -0.909646, -0.409576, -0.0692181, 0.000763106, 0.086969, 0.157962, 0.408829, -0.00860384, -0.00337631, -0.0443476
1618587150560303450, 0.913073, 0.403728, 0.057276, 0.00461943, 0.0853555, 0.157259, 0.405862, -0.0220627, -0.022801, -0.0205395
1618587150660186529, 0.918623, 0.391344, 0.0544565, 0.00406922, 0.0816021, 0.154301, 0.406255, -0.0487333, -0.0418807, 0.0169973
1618587150760112524, -0.92709, -0.369756, -0.0613627, 0.00432418, 0.0760913, 0.151088, 0.408521, -0.0722677, -0.0202389, 0.0269741
1618587150860091925, -0.939005, -0.337175, -0.0668909, 0.0104295, 0.0688053, 0.15101, 0.411204, -0.0857891, 0.00446786, 0.0366701
1618587150960015297, -0.95278, -0.295585, -0.0685956, 0.0116118, 0.0598785, 0.153133, 0.41507, -0.0995661, 0.0252221, 0.0428793
1618587151059867382, -0.966529, -0.247001, -0.0680692, 0.0134042, 0.0507563, 0.155172, 0.419222, -0.0972516, 0.0101262, 0.0454149
1618587151159623146, -0.9788, -0.192764, -0.0677226, 0.0143745, 0.0406801, 0.155416, 0.423818, -0.110509, -0.00481968, 0.0415225
1618587151259357691, -0.988955, -0.133733, -0.0622933, 0.0142374, 0.0291218, 0.154312, 0.427754, -0.117762, -0.00946151, 0.0208043
1618587151359324932, -0.996664, -0.0628232, -0.0508521, 0.0112923, 0.0177556, 0.154952, 0.429046, -0.106383, 0.0161583, 0.0127839
1618587151459269285, -0.99924, 0.014832, -0.0341974, 0.0113802, 0.00798327, 0.157433, 0.429574, -0.0940427, 0.0307904, 0.0204391
1618587151559033871, -0.995163, 0.0922747, -0.0301579, 0.0150574, -0.000182014, 0.160068, 0.430337, -0.0862419, 0.0245676, 0.00982624
1618587151658586979, -0.985383, 0.164914, -0.0395847, 0.0159944, -0.00921039, 0.162329, 0.429842, -0.0949981, 0.0265096, 0.000797776
1618587151758018255, -0.971375, 0.229796, -0.0592166, 0.0108542, -0.0183213, 0.164722, 0.428654, -0.0838921, 0.030472, -0.00140427
1618587151857528687, 0.953307, -0.289162, 0.0871015, 0.00186834, -0.0281438, 0.168591, 0.427904, -0.100786, 0.052392, -0.00296311
1618587151957312346, 0.932408, -0.344306, 0.109447, 0.00949109, -0.0383049, 0.174666, 0.427928, -0.0923628, 0.0679106, -0.0144633
1618587152057326317, 0.910258, -0.394221, 0.126165, 0.0100926, -0.0470702, 0.180878, 0.425634, -0.0816233, 0.0646193, -0.0259674
1618587152157413721, 0.887682, -0.43988, 0.135871, 0.0080625, -0.0549547, 0.187405, 0.422512, -0.0702412, 0.0683575, -0.0453538
1618587152257417679, 0.868662, -0.47702, 0.133665, 0.00345621, -0.0620127, 0.192063, 0.416876, -0.0626433, 0.038934, -0.0725829
1618587152357269764, -0.85506, 0.502906, -0.126306, 0.00226829, -0.0687762, 0.193992, 0.407969, -0.0713463, 0.00795572, -0.105823
1618587152457059145, -0.846764, 0.518566, -0.1185, 0.00606748, -0.0751985, 0.193886, 0.396921, -0.0586005, -0.0119208, -0.0998162
1618587152556889534, -0.842388, 0.527727, -0.1088, 0.00704602, -0.0791653, 0.192912, 0.388675, -0.0313873, -0.0154408, -0.0573988
1618587152656730175, -0.841642, 0.529271, -0.107246, 0.00306454, -0.0805157, 0.19123, 0.3847, -0.00877965, -0.0218493, -0.0256489
1618587152756565094, 0.846836, -0.520624, 0.108713, 0.000840258, -0.0809445, 0.188165, 0.384082, -0.00778839, -0.043323, 0.00948588
1618587152856382608, 0.859239, -0.499777, 0.109156, 0.00406241, -0.0806212, 0.183445, 0.386615, 0.00691471, -0.0441469, 0.0411847
1618587152956148386, 0.877661, -0.465767, 0.112756, 0.00760643, -0.0790264, 0.178723, 0.391183, 0.0247134, -0.05112, 0.0446389
1618587153055872679, 0.902327, -0.416738, 0.110118, 0.00319361, -0.0753701, 0.172772, 0.396793, 0.0410418, -0.0754904, 0.0464028
1618587153155734539, -0.929663, 0.355458, -0.0967562, 0.00377252, -0.0694122, 0.163844, 0.400967, 0.0736031, -0.0905687, 0.0342785
1618587153255987883, -0.953736, 0.289145, -0.082103, 0.00644354, -0.0604702, 0.156211, 0.403911, 0.0878034, -0.0681193, 0.00791837
1618587153356606722, -0.971803, 0.22457, -0.0713588, 0.00861184, -0.0515002, 0.151902, 0.404416, 0.0871488, -0.0233194, -0.0167746
1618587153457669258, -0.983333, 0.169213, -0.0651063, 0.0135392, -0.0436862, 0.151779, 0.402171, 0.0643313, 0.0222354, -0.0361906
1618587153558904171, -0.989572, 0.127077, -0.0666604, 0.0124413, -0.0397138, 0.155604, 0.397369, 0.0130647, 0.0607136, -0.057543
1618587153659986019, -0.992946, 0.0939917, -0.0720814, 0.00533977, -0.0403402, 0.16227, 0.392931, -0.0159959, 0.0800989, -0.0504966
1618587153760664225, 0.993952, -0.0676957, 0.086464, 0.0010259, -0.0433185, 0.170096, 0.389799, -0.0283551, 0.0846399, -0.028848
1618587153860972643, 0.994002, -0.0505655, 0.0967997, 0.0057143, -0.0445608, 0.177165, 0.389534, 0.00973069, 0.0659493, 0.0040707
1618587153960882187, 0.994459, -0.0417446, 0.0962443, 0.00674997, -0.041174, 0.181752, 0.391257, 0.0512848, 0.0390169, 0.0314577
1618587154060386419, 0.995349, -0.0379919, 0.0882527, 0.00699457, -0.0349472, 0.184081, 0.394748, 0.0602316, 0.0202919, 0.0408182
1618587154159618378, 0.997492, -0.0357637, 0.0607181, 0.00664092, -0.0278538, 0.185328, 0.397669, 0.0683327, 0.0130031, 0.0185871
1618587154258888721, 0.999153, -0.0340166, 0.0221707, 0.00670336, -0.0196029, 0.186842, 0.397572, 0.0862786, 0.017333, -0.0132405
1618587154358263969, 0.998893, -0.0326431, -0.0331841, 0.00683111, -0.009713, 0.18901, 0.394081, 0.104419, 0.0194165, -0.0454537
1618587154457809687, 0.995635, -0.0316667, -0.0875329, 0.00681612, 0.000419431, 0.19118, 0.387102, 0.101793, 0.020275, -0.0679418
1618587154557547569, 0.990423, -0.0284365, -0.134984, 0.00575337, 0.00993572, 0.192987, 0.379005, 0.0969353, 0.014008, -0.0831386
1618587154657488585, 0.98272, -0.0245941, -0.18341, 0.00423167, 0.0176461, 0.194501, 0.368603, 0.0813853, 0.0057099, -0.107194
1618587154757614851, 0.97316, -0.0220117, -0.229043, 0.00371774, 0.0228244, 0.194382, 0.356581, 0.056188, -0.00912564, -0.116019
1618587154857867479, 0.962166, -0.0202995, -0.271689, 0.00311742, 0.0264899, 0.192187, 0.343985, 0.0463736, -0.0239422, -0.113636
1618587154958239317, 0.951971, -0.0201687, -0.30552, 0.000982863, 0.0290508, 0.189677, 0.333127, 0.0279184, -0.0220024, -0.0967254
1618587155058753967, -0.94368, 0.0217169, 0.330145, 0.000409808, 0.0308607, 0.187557, 0.323536, 0.0102363, -0.0191927, -0.0869887
1618587155159231663, -0.933502, 0.0238605, 0.357775, 0.00105383, 0.0304559, 0.186084, 0.315211, -0.00774628, -0.0103896, -0.0797368
1618587155259570122, 0.930661, -0.0262894, -0.364938, 2.37868e-05, 0.0283752, 0.184607, 0.308929, -0.0219251, -0.0191661, -0.0479667
1618587155359626770, -0.93048, 0.0266601, 0.365372, 3.04657e-05, 0.0256967, 0.182561, 0.305658, -0.0165052, -0.0195051, -0.0182625
1618587155459645033, -0.931814, 0.0275262, 0.361891, 0.000610489, 0.0231375, 0.181329, 0.305771, -0.0125547, -0.00490384, 0.0266025
1618587155559643745, -0.942619, 0.027683, 0.332721, 3.87466e-05, 0.0198838, 0.181516, 0.310946, -0.0233973, 0.00197242, 0.0801598
1618587155659542322, 0.963502, -0.0257393, -0.266458, 0.00118022, 0.0169549, 0.182231, 0.321096, -0.0314614, 0.000209888, 0.113434
1618587155759442329, 0.981265, -0.0230774, -0.191247, 0.00324352, 0.014438, 0.182492, 0.333135, -0.0353795, -0.000876612, 0.1158
1618587155859429836, 0.993389, -0.0206774, -0.112726, 0.00667422, 0.0122686, 0.182174, 0.344327, -0.037558, -0.00682818, 0.0997505
1618587155959504366, 0.999044, -0.0202042, -0.0371759, 0.0109611, 0.0105729, 0.180795, 0.354042, -0.0181054, -0.0137041, 0.0772653
1618587156059498549, 0.999223, -0.0202254, 0.0310589, 0.0133821, 0.00973684, 0.178303, 0.358972, -0.0105059, -0.0261784, 0.0349606
1618587156159383535, 0.995859, -0.0200837, 0.087813, 0.0122687, 0.00797846, 0.176107, 0.358811, -0.0305887, -0.0248611, -0.00565325
1618587156259266376, 0.988276, -0.0199842, 0.150894, 0.0119637, 0.00488526, 0.173188, 0.357718, -0.0522726, -0.0265105, -0.0278106
1618587156359132528, 0.979207, -0.019463, 0.201527, 0.012702, 0.00085436, 0.170029, 0.354456, -0.0519373, -0.0291767, -0.049732
1618587156459017515, 0.969449, -0.0189477, 0.244205, 0.0131714, -0.00340415, 0.167374, 0.350458, -0.0503887, -0.0204914, -0.0442595
1618587156559027195, 0.958794, -0.0187789, 0.283232, 0.011857, -0.00802995, 0.166098, 0.348178, -0.0575481, -0.00822922, -0.0227606
1618587156659065247, 0.947601, -0.0188833, 0.318755, 0.00952451, -0.013183, 0.165493, 0.348067, -0.0553727, -0.00235478, 0.00141917
1618587156759099960, 0.938441, -0.0194415, 0.344795, 0.00818438, -0.0171417, 0.165481, 0.349793, -0.0393931, 0.00506889, 0.016961
1618587156859137058, 0.935175, -0.0191354, 0.353582, 0.00787556, -0.0194097, 0.166098, 0.351738, -0.0228218, 0.0145457, 0.0140965
1618587156959289312, 0.936413, -0.0179447, 0.350349, 0.00804941, -0.0207252, 0.168017, 0.353701, -0.0200759, 0.0249008, 0.0146597
1618587157059501648, 0.944894, -0.0158806, 0.326929, 0.00631143, -0.0213112, 0.170514, 0.355486, -0.00423571, 0.0257993, 0.0371773
1618587157159716606, 0.959091, -0.0139344, 0.28275, 0.00159563, -0.0194746, 0.171874, 0.359774, 0.0235697, 0.0136909, 0.0688556
1618587157259853840, -0.97339, 0.011367, -0.228831, 0.00442531, -0.0169446, 0.172379, 0.365965, 0.0197552, 0.00550472, 0.0864132
1618587157359785795, -0.983646, 0.00876451, -0.179678, 0.00893328, -0.0152015, 0.172548, 0.375242, 0.0138979, 0.00139607, 0.087568
1618587157459655762, -0.992508, 0.00641455, -0.121419, 0.0119708, -0.0128285, 0.1726, 0.381895, 0.0361834, -0.00672269, 0.071538
1618587157559535265, -0.998098, 0.00482604, -0.0595664, 0.0151574, -0.00838984, 0.171605, 0.3876, 0.0395406, -0.0154169, 0.0452724
1618587157659474134, -0.9997, 0.0042598, -0.0175079, 0.0165981, -0.00471686, 0.170605, 0.391846, 0.0392643, -0.0111224, 0.0345017
1618587157759470701, -0.999181, 0.0044932, 0.0365896, 0.0166933, -0.000505793, 0.17036, 0.394521, 0.049566, -0.00252423, 0.0188347
1618587157859433413, -0.99673, 0.00541714, 0.0792263, 0.0149403, 0.00290853, 0.170756, 0.393989, 0.0322078, -0.00248182, -0.0164585
1618587157959350109, -0.992787, 0.00471297, 0.118962, 0.0141339, 0.00436742, 0.170767, 0.389429, 0.0192126, -0.00111641, -0.0592462
1618587158059309244, -0.98657, 0.0038496, 0.162643, 0.0145666, 0.00587786, 0.171135, 0.381199, 0.0323792, 0.000147228, -0.102605
1618587158159321547, -0.976502, 0.00181222, 0.214812, 0.0172087, 0.00869599, 0.170901, 0.369727, 0.0437202, -0.00597407, -0.139767
1618587158259383202, -0.963768, 0.000201397, 0.266038, 0.0193679, 0.0111097, 0.17047, 0.354889, 0.0286498, -0.00610216, -0.161091
1618587158359532356, -0.949923, -0.00019463, 0.311924, 0.0187161, 0.0123136, 0.169137, 0.338402, 0.0129479, -0.0110381, -0.162891
1618587158459735394, -0.935381, 0.000109225, 0.35324, 0.0168666, 0.0119094, 0.167398, 0.322135, 0.0032168, -0.012853, -0.156088
1618587158559923887, -0.92392, 0.00152263, 0.382286, 0.0150838, 0.0106885, 0.166461, 0.30749, -0.00745195, -0.00654044, -0.137297
1618587158660004377, -0.91727, 0.00281091, 0.39797, 0.0150653, 0.00852189, 0.165963, 0.296132, -0.0114223, -0.00385858, -0.0929072
1618587158760043383, -0.914079, 0.00464935, 0.405224, 0.0152063, 0.00620088, 0.165516, 0.289128, -0.0118622, -0.004152, -0.0412669
1618587158860041380, -0.914489, 0.00647417, 0.404282, 0.0149502, 0.00288512, 0.165105, 0.288508, -0.0207939, -0.00329631, 0.0286193
1618587158960027695, -0.924733, 0.00823141, 0.380293, 0.013336, -0.000640656, 0.164728, 0.295172, -0.0355558, -0.003498, 0.105213
1618587159059927464, -0.944407, 0.00922712, 0.328443, 0.0116008, -0.00432866, 0.164617, 0.307889, -0.0412277, 0.000642314, 0.148119
1618587159159767389, -0.964528, 0.0111618, 0.263594, 0.00884474, -0.00802312, 0.165494, 0.323214, -0.0459098, 0.00887463, 0.1613
1618587159259557486, -0.981381, 0.0127066, 0.191606, 0.00401101, -0.0118516, 0.166216, 0.338824, -0.048087, 0.00160789, 0.156676
1618587159359380484, -0.99234, 0.0125758, 0.122896, 0.000301072, -0.0147158, 0.165764, 0.352822, -0.0394606, -0.00546754, 0.138836
1618587159459197998, 0.998709, -0.0120914, -0.0493146, 0.00141191, -0.0171379, 0.164724, 0.366492, -0.038495, -0.00716288, 0.123075
1618587159559043407, 0.999506, -0.0113347, 0.0291759, 0.00280929, -0.020277, 0.163258, 0.376408, -0.0452243, -0.0104385, 0.0928145
1618587159658971786, 0.994895, -0.0104371, 0.100295, 0.00387674, -0.0238876, 0.161535, 0.383993, -0.0417439, -0.0175639, 0.063374
1618587159758990765, 0.985744, -0.0103131, 0.167882, 0.00422833, -0.0267688, 0.159331, 0.389239, -0.0433147, -0.0210935, 0.0389065
1618587159859143257, 0.972033, -0.0106152, 0.234565, 0.00439916, -0.0309544, 0.156653, 0.392114, -0.0637765, -0.03542, 0.0118659
1618587159959422827, 0.953304, -0.0120123, 0.30175, 0.00362758, -0.0377843, 0.152808, 0.392659, -0.0792352, -0.0352742, -0.0210849
1618587160059721947, 0.934414, -0.0158368, 0.355807, 0.00451691, -0.0433767, 0.149567, 0.389951, -0.0460651, -0.0264434, -0.0395736
1618587160159910202, 0.927141, -0.0196546, 0.374164, 0.00498012, -0.0442829, 0.147397, 0.385574, 0.00330561, -0.0178528, -0.0516231
1618587160259945869, 0.924377, -0.0234893, 0.380711, 0.00579865, -0.0428696, 0.146161, 0.379311, 0.000746554, -0.0083792, -0.071838
1618587160359930038, 0.916943, -0.0258837, 0.398138, 0.00556079, -0.0448399, 0.145748, 0.372577, -0.0445859, -0.000429309, -0.0565657
1618587160459831953, 0.906711, -0.0268059, 0.420875, 0.00453491, -0.0481108, 0.145788, 0.36971, -0.0356044, 0.0030361, -0.00870912
1618587160559697866, 0.906549, -0.0269051, 0.421221, 0.00416991, -0.048614, 0.146276, 0.371221, -0.00636019, 0.0104842, 0.0365532
1618587160659568071, 0.911234, -0.0255357, 0.411047, 0.00646336, -0.0478597, 0.147395, 0.376846, 0.00256765, 0.0152129, 0.0711389
1618587160759552956, 0.931919, -0.0230544, 0.361909, 0.00424866, -0.0452843, 0.147682, 0.38518, 0.0329554, -0.00395722, 0.0803036
1618587160859595299, -0.953187, 0.0205267, -0.301681, 0.00154211, -0.0416044, 0.146437, 0.391927, 0.0287043, -0.00297481, 0.0505105
1618587160959585190, -0.97268, 0.0165956, -0.231453, 0.00689321, -0.0378241, 0.145887, 0.392325, 0.0302967, 0.00189099, -0.00717491
1618587161059492350, -0.988585, 0.0127011, -0.149784, 0.0101753, -0.0336067, 0.145787, 0.386304, 0.036803, -0.000306047, -0.0627191
1618587161159411669, -0.996064, 0.0100938, -0.087405, 0.010712, -0.0296028, 0.145991, 0.376362, 0.0325248, -0.00285117, -0.115251
1618587161259489059, -0.998292, 0.00898096, -0.0565916, 0.0113847, -0.0278077, 0.145641, 0.363182, 0.00911394, -0.00289934, -0.126947
1618587161359583855, -0.99877, 0.00889981, -0.0468779, 0.0135017, -0.0281184, 0.145501, 0.351247, -0.00412776, -0.00235439, -0.10902
1618587161459653139, -0.998546, 0.00901999, -0.0505403, 0.0164152, -0.0296031, 0.144811, 0.342608, -0.0128256, -0.00695951, -0.0730132
1618587161559635639, -0.99809, 0.00961503, -0.0581371, 0.0185297, -0.0312564, 0.143847, 0.337749, -0.00976951, -0.00906471, -0.0445749
1618587161659568787, -0.997879, 0.011277, -0.0610331, 0.0196333, -0.0317578, 0.142669, 0.337029, 0.00191726, -0.0110933, 0.0186379
1618587161759477615, -0.99787, 0.0140314, -0.0602222, 0.0207781, -0.0313989, 0.141136, 0.345489, 0.00576466, -0.0217194, 0.141138
1618587161859317303, -0.998143, 0.0168963, -0.0546058, 0.0210464, -0.0307737, 0.137649, 0.36639, 0.0066971, -0.0428716, 0.285093
1618587161959112406, -0.998419, 0.018969, -0.0497535, 0.0179802, -0.0298948, 0.132857, 0.402135, -0.00225072, -0.0499494, 0.405912
1618587162058974981, -0.998741, 0.0198742, -0.0447379, 0.0109653, -0.0305727, 0.127681, 0.447705, -0.0216136, -0.0490313, 0.485795
1618587162158935070, 0.998694, -0.0215321, 0.0463203, 0.00125337, -0.032481, 0.12226, 0.500592, -0.0215458, -0.0524079, 0.513617
1618587162258983850, 0.998309, -0.0253726, 0.0496251, 0.0165129, -0.034289, 0.116684, 0.553836, -0.0201425, -0.0494218, 0.505638
1618587162358972788, 0.997558, -0.0287447, 0.0566315, 0.0290481, -0.0361382, 0.111225, 0.603515, -0.0148299, -0.0599262, 0.478214
1618587162458916664, 0.996443, -0.0312114, 0.0688759, 0.0371807, -0.037885, 0.105032, 0.64831, -0.0229025, -0.0616629, 0.442869
1618587162558845758, 0.995382, -0.034653, 0.0790513, 0.0420142, -0.0410836, 0.098348, 0.689408, -0.0430447, -0.0679471, 0.366547
1618587162658822298, 0.994195, -0.0385103, 0.091586, 0.0412923, -0.0457223, 0.0914416, 0.718982, -0.0437898, -0.0642273, 0.220389
1618587162758826971, 0.993379, -0.041794, 0.100012, 0.0380697, -0.0498388, 0.0860095, 0.731715, -0.033647, -0.0484467, 0.0438755
1618587162858777761, 0.992954, -0.0437386, 0.103986, 0.0362761, -0.0526481, 0.0823279, 0.726502, -0.0088658, -0.0376264, -0.131374
1618587162958628416, 0.99397, -0.0441776, 0.0950536, 0.0322042, -0.0522708, 0.0796345, 0.705423, 0.026105, -0.0332311, -0.255859
1618587163058466196, 0.995631, -0.0429354, 0.0789104, 0.0254507, -0.0498043, 0.0789654, 0.67419, 0.0250579, 0.00427745, -0.352454
1618587163158257723, 0.996951, -0.0388858, 0.0648283, 0.0193458, -0.0495399, 0.0819019, 0.634731, 0.00310321, 0.0321741, -0.423854
1618587163258116245, 0.997688, -0.0315249, 0.0577507, 0.0170079, -0.0507289, 0.0864394, 0.590681, -0.00552716, 0.0421985, -0.450414
1618587163358133316, 0.997867, -0.0233646, 0.0577323, 0.019538, -0.0525969, 0.0924549, 0.544288, -0.0141416, 0.062581, -0.463115
1618587163458309412, 0.997894, -0.0154213, 0.0580296, 0.0245337, -0.0552699, 0.100455, 0.496345, -0.015597, 0.0773219, -0.473126
1618587163558561325, 0.997957, -0.00849643, 0.057657, 0.0261707, -0.0572142, 0.108787, 0.448344, -0.00864134, 0.074059, -0.472773
1618587163658771753, 0.997827, -0.00148223, 0.0628142, 0.0198603, -0.0598788, 0.116111, 0.402658, -0.0310087, 0.0652795, -0.465152
1618587163759052277, 0.997383, 0.00311134, 0.0712155, 0.0120891, -0.0639013, 0.122733, 0.357262, -0.0426389, 0.0605069, -0.466737
1618587163859291553, 0.997537, 0.00382067, 0.0698037, 0.00570782, -0.0681359, 0.128883, 0.310209, -0.0454966, 0.0538436, -0.46152
1618587163959339619, 0.997488, 0.00399198, 0.0706542, 0.00321489, -0.0725013, 0.133506, 0.266519, -0.0469639, 0.0411623, -0.415151
1618587164059260130, 0.996858, 0.00226645, 0.0789268, 0.00627139, -0.0755772, 0.136889, 0.228622, -0.0272703, 0.0336288, -0.346149
1618587164159077406, 0.996286, 0.000432021, 0.0855182, 0.0100012, -0.0771377, 0.140363, 0.197819, -0.0172347, 0.0411806, -0.27409
1618587164258800030, 0.995895, 0.0006892, 0.0899057, 0.0104539, -0.0781118, 0.144173, 0.17467, -0.0147588, 0.0412334, -0.200667
1618587164358621836, 0.995313, 0.00174226, 0.0964942, 0.00614523, -0.0788814, 0.147987, 0.15884, -0.0154865, 0.0414966, -0.126402
1618587164458513260, 0.995558, 0.00317136, 0.0940995, 0.000352924, -0.0791369, 0.150954, 0.150971, -0.012458, 0.0307057, -0.0337419
1618587164558493376, -0.996548, -0.00510758, -0.0828447, 0.00153998, -0.078224, 0.151811, 0.154196, 0.00543933, 0.00661301, 0.0923872
1618587164658586979, -0.997521, -0.00587986, -0.0701155, 0.00128162, -0.0753737, 0.151244, 0.171569, 0.0246253, -0.0047282, 0.245071
1618587164758782625, -0.99784, -0.00360316, -0.0655668, 0.00178514, -0.0711018, 0.149911, 0.202534, 0.0400231, -0.0114607, 0.38263
1618587164858942509, -0.998234, -0.000991898, -0.059316, 0.00318298, -0.0661389, 0.147833, 0.244288, 0.0399873, -0.0168297, 0.49504
1618587164959091425, -0.998339, 0.00110649, -0.0575714, 0.00201301, -0.0613424, 0.144844, 0.298046, 0.0397456, -0.0279135, 0.570513
1618587165059192181, 0.998614, -0.00331397, 0.0524586, 0.00280057, -0.0560463, 0.141172, 0.357042, 0.0492448, -0.036989, 0.610304
1618587165159186840, 0.998823, -0.00560016, 0.0470174, 0.0105559, -0.0510513, 0.137149, 0.419291, 0.0414947, -0.0313347, 0.624646
1618587165259077311, 0.998868, -0.00863827, 0.0432721, 0.017779, -0.0468541, 0.13401, 0.482597, 0.03664, -0.0223318, 0.596276
1618587165358918667, 0.998283, -0.010757, 0.0538936, 0.0202713, -0.0434726, 0.131115, 0.539959, 0.0311208, -0.0252609, 0.537868
1618587165458784819, 0.997979, -0.0130672, 0.0586794, 0.0205834, -0.0403138, 0.127795, 0.59059, 0.035231, -0.0358087, 0.490837
1618587165558740139, 0.997702, -0.0161926, 0.0630265, 0.0188581, -0.0359141, 0.122985, 0.638226, 0.0501809, -0.0534625, 0.45163
1618587165658745289, 0.997174, -0.0194245, 0.071212, 0.014013, -0.0312443, 0.117261, 0.680247, 0.0482208, -0.0634166, 0.385073
1618587165758767128, 0.996865, -0.0249759, 0.074428, 0.00986596, -0.0281477, 0.111463, 0.712615, 0.0219008, -0.0534527, 0.275098
1618587165858787060, 0.996694, -0.0295821, 0.0753667, 0.0067625, -0.0276496, 0.107144, 0.731126, 0.00509778, -0.0344218, 0.120536
1618587165958848000, 0.996376, -0.0315628, 0.0788123, 0.00521789, -0.0290037, 0.105954, 0.734328, -0.015761, -0.00342926, -0.0525202
1618587166058859110, 0.996461, -0.0290875, 0.0787222, 0.00472403, -0.0325894, 0.10791, 0.719818, -0.0249376, 0.0184548, -0.224229
1618587166158816814, 0.997086, -0.0239898, 0.0723438, 0.00330563, -0.0358701, 0.11139, 0.690975, -0.0102523, 0.0270525, -0.348696
1618587166258772373, 0.997794, -0.0189972, 0.0635893, 0.0016802, -0.0369652, 0.116088, 0.651233, 0.0150881, 0.0466388, -0.446148
1618587166358779669, 0.998574, -0.0154637, 0.0510463, 0.0022011, -0.0356957, 0.122763, 0.603613, 0.0301183, 0.0597286, -0.503896
1618587166458721876, 0.999202, -0.0112716, 0.0381915, 0.00308189, -0.0333002, 0.130422, 0.551715, 0.0379302, 0.0722006, -0.541299
1618587166558595896, 0.999431, -0.00693987, 0.0329786, 0.00155332, -0.0318107, 0.13965, 0.49594, 0.0149625, 0.0961266, -0.571379
1618587166658540010, 0.999556, -0.00360594, 0.0295677, 0.000640025, -0.0328062, 0.149959, 0.438385, -0.0051023, 0.092112, -0.561712
1618587166758600235, 0.999376, -0.000766184, 0.0352443, 0.00241289, -0.034477, 0.158168, 0.383185, -0.0173315, 0.0704382, -0.532595
1618587166858731270, 0.999099, 0.00211967, 0.041507, 0.00861952, -0.0364352, 0.164446, 0.333036, -0.0216531, 0.0556263, -0.483275
1618587166958957672, 0.998949, 0.00550438, 0.0434148, 0.0136104, -0.0384753, 0.169244, 0.288732, -0.0270981, 0.0413738, -0.424578
1618587167059206486, 0.998524, 0.00756764, 0.0526336, 0.011081, -0.0416154, 0.171972, 0.249291, -0.040098, 0.0183974, -0.388165
1618587167159284115, 0.997489, 0.00868666, 0.0697066, 0.00900285, -0.045517, 0.172091, 0.211489, -0.0390588, -0.00205898, -0.373153
1618587167259209394, 0.997176, 0.00893869, 0.0740077, 0.00911856, -0.0489686, 0.17186, 0.175641, -0.0421094, 0.0045166, -0.330166
1618587167359095097, 0.997348, 0.00749548, 0.0716299, 0.0105079, -0.0518196, 0.172204, 0.146519, -0.0312083, 0.0099939, -0.261905
1618587167458937407, 0.997653, 0.005181, 0.0676377, 0.00932614, -0.0536907, 0.172565, 0.125166, -0.0201818, 0.00460391, -0.177404
1618587167558703899, 0.998163, 0.00399517, 0.0600431, 0.00703109, -0.0540722, 0.172266, 0.113558, -0.0095475, -0.00101853, -0.0651176
1618587167658490658, 0.998489, 0.00326437, 0.0545978, 0.00530417, -0.0534989, 0.171393, 0.113716, 0.00190771, -0.00471729, 0.0640198
1618587167758364439, 0.998745, 0.00276332, 0.0497087, 0.00551042, -0.0522552, 0.170864, 0.128478, 0.0158409, 0.00333082, 0.224486
1618587167858367920, 0.999476, 0.00173231, 0.0318241, 0.00573451, -0.0491148, 0.171398, 0.15989, 0.0419511, 0.010857, 0.401465
1618587167958399296, 0.999848, 0.00037734, 0.0167072, 0.00496473, -0.0440221, 0.171727, 0.204705, 0.0608708, 0.00799099, 0.525792
1618587168058382511, 0.99997, -0.000883727, 0.00626149, 0.00457605, -0.0365307, 0.170876, 0.257428, 0.0816795, -0.00771322, 0.60185
1618587168158362865, 0.999959, -0.00390642, -0.00557491, 0.00600115, -0.0277221, 0.169268, 0.318963, 0.055552, -0.0062549, 0.652544
1618587168258474350, 0.999917, -0.00723303, 0.00389801, 0.00988138, -0.0241277, 0.168327, 0.385115, 0.00381981, 0.0050379, 0.675495
1618587168358729362, 0.999394, -0.00959442, 0.0301257, 0.0145607, -0.0246701, 0.167545, 0.448952, -0.026038, -0.00134651, 0.646582
1618587168459005117, 0.997874, -0.0109242, 0.0614706, 0.0186944, -0.0275787, 0.166358, 0.512768, -0.0333193, -0.0119297, 0.602755
1618587168559320688, 0.99615, -0.0131165, 0.0846801, 0.0185086, -0.0299831, 0.163302, 0.574111, -0.0161123, -0.0468506, 0.565703
1618587168659498215, 0.994581, -0.0165632, 0.101608, 0.0144657, -0.031229, 0.157289, 0.629671, -0.0126507, -0.0665317, 0.532401
1618587168759454966, 0.992734, -0.018826, 0.118532, 0.0086988, -0.0328307, 0.151199, 0.683093, -0.0295052, -0.0537211, 0.49026
1618587168859218359, 0.990282, -0.0208798, 0.137472, 0.00268492, -0.0364193, 0.147489, 0.729486, -0.0341377, -0.0296643, 0.392135
1618587168958904982, -0.989752, 0.0233155, -0.14088, 0.000121732, -0.0396688, 0.146001, 0.760932, -0.029597, -0.00976613, 0.226616
1618587169058673382, 0.989836, -0.0272755, 0.139547, 0.00254556, -0.0424752, 0.146691, 0.773342, -0.00964977, 0.00952046, 0.0144336
1618587169158411980, 0.990593, -0.0297057, 0.133395, 0.00700848, -0.042458, 0.148871, 0.76385, 0.0253817, 0.0170681, -0.186193
1618587169258157969, 0.992406, -0.0286596, 0.119387, 0.00746099, -0.0395683, 0.152052, 0.736359, 0.0507976, 0.025229, -0.334659
1618587169358043432, 0.993988, -0.0257321, 0.106301, 0.00516685, -0.0354492, 0.156025, 0.695826, 0.0567233, 0.032829, -0.454514
1618587169458134413, 0.995088, -0.0237579, 0.0960423, 0.00325435, -0.0309699, 0.161227, 0.645293, 0.061247, 0.0508413, -0.529259
1618587169558336973, 0.996297, -0.0242508, 0.0824788, 0.00123635, -0.0261162, 0.168569, 0.589227, 0.0519185, 0.0749002, -0.578424
1618587169658578396, -0.996928, 0.0244514, -0.0744004, 0.00122218, -0.0229624, 0.17764, 0.52729, 0.0185298, 0.0872001, -0.621502
1618587169758770943, -0.996714, 0.0213813, -0.0781067, 0.00155656, -0.0239295, 0.186683, 0.463588, -0.0200691, 0.0800949, -0.635263
1618587169858886957, -0.996346, 0.0158938, -0.0839089, 0.00116998, -0.027066, 0.193891, 0.401361, -0.0288501, 0.0652846, -0.599206
1618587169959027529, -0.996321, 0.011388, -0.0848916, 0.00277, -0.0313145, 0.200527, 0.345563, -0.0406567, 0.0586789, -0.546703
1618587170059128284, -0.996668, 0.00849418, -0.0808261, 0.0068801, -0.0360626, 0.205527, 0.295157, -0.0480466, 0.0435355, -0.478074
1618587170159129143, -0.997301, 0.00559058, -0.0724571, 0.0104796, -0.0409356, 0.208299, 0.254753, -0.0581353, 0.0206916, -0.354495
1618587170259114265, -0.998165, 0.00307987, -0.0591216, 0.0126895, -0.0457415, 0.209781, 0.227433, -0.052309, 0.0174536, -0.192557
1618587170359126329, -0.998829, 0.00123327, -0.0468652, 0.0119241, -0.0487774, 0.211117, 0.216344, -0.0314575, 0.0168262, -0.0491841
1618587170459101439, -0.999077, -0.000239812, -0.0421353, 0.00836981, -0.0498961, 0.211859, 0.21641, -0.015003, 0.0115699, 0.0226741
1618587170559090853, -0.999264, -0.0022407, -0.0378737, 0.00566789, -0.0504361, 0.212325, 0.221278, -0.0143316, 0.00882175, 0.0760226
1618587170659089565, -0.999353, -0.00494493, -0.0348093, 0.00757998, -0.0508016, 0.211849, 0.236439, -0.00137618, -0.00616514, 0.208606
1618587170759071827, -0.999529, -0.00695494, -0.0275093, 0.0117042, -0.0476309, 0.208987, 0.264127, 0.0460124, -0.0361514, 0.352001
1618587170859017611, -0.999849, -0.00894474, -0.0121041, 0.0086741, -0.0411772, 0.203733, 0.304839, 0.0555906, -0.0608011, 0.450817
1618587170958909512, 0.99993, 0.011421, -0.0025958, 0.0015363, -0.0355294, 0.196406, 0.351516, 0.0350399, -0.0702998, 0.454263
1618587171058882236, 0.999882, 0.0120037, 0.000472478, 0.00953042, -0.0339533, 0.189288, 0.391636, -0.00238209, -0.0586931, 0.346881
1618587171158760786, 0.999796, 0.0127897, 0.0111032, 0.0110335, -0.0359281, 0.1832, 0.419198, -0.027152, -0.0553669, 0.224583
1618587171258548021, 0.999547, 0.0131447, 0.0254625, 0.00917198, -0.0392387, 0.177845, 0.435329, -0.0264877, -0.0427437, 0.126055
1618587171358370066, 0.999293, 0.0106861, 0.0356288, 0.00549641, -0.0410411, 0.173753, 0.442097, -0.00341025, -0.0364547, 0.0440311
1618587171458275795, 0.999336, 0.00648277, 0.035673, 0.00355876, -0.0399107, 0.170921, 0.44304, 0.0238463, -0.0240941, 0.00893688
1618587171558342457, 0.99961, -0.00140983, 0.0273996, 0.00522321, -0.0364838, 0.172473, 0.443706, 0.0507955, 0.0598297, 0.0192593
1618587171658494473, 0.999774, -0.0135232, 0.0145849, 0.0075474, -0.0302543, 0.184785, 0.446015, 0.0774324, 0.170005, 0.0514752
1618587171758495569, 0.999697, -0.0222259, 0.00451266, 0.00955415, -0.0235945, 0.207493, 0.452375, 0.0588261, 0.270648, 0.0946928
1618587171858279705, 0.999587, -0.0236402, 0.0113814, 0.0116896, -0.0211743, 0.239932, 0.462576, 0.0119091, 0.370546, 0.119138
1618587171958005905, 0.999272, -0.0190684, 0.0311486, 0.0110563, -0.0209977, 0.280584, 0.475588, 0.0066662, 0.426068, 0.122029
1618587172057811737, 0.998669, -0.0137222, 0.0489713, 0.0085475, -0.0200305, 0.323726, 0.487231, 0.014787, 0.431225, 0.0987535
1618587172157772541, 0.99773, -0.0114675, 0.0662211, 0.00425096, -0.0173153, 0.366804, 0.496323, 0.048651, 0.434403, 0.0639928
1618587172257891893, -0.997188, 0.0145155, -0.0735104, 0.00101582, -0.0107899, 0.411295, 0.502889, 0.0738121, 0.455047, 0.0401303
1618587172357993841, -0.996797, 0.0200434, -0.0772729, 0.00487918, -0.00411381, 0.456423, 0.504776, 0.0565772, 0.437991, 0.00273383
1618587172457897425, -0.99584, 0.0231361, -0.0880374, 0.00405922, -0.000512899, 0.49673, 0.502902, 0.0240128, 0.373202, -0.0304136
1618587172557639837, 0.99414, -0.0215582, 0.105918, 0.00173198, 0.000935785, 0.529463, 0.498492, 0.00555112, 0.285151, -0.0373836
1618587172657334089, 0.993708, -0.0140322, 0.110873, 0.00736281, 0.00165838, 0.552235, 0.495461, 0.00304999, 0.16819, -0.0345142
1618587172757292986, 0.99368, -0.00474707, 0.112, 0.00575149, 0.00280644, 0.563149, 0.493456, 0.00684949, 0.0541745, -0.0233903
1618587172857556820, -0.994226, 0.000875586, -0.107298, 0.00119947, 0.00495336, 0.562262, 0.492613, 0.0180893, -0.0671184, -0.00328658
1618587172958028078, -0.994752, 0.000616121, -0.101878, 0.00938753, 0.00813933, 0.54898, 0.491573, 0.0109881, -0.191256, -0.00144213
1618587173058527470, -0.994943, 0.00400801, -0.099054, 0.0161447, 0.00777922, 0.523108, 0.491009, -0.0221305, -0.323876, 0.0022536
1618587173158871889, -0.994701, 0.00912256, -0.100696, 0.0186475, 0.00421257, 0.484514, 0.491219, -0.0520489, -0.435474, 0.000358482
1618587173259076118, -0.994376, 0.0171296, -0.103359, 0.0154822, -0.0012881, 0.437064, 0.492044, -0.0564194, -0.511241, 0.0143719
1618587173359030247, -0.9944, 0.0252106, -0.102193, 0.00943823, -0.00710734, 0.383077, 0.494416, -0.0613576, -0.568871, 0.033257
1618587173458803654, -0.994408, 0.0318785, -0.100583, 0.00449189, -0.0131941, 0.325231, 0.498799, -0.0603098, -0.591429, 0.0415034
1618587173558482647, -0.99483, 0.0352577, -0.0952413, 0.000249823, -0.0186146, 0.266986, 0.503297, -0.0438111, -0.588949, 0.0515013
1618587173658150434, 0.995328, -0.0353649, 0.0896694, 0.00555595, -0.0222682, 0.209499, 0.506031, -0.0370273, -0.569476, 0.0322779
1618587173758002281, 0.995682, -0.0361011, 0.0846927, 0.0118551, -0.0254348, 0.153502, 0.506479, -0.032179, -0.552173, -0.0158706
1618587173857985258, 0.996454, -0.0381451, 0.0730749, 0.0168741, -0.0278368, 0.0992115, 0.500914, -0.0190474, -0.535836, -0.0594906
1618587173957947731, 0.996837, -0.0383788, 0.066416, 0.0207627, -0.0297676, 0.0468589, 0.494768, -0.0140871, -0.514966, -0.0711412
1618587174057842255, 0.997226, -0.034102, 0.0628768, 0.0205716, -0.031366, -0.00270864, 0.486648, -0.0203074, -0.47408, -0.0680817
1618587174157781839, 0.997794, -0.0298205, 0.0546702, 0.0229948, -0.0346066, -0.0453547, 0.481818, -0.0408829, -0.383415, -0.0389967
1618587174257874489, 0.998006, -0.0303028, 0.0479774, 0.0276213, -0.0397003, -0.0784119, 0.478142, -0.0493963, -0.290137, -0.0583271
1618587174357992649, 0.998118, -0.0321333, 0.0425011, 0.0303554, -0.0442958, -0.101429, 0.473137, -0.033553, -0.169652, -0.0688837
1618587174458097219, 0.998351, -0.033903, 0.0383995, 0.0258988, -0.0458722, -0.112679, 0.466503, 0.00803363, -0.0617723, -0.0611418
1618587174558093309, 0.998411, -0.0326493, 0.0417484, 0.0191691, -0.0439541, -0.112986, 0.462023, 0.0316931, 0.0446475, -0.0247592
1618587174658008337, 0.998178, -0.0282049, 0.0507771, 0.0163106, -0.0403993, -0.102057, 0.462442, 0.039371, 0.17219, 0.0266613
1618587174757972956, 0.997712, -0.0253532, 0.0606616, 0.0157443, -0.0357922, -0.0768936, 0.467936, 0.0532607, 0.331245, 0.0657725
1618587174858093500, 0.997081, -0.0274185, 0.0700721, 0.0129298, -0.0304437, -0.0367411, 0.476456, 0.0462138, 0.453938, 0.0785318
1618587174958246708, 0.99702, -0.029987, 0.0705214, 0.00881414, -0.0267533, 0.0127643, 0.485252, 0.0306054, 0.526412, 0.0694063
1618587175058389425, 0.997368, -0.0315792, 0.0651412, 0.00417297, -0.0236673, 0.0680637, 0.492236, 0.0270665, 0.576144, 0.0543273
1618587175158385992, -0.997695, 0.0302708, -0.0607263, 0.00118552, -0.02283, 0.126593, 0.497281, -0.00608566, 0.601235, 0.0304369
1618587175258287668, -0.997833, 0.0271215, -0.0597176, 0.00522844, -0.0240086, 0.185852, 0.498874, -0.0150525, 0.597166, -0.0126656
1618587175358305216, -0.99823, 0.025841, -0.05326, 0.00576036, -0.0254051, 0.244844, 0.494172, -0.0193728, 0.588049, -0.0697365
1618587175458306789, -0.998318, 0.0254678, -0.0519737, 0.00347776, -0.0265604, 0.302791, 0.484869, -0.000767169, 0.576903, -0.102391
1618587175558104277, -0.998258, 0.0209119, -0.0551532, 0.00159463, -0.0252595, 0.357813, 0.475742, 0.022146, 0.534471, -0.0791772
1618587175657876730, -0.99722, 0.0163498, -0.0726057, 0.00363222, -0.0234446, 0.408265, 0.470898, 0.0213815, 0.487639, -0.0436075
1618587175757764101, -0.995978, 0.0161417, -0.087808, 0.00755176, -0.0208978, 0.454688, 0.467427, 0.0251042, 0.441592, -0.0258025
1618587175857698917, -0.995539, 0.0163737, -0.0926597, 0.00691081, -0.0185488, 0.494243, 0.464129, 0.0172652, 0.359651, -0.0377248
1618587175957615852, -0.995464, 0.0146443, -0.0939989, 0.00113505, -0.0170244, 0.523486, 0.458966, 0.0110355, 0.223898, -0.0523108
1618587176057627916, 0.995325, -0.00945557, 0.0960919, 0.00229275, -0.0155022, 0.538009, 0.453094, 0.0223565, 0.082272, -0.0442924
1618587176157841444, 0.996155, -0.00773032, 0.0872432, 0.00190969, -0.0120356, 0.540276, 0.44855, 0.0312838, -0.0322139, -0.0102891
1618587176258079529, -0.996648, 0.00988901, -0.0812132, 0.0006087, -0.00991877, 0.530666, 0.448024, 0.000122925, -0.157055, 0.0262835
1618587176358306408, -0.996585, 0.0136945, -0.0813129, 0.00430143, -0.0119828, 0.508905, 0.451071, -0.0322456, -0.274342, 0.0540186
1618587176458436251, -0.996231, 0.0173682, -0.0845016, 0.00904793, -0.0157791, 0.476474, 0.457194, -0.0415735, -0.368094, 0.0828396
1618587176558391094, -0.995697, 0.0194977, -0.0894635, 0.0142499, -0.0204864, 0.43563, 0.467551, -0.0442304, -0.444795, 0.106872
1618587176658182144, -0.995317, 0.0185495, -0.0935827, 0.0155793, -0.0243461, 0.387806, 0.477776, -0.0378642, -0.511053, 0.0980733
1618587176757966995, -0.995832, 0.0182517, -0.0887227, 0.0106827, -0.0293865, 0.335269, 0.483716, -0.0647096, -0.548028, 0.0480015
1618587176857799768, -0.996633, 0.0180926, -0.0797677, 0.00570818, -0.0354439, 0.279864, 0.484877, -0.0568876, -0.568817, -0.0134481
1618587176957677364, -0.997041, 0.0189905, -0.0744636, 0.00171175, -0.039163, 0.222056, 0.480347, -0.0258545, -0.590463, -0.0657436
1618587177057663441, 0.997085, -0.0213799, 0.0731575, 0.00351184, -0.0412417, 0.163451, 0.472051, -0.0127149, -0.58596, -0.0848215
1618587177157701015, 0.997116, -0.0216883, 0.0725539, 0.00493132, -0.0439419, 0.106265, 0.464821, -0.0297786, -0.570205, -0.0611997
1618587177257646799, 0.997034, -0.0187282, 0.0743652, 0.00651879, -0.0485149, 0.0507415, 0.461254, -0.0545932, -0.545472, -0.0166717
1618587177357555389, 0.997333, -0.0156768, 0.0700601, 0.0131094, -0.0545071, 0.000129589, 0.462183, -0.0626794, -0.472244, 0.0152628
1618587177457711697, 0.997478, -0.0202429, 0.0653538, 0.018878, -0.0608756, -0.0377487, 0.462192, -0.0565896, -0.289138, -0.00978275
1618587177557964325, 0.997835, -0.0276229, 0.0575166, 0.0159388, -0.0648024, -0.058342, 0.459943, -0.0263284, -0.137583, -0.0412313
1618587177658181667, 0.997761, -0.0355067, 0.0551975, 0.0128766, -0.0669664, -0.0656284, 0.455144, -0.0164777, -0.0067004, -0.0622668
1618587177758097410, 0.997557, -0.0388683, 0.0570918, 0.0104615, -0.0678856, -0.0584634, 0.450533, -0.000680202, 0.149635, -0.0504315
1618587177857830048, 0.997218, -0.04091, 0.061845, 0.00759545, -0.066019, -0.0355373, 0.449376, 0.0348588, 0.301197, 0.0110431
1618587177957501650, 0.996892, -0.0430917, 0.0654942, 0.00779231, -0.0612172, 0.00114187, 0.455394, 0.051619, 0.440147, 0.11633
1618587178057170153, 0.996579, -0.0435559, 0.0691741, 0.0121637, -0.0564914, 0.0512714, 0.472059, 0.0368731, 0.554249, 0.206646
1618587178156854868, 0.996142, -0.0411133, 0.0757276, 0.0166272, -0.0534306, 0.10891, 0.493541, 0.0321509, 0.591105, 0.21755
1618587178256539583, 0.995938, -0.0351226, 0.0815004, 0.0152148, -0.051054, 0.167914, 0.511744, 0.0265757, 0.614172, 0.151336
1618587178356395721, 0.995327, -0.0289119, 0.091687, 0.00909141, -0.0480835, 0.22874, 0.523629, 0.0381238, 0.617256, 0.0942012
1618587178456635237, 0.994584, -0.0255454, 0.10066, 0.00422068, -0.0434317, 0.289309, 0.53077, 0.0452874, 0.596472, 0.0326185
1618587178557069778, 0.994969, -0.0237666, 0.0972907, 0.00253925, -0.0378606, 0.348281, 0.531703, 0.0586758, 0.579529, -0.0291291
1618587178657546520, 0.995991, -0.0228016, 0.0864817, 0.00167534, -0.0301915, 0.406205, 0.524853, 0.0841424, 0.575366, -0.0816558
1618587178757943630, 0.996973, -0.0233305, 0.0741241, 0.00247593, -0.0213958, 0.462553, 0.514077, 0.0865005, 0.55345, -0.101996
1618587178858222246, 0.997307, -0.0262107, 0.068463, 0.00194987, -0.0139101, 0.515889, 0.502575, 0.0678714, 0.500973, -0.114652
1618587178958304405, 0.997355, -0.0276404, 0.0672294, 0.000155635, -0.00836021, 0.562755, 0.491044, 0.0391674, 0.431677, -0.0975883
1618587179058199644, 0.996647, -0.0265273, 0.0773909, 0.00149113, -0.0065204, 0.60324, 0.481222, -0.00272625, 0.390915, -0.0842805
1618587179158070326, 0.995538, -0.0255938, 0.0900761, 0.0116184, -0.00851043, 0.637379, 0.476275, -0.0307693, 0.277719, -0.0577189
1618587179257848263, 0.99449, -0.0215818, 0.100943, 0.018299, -0.0127949, 0.65536, 0.471575, -0.0432469, 0.085916, -0.0673926
1618587179357583523, 0.994386, -0.0149562, 0.103591, 0.0155291, -0.015708, 0.653729, 0.466467, -0.0135644, -0.107815, -0.0529636
1618587179457474709, 0.994925, -0.00797926, 0.10012, 0.00603241, -0.0175912, 0.632211, 0.463667, -0.0282735, -0.315282, -0.0122288
1618587179557471037, -0.995371, 0.00257157, -0.0958749, 0.00611742, -0.0222394, 0.591681, 0.464696, -0.0639099, -0.488165, 0.0378032
1618587179657524586, -0.995434, -0.00228634, -0.0937991, 0.0175122, -0.0296686, 0.536367, 0.468497, -0.0792535, -0.590402, 0.0607775
1618587179757748127, -0.995647, -0.00408359, -0.089609, 0.0253044, -0.0375246, 0.475356, 0.472831, -0.0800782, -0.618735, 0.0836089
1618587179858015776, -0.996184, -0.00413379, -0.0826647, 0.0277017, -0.0468433, 0.412256, 0.48018, -0.0974187, -0.639551, 0.0955244
1618587179958181381, -0.996944, -0.00410626, -0.0743797, 0.0235161, -0.0566375, 0.347638, 0.488677, -0.0911072, -0.658296, 0.0783001
1618587180058331251, -0.997879, -0.00152884, -0.0631945, 0.0155719, -0.0639057, 0.28203, 0.493055, -0.0519265, -0.676103, 0.0277689
1618587180158350945, -0.998536, 0.000656851, -0.0534774, 0.00811224, -0.0661748, 0.21389, 0.49186, -0.0102083, -0.699468, -0.0189972
1618587180258229017, -0.998912, 0.0032571, -0.0464794, 0.00214826, -0.0667133, 0.146212, 0.488079, -0.00976971, -0.673067, -0.0381127
1618587180358054876, 0.998827, -0.00447148, 0.0481907, 0.00137226, -0.0684549, 0.0824584, 0.484827, -0.0261154, -0.609108, -0.0393069
1618587180457936525, 0.998719, -0.00348513, 0.0504659, 0.00121704, -0.0717337, 0.0273988, 0.482239, -0.0362256, -0.489282, -0.0299173
1618587180557952881, 0.998622, -0.00653164, 0.0520061, 0.00255759, -0.0759863, -0.0117344, 0.480922, -0.0379158, -0.289013, -0.0201028
1618587180657884121, 0.998716, -0.0106935, 0.0493923, 0.0034933, -0.0787669, -0.0306664, 0.478829, -0.0110056, -0.101869, -0.0363104
1618587180757645369, 0.998764, -0.0140818, 0.0476364, 0.00175254, -0.0785939, -0.0348361, 0.474522, 0.0141802, 0.0129276, -0.0438968
1618587180857292175, 0.998843, -0.0143811, 0.0458847, 0.000977443, -0.0766834, -0.0265281, 0.470264, 0.0289329, 0.143103, -0.0351741
1618587180957067966, 0.998842, -0.0146958, 0.0458038, 0.000980963, -0.0731482, -0.00569513, 0.467876, 0.0446371, 0.254219, -0.0142602
1618587181056972265, 0.998657, -0.0133693, 0.0500343, 0.00117342, -0.0691031, 0.0244734, 0.467548, 0.0391373, 0.345006, -0.00876375
1618587181157002449, 0.998445, -0.0110319, 0.0546382, 0.000261308, -0.0651825, 0.0632144, 0.468992, 0.0394071, 0.423633, 0.020131
1618587181257074833, -0.998414, 0.00605329, -0.0559394, 0.00163606, -0.0614321, 0.105713, 0.472253, 0.0362044, 0.410004, 0.0332297
1618587181357133389, -0.998637, -0.000472341, -0.0521592, 0.00156588, -0.057951, 0.141641, 0.476031, 0.0296565, 0.313997, 0.0287426
1618587181457226515, 0.998771, 0.00664328, 0.0491103, 0.000272297, -0.0551397, 0.16675, 0.478249, 0.021388, 0.206695, 0.0107737
1618587181557322979, 0.998768, 0.0113708, 0.048265, 0.00166069, -0.0523887, 0.18335, 0.478803, 0.025709, 0.144637, -0.0048101
1618587181657474995, 0.998686, 0.0141271, 0.0492415, 0.00132718, -0.0482673, 0.195017, 0.478666, 0.0541016, 0.105144, -0.00796893
1618587181757685661, -0.998483, -0.0151418, -0.0529445, 0.000150689, -0.0407068, 0.204448, 0.478019, 0.10284, 0.0995123, -0.0139056
1618587181857825279, -0.998144, -0.017715, -0.0581929, 0.00291936, -0.0269184, 0.214285, 0.476865, 0.174914, 0.0964279, -0.00494725
1618587181957862854, -0.998014, -0.0233236, -0.0583547, 0.00433045, -0.0053277, 0.221465, 0.474877, 0.262357, 0.0550881, -0.0195083
1618587182057781935, -0.998272, -0.0308965, -0.0499806, 0.000749505, 0.0273877, 0.22475, 0.471615, 0.379491, 0.0186194, -0.0368514
1618587182157848358, 0.998378, 0.0346051, 0.0443243, 0.00894849, 0.0711176, 0.225364, 0.46347, 0.469726, -0.00243422, -0.0867021
1618587182257960081, 0.998316, 0.0318838, 0.044437, 0.0193156, 0.120853, 0.223602, 0.452009, 0.524222, -0.0368865, -0.121537
1618587182358118296, 0.99825, 0.0257024, 0.0482217, 0.0226159, 0.172992, 0.216858, 0.438525, 0.520403, -0.0954391, -0.127073
1618587182458365917, 0.997401, 0.0157113, 0.066622, 0.0224908, 0.221651, 0.206508, 0.427146, 0.472932, -0.0987249, -0.116565
1618587182558496714, 0.996011, 0.00690215, 0.086531, 0.0206792, 0.266064, 0.197913, 0.418169, 0.423152, -0.0746602, -0.0819048
1618587182658457518, 0.994788, -0.00202542, 0.0994134, 0.022588, 0.305837, 0.191616, 0.412929, 0.374777, -0.0506753, -0.046251
1618587182758169174, 0.994917, -0.00891708, 0.0973781, 0.0240468, 0.340102, 0.187981, 0.410264, 0.315219, -0.0200364, -0.010605
1618587182857796192, 0.995322, -0.014293, 0.0928798, 0.0224208, 0.367464, 0.186821, 0.409522, 0.233675, -0.00769039, -0.00537472
1618587182957411528, 0.995783, -0.0174044, 0.0878332, 0.0199427, 0.384162, 0.186832, 0.408823, 0.109342, 0.00655525, -0.00848975
1618587183057186604, 0.996559, -0.0182921, 0.0783241, 0.0200431, 0.38891, 0.187904, 0.40859, -0.0186667, 0.0147656, 0.00658003
1618587183157172918, 0.996764, -0.0188852, 0.0748823, 0.0223012, 0.379671, 0.189288, 0.410997, -0.162383, 0.0130948, 0.0257768
1618587183257213354, 0.996648, -0.0171078, 0.0771263, 0.0212396, 0.354928, 0.191062, 0.414547, -0.328764, 0.0201979, 0.0345112
1618587183357303381, 0.996464, -0.0134734, 0.0809433, 0.018057, 0.313825, 0.192503, 0.41967, -0.487265, 0.0162344, 0.0357452
1618587183457454443, 0.996607, -0.011772, 0.0798929, 0.0159217, 0.26165, 0.194609, 0.42351, -0.552341, 0.0229802, 0.0245175
1618587183557667017, 0.99729, -0.0123461, 0.0711862, 0.0138833, 0.205224, 0.197296, 0.425537, -0.586419, 0.0257617, 0.00810433
1618587183657820463, 0.998009, -0.014831, 0.0601586, 0.011786, 0.146403, 0.200708, 0.424945, -0.595486, 0.0372132, -0.0130147
1618587183757916927, 0.998524, -0.0162748, 0.0506944, 0.0107259, 0.0881381, 0.205442, 0.423085, -0.568476, 0.0503681, -0.0202514
1618587183858071566, 0.998953, -0.0177281, 0.0410403, 0.00968882, 0.0344652, 0.210931, 0.422753, -0.518203, 0.0563247, 0.000530342
1618587183958211660, 0.999219, -0.0204623, 0.0329733, 0.00747932, -0.0128313, 0.216187, 0.424725, -0.444517, 0.0489453, 0.0280166
1618587184058277130, 0.999313, -0.0249844, 0.0262922, 0.00758296, -0.0550871, 0.220873, 0.428671, -0.405871, 0.0465867, 0.0398919
1618587184158205032, 0.999236, -0.0283186, 0.0252579, 0.00935843, -0.0932306, 0.224876, 0.432101, -0.358294, 0.0350391, 0.0291758
1618587184258011818, 0.999291, -0.0276628, 0.0225173, 0.012085, -0.127507, 0.227829, 0.433242, -0.333447, 0.0310281, -0.00275999
1618587184357824326, 0.999268, -0.0256979, 0.0239866, 0.0150715, -0.161059, 0.231312, 0.430334, -0.328226, 0.0442832, -0.048728
1618587184457755327, 0.999277, -0.0257814, 0.0222292, 0.0169581, -0.190397, 0.236326, 0.424156, -0.261365, 0.0516103, -0.056979
1618587184557686329, 0.999338, -0.0266413, 0.0190652, 0.015849, -0.213147, 0.241373, 0.418946, -0.194398, 0.0513392, -0.0449752
1618587184657610655, 0.999319, -0.0275106, 0.0201614, 0.01409, -0.229272, 0.246654, 0.414726, -0.128004, 0.0511175, -0.0306704
1618587184757597685, 0.999309, -0.0280667, 0.0205273, 0.0131548, -0.239823, 0.251678, 0.411552, -0.0837224, 0.0534842, -0.0254885
1618587184857635260, 0.999263, -0.0283126, 0.0228684, 0.0121769, -0.245684, 0.257447, 0.40895, -0.0284922, 0.0566801, -0.0192401
1618587184957605362, 0.999159, -0.0285676, 0.0273158, 0.0109107, -0.244375, 0.262465, 0.406817, 0.0591143, 0.046002, -0.00612671
1618587185057475567, 0.999141, -0.0282611, 0.0288595, 0.00926365, -0.234684, 0.266154, 0.406271, 0.142127, 0.0345465, 0.00927028
1618587185157327890, 0.999066, -0.0276347, 0.0326263, 0.0062838, -0.216229, 0.268898, 0.40657, 0.233612, 0.0223596, 0.0216233
1618587185257284641, 0.998862, -0.026307, 0.0396743, 0.00281707, -0.18812, 0.270245, 0.407849, 0.321125, 0.00504888, 0.023288
1618587185357357502, 0.998627, -0.0231046, 0.0469075, 0.00307244, -0.151471, 0.269682, 0.408598, 0.408035, -0.0162691, 0.0150565
1618587185457479715, 0.998542, -0.0185632, 0.0501155, 0.00763742, -0.105988, 0.266799, 0.409513, 0.49536, -0.0424856, 0.00622307
1618587185557690144, 0.998471, -0.0145538, 0.0515403, 0.0136732, -0.0519039, 0.261753, 0.408983, 0.572417, -0.0578874, -0.0155901
1618587185657912016, 0.998396, -0.0119112, 0.0523945, 0.0178585, 0.00851996, 0.255438, 0.405806, 0.618729, -0.0684533, -0.0382935
1618587185758108377, 0.998485, -0.00926871, 0.0504565, 0.0199052, 0.0709365, 0.247922, 0.399503, 0.620813, -0.0812578, -0.0665042
1618587185858225822, 0.99849, -0.00651179, 0.0498182, 0.0222136, 0.132314, 0.238537, 0.391411, 0.610796, -0.107736, -0.0748257
1618587185958211899, 0.998301, -0.00175258, 0.0516004, 0.0270051, 0.191908, 0.226605, 0.384713, 0.58626, -0.123802, -0.0565914
1618587186058034420, 0.998133, 0.00342357, 0.0523187, 0.0313203, 0.249128, 0.214797, 0.3827, 0.584676, -0.114125, -0.00768835
1618587186157900572, 0.998082, 0.00595145, 0.0532351, 0.0310318, 0.305511, 0.203409, 0.38439, 0.540542, -0.115344, 0.0254311
1618587186258048773, 0.998358, 0.0027708, 0.0489687, 0.0295819, 0.352088, 0.192884, 0.387565, 0.40312, -0.0847601, 0.0217887
1618587186358267069, 0.998355, -0.00450835, 0.0512531, 0.0252847, 0.385038, 0.18693, 0.389331, 0.277769, -0.038547, 0.00535533
1618587186458472967, 0.998854, -0.0139417, 0.0417279, 0.0188489, 0.407086, 0.185124, 0.389842, 0.165583, -0.00562227, 0.00672089
1618587186558364391, 0.99878, -0.0187959, 0.0434245, 0.0141466, 0.415864, 0.185434, 0.391042, 0.0173843, 0.00704827, 0.0104562
1618587186658009052, 0.998985, -0.0205352, 0.0385808, 0.0109336, 0.408795, 0.186743, 0.392681, -0.15383, 0.0225399, -0.00106307
1618587186757630348, 0.999338, -0.0200694, 0.0296989, 0.00616367, 0.383232, 0.190655, 0.394441, -0.35003, 0.0552017, 0.0123428
1618587186857376814, 0.999505, -0.0179208, 0.0258277, 0.00108892, 0.340122, 0.196728, 0.397553, -0.505582, 0.0694381, 0.0386247
1618587186957201481, -0.999289, 0.0152866, -0.0344563, 0.000971795, 0.284594, 0.203554, 0.403213, -0.59315, 0.0642304, 0.0638009
1618587187057156563, -0.99954, 0.0130283, -0.0273671, 0.00109817, 0.222677, 0.210713, 0.408482, -0.676502, 0.0860893, 0.0572976
1618587187157140970, 0.999673, -0.00993693, 0.023512, 0.00170827, 0.151592, 0.221586, 0.412748, -0.732009, 0.122972, 0.03144
1618587187257173061, 0.999859, -0.00572795, 0.0141275, 0.00709617, 0.0815884, 0.234489, 0.415457, -0.695316, 0.132769, 0.00330984
1618587187357236624, 0.999903, -0.00204955, 0.0100836, 0.00939212, 0.0141737, 0.248905, 0.417016, -0.642771, 0.142168, -0.00436915
1618587187457253218, 0.99989, 0.00273314, 0.0127033, 0.00719066, -0.0472937, 0.262721, 0.416447, -0.583886, 0.127255, -0.0151054
1618587187557386398, 0.999885, 0.0054808, 0.0137182, 0.00353384, -0.103416, 0.27379, 0.414617, -0.541802, 0.0910279, -0.00955088
1618587187657608747, 0.99969, 0.00730078, 0.023502, 0.00373855, -0.154248, 0.280818, 0.413538, -0.483876, 0.0588192, 0.00955015
1618587187757874012, 0.999075, 0.00743266, 0.0420918, 0.00462251, -0.199552, 0.286077, 0.413999, -0.425881, 0.0499487, 0.0141117
1618587187858031511, 0.998376, 0.00505474, 0.0563807, 0.00640042, -0.238464, 0.290564, 0.414255, -0.354122, 0.0427062, -0.00961447
1618587187958039761, 0.998162, 0.000803481, 0.0603023, 0.00591082, -0.2687, 0.294389, 0.412741, -0.258689, 0.0329018, -0.0177441
1618587188057963610, 0.998353, -0.00295891, 0.0572491, 0.00209647, -0.288835, 0.296972, 0.409917, -0.160706, 0.0185355, -0.0242328
1618587188157915115, -0.998569, 0.00663187, -0.0530478, 0.00137842, -0.299772, 0.298359, 0.40638, -0.063611, 0.0128351, -0.0264537
1618587188257919788, -0.998785, 0.01065, -0.0480524, 0.00247441, -0.300097, 0.299512, 0.40169, 0.0496806, 0.00338826, -0.0275278
1618587188357781172, -0.998833, 0.0123078, -0.0466187, 0.00293278, -0.290146, 0.29909, 0.398141, 0.15026, -0.016857, -0.0231219
1618587188457613230, -0.99873, 0.0139744, -0.0481659, 0.00485284, -0.272912, 0.297631, 0.395721, 0.235186, -0.0237246, -0.0118644
1618587188557450533, -0.998657, 0.0156077, -0.0489793, 0.00644206, -0.244075, 0.294251, 0.394469, 0.320964, -0.0422282, -0.00923346
1618587188657340527, -0.998583, 0.018503, -0.0495451, 0.00582505, -0.206427, 0.289355, 0.392748, 0.423633, -0.0536793, -0.0249901
1618587188757402420, -0.998543, 0.0228627, -0.0488325, 0.00229807, -0.158018, 0.284008, 0.389809, 0.543775, -0.0595166, -0.0295552
1618587188857498407, 0.998728, -0.0257047, 0.0428414, 0.00681207, -0.098415, 0.278547, 0.387334, 0.638781, -0.0531512, -0.0136694
1618587188957580328, 0.99861, -0.0269875, 0.0419949, 0.0169087, -0.031684, 0.273413, 0.388018, 0.685552, -0.0543277, 0.002901
1618587189057644367, 0.998174, -0.0278689, 0.0482084, 0.0234147, 0.0383356, 0.268844, 0.388885, 0.710487, -0.0381871, 0.00243223
1618587189157677650, 0.997548, -0.0289909, 0.0572229, 0.0279728, 0.108189, 0.264022, 0.389571, 0.693829, -0.0565089, 0.0034668
1618587189257617950, 0.996892, -0.0284127, 0.0663065, 0.0316722, 0.176133, 0.256226, 0.389661, 0.670623, -0.0869898, 0.00442847
1618587189357630014, 0.996535, -0.0303498, 0.0703774, 0.0323007, 0.241906, 0.246508, 0.389999, 0.652073, -0.0951619, 0.000299332
1618587189457691669, 0.996358, -0.0334674, 0.0730328, 0.0285644, 0.30589, 0.23653, 0.389714, 0.612974, -0.0997494, 0.00518982
1618587189557802677, 0.996193, -0.0385879, 0.0737856, 0.0258032, 0.363889, 0.225772, 0.389543, 0.547234, -0.0959308, 0.00994601
1618587189658028126, 0.99631, -0.046902, 0.0683796, 0.0221376, 0.414414, 0.218634, 0.389383, 0.454099, -0.0447073, 0.00393353
1618587189758125544, 0.996506, -0.0550987, 0.0597624, 0.0192008, 0.452596, 0.215269, 0.389886, 0.315425, -0.021372, 0.00779123
1618587189858053446, 0.996224, -0.0606116, 0.0596554, 0.0174631, 0.47604, 0.213916, 0.391791, 0.16679, -0.00497084, 0.000986155
1618587189957823277, 0.99673, -0.0609638, 0.0509343, 0.0147769, 0.483277, 0.214421, 0.393728, -0.0181699, 0.0193505, 0.00404442
1618587190057511568, 0.997176, -0.058603, 0.0454458, 0.0118263, 0.472764, 0.217622, 0.395704, -0.182351, 0.04486, 0.00356539
1618587190157191515, 0.997607, -0.0549473, 0.0411816, 0.00810946, 0.4458, 0.222476, 0.397205, -0.349597, 0.0553269, 0.0262013
1618587190256862640, 0.998158, -0.0483779, 0.0359412, 0.00690503, 0.403736, 0.228219, 0.400698, -0.498633, 0.07073, 0.0319414
1618587190356723547, 0.998806, -0.0393189, 0.0276917, 0.00863965, 0.347717, 0.236133, 0.403708, -0.617971, 0.0924567, 0.0155193
1618587190456812143, 0.999342, -0.0266143, 0.0232916, 0.00800291, 0.280272, 0.246088, 0.404294, -0.730078, 0.107226, -0.0128839
1618587190557037592, 0.999812, -0.0118014, 0.0144771, 0.00516772, 0.203874, 0.256012, 0.402915, -0.796547, 0.0913773, -0.0355527
1618587190657247782, 0.99992, 0.00433371, 0.0113998, 0.00335024, 0.121876, 0.265211, 0.40007, -0.826376, 0.0892178, -0.039094
1618587190757646322, 0.999813, 0.015777, 0.0110835, 0.0016407, 0.0411114, 0.274376, 0.396396, -0.777301, 0.0872609, -0.0290976
1618587190858096123, -0.999759, -0.0219244, 0.000615536, 0.000564092, -0.0325372, 0.28178, 0.394711, -0.692717, 0.0561568, -0.00224051
1618587190958377838, -0.999633, -0.0259727, 0.00676792, 0.00368601, -0.0943243, 0.284704, 0.396632, -0.546429, 0.00994082, 0.0399546
1618587191058431387, -0.999549, -0.0285448, 0.0030338, 0.00887048, -0.139197, 0.284006, 0.400364, -0.380652, -0.0165047, 0.0676907
1618587191158455372, -0.999515, -0.0273267, -0.00613473, 0.0135822, -0.170966, 0.281889, 0.406405, -0.273677, -0.0356015, 0.0701512
1618587191258393049, -0.999489, -0.0254994, -0.0140409, 0.0132177, -0.194376, 0.277067, 0.412753, -0.1998, -0.0644563, 0.077809
1618587191358254433, -0.999519, -0.0218117, -0.0190603, 0.0110595, -0.209253, 0.268848, 0.421184, -0.0950961, -0.108669, 0.126596
1618587191458111525, -0.999572, -0.0147136, -0.0249086, 0.00437369, -0.21396, 0.253281, 0.437829, -0.0143773, -0.20851, 0.222731
1618587191557941198, 0.999406, 0.00471472, 0.031099, 0.0140736, -0.214116, 0.226836, 0.462275, 0.00193563, -0.314088, 0.281044
1618587191657748222, 0.998439, -0.00685866, 0.0431353, 0.034823, -0.214254, 0.192017, 0.490884, 0.0130621, -0.380643, 0.284189
1618587191757641792, 0.99692, -0.0223258, 0.0539238, 0.0523922, -0.211847, 0.152026, 0.51868, 0.0326052, -0.409768, 0.273866
1618587191857504368, 0.994552, -0.0397536, 0.0675543, 0.0687128, -0.208256, 0.110198, 0.545898, 0.0538809, -0.420915, 0.254058
1618587191957326174, 0.991513, -0.056497, 0.0861166, 0.0793288, -0.200735, 0.0684111, 0.567229, 0.0981928, -0.403585, 0.162094
1618587192057186842, 0.988311, -0.0748216, 0.103666, 0.0830425, -0.189451, 0.0292522, 0.574744, 0.129029, -0.376794, -0.00677379
1618587192156994820, 0.987207, -0.0881904, 0.106433, 0.0794774, -0.175928, -0.00650602, 0.562874, 0.143782, -0.336745, -0.202406
1618587192256885290, 0.987349, -0.0977293, 0.103493, 0.0698635, -0.16135, -0.0356287, 0.533915, 0.166615, -0.265525, -0.347632
1618587192356813431, 0.98934, -0.104583, 0.0843701, 0.0561339, -0.143636, -0.0574689, 0.492824, 0.193176, -0.184478, -0.438384
1618587192456782103, 0.991613, -0.106441, 0.0576229, 0.0453169, -0.124751, -0.0704279, 0.445462, 0.191905, -0.099863, -0.487967
1618587192556763887, 0.993508, -0.101495, 0.0341145, 0.0384396, -0.106638, -0.0750205, 0.396753, 0.182133, -0.0163428, -0.491213
1618587192656700134, 0.994791, -0.0906635, 0.0296345, 0.0359458, -0.0900952, -0.0739315, 0.350398, 0.163517, 0.00774002, -0.468077
1618587192756665945, 0.996142, -0.0783347, 0.0167299, 0.0358538, -0.0748802, -0.0739989, 0.305235, 0.143236, -0.00951503, -0.473575
1618587192856789827, 0.996928, -0.0672798, 0.00590957, 0.0396682, -0.0629229, -0.0738641, 0.257895, 0.102003, 0.0122729, -0.499462
1618587192957135201, 0.997434, -0.0590595, -0.00846081, 0.0395584, -0.0542581, -0.0713882, 0.208176, 0.0754677, 0.0380016, -0.486537
1618587193057563543, 0.997653, -0.0553848, -0.0262734, 0.0305105, -0.0469112, -0.0679062, 0.163561, 0.0670588, 0.0448695, -0.423694
1618587193157799959, 0.997821, -0.051738, -0.0345762, 0.0219141, -0.0407135, -0.0630163, 0.12505, 0.0518244, 0.0572655, -0.360898
1618587193257662773, 0.997915, -0.0413433, -0.0466031, 0.0168417, -0.0363123, -0.0570455, 0.091977, 0.032396, 0.0633055, -0.288584
1618587193357470036, 0.998108, -0.0284085, -0.0529715, 0.0129615, -0.0327229, -0.0507713, 0.0678567, 0.0351453, 0.0641042, -0.206455
1618587193457390070, 0.998348, -0.0179876, -0.0538072, 0.00911511, -0.0279655, -0.0456734, 0.0496129, 0.0567085, 0.0461547, -0.170514
1618587193557328224, 0.99813, -0.00841918, -0.0601813, 0.00656845, -0.0216609, -0.0414949, 0.0325261, 0.0582573, 0.0485111, -0.155894
1618587193657204151, 0.998512, 0.00286995, -0.0542934, 0.00429573, -0.0162715, -0.0358623, 0.019395, 0.0418289, 0.0636226, -0.101004
1618587193757165909, -0.998861, -0.0120803, 0.0461394, 0.0014301, -0.0124291, -0.0307478, 0.00949694, 0.0349365, 0.0471058, -0.0974539
1618587193857238293, -0.999038, -0.0169535, 0.0397086, 0.00772367, -0.00985634, -0.0269987, -0.00203785, 0.0204973, 0.0465311, -0.111532
1618587193957385540, -0.999516, -0.0203339, 0.0215652, 0.00947615, -0.00916514, -0.0242798, -0.00768997, 0.00222063, 0.0159953, -0.0193167
1618587194057626963, -0.999624, -0.0217143, 0.0149833, 0.00745186, -0.00878129, -0.0253029, -0.01126, 0.00690011, -0.00556552, -0.0190366
1618587194157787800, 0.999716, 0.020655, -0.0118484, 0.000693371, -0.00882293, -0.0243965, -0.0131067, -0.0179649, 0.0150907, 0.0116397
1618587194257871389, 0.99979, 0.0194887, -0.00634728, 0.000594702, -0.00956018, -0.0241146, -0.0134267, -0.00428789, -0.000230751, 0.00186026
1618587194357918024, 0.999801, 0.0190426, -0.00596852, 0.000596794, -0.00959902, -0.0244629, -0.0130629, 0.00277179, -0.00153173, 0.00241069
1618587194457912683, 0.999802, 0.0191125, -0.00556587, 0.000657805, -0.00951675, -0.0242048, -0.0136616, 0.00162776, -0.00116952, 0.00272286
1618587194557884932, 0.99975, 0.0191147, -0.0115768, 0.000678064, -0.00889919, -0.0242708, -0.0137152, 0.00696779, -0.00377678, 0.000467151
1618587194657711506, 0.999748, 0.0191949, -0.0115982, 0.000684915, -0.00903889, -0.0242552, -0.0134054, -0.00471034, -0.00253433, -0.000778878
1618587194757587433, 0.999739, 0.0191437, -0.0124899, 0.000667281, -0.00866824, -0.0245611, -0.0133721, 0.00443281, -0.00227898, 0.000498666
1618587194857513189, 0.999747, 0.0191394, -0.0117585, 0.000686692, -0.00888613, -0.0244334, -0.01385, -8.40552e-05, -0.00263246, -0.00176299
1618587194957465887, 0.999735, 0.0191155, -0.0128277, 0.000679912, -0.00862422, -0.0246993, -0.0143441, 0.00146688, -0.00250356, -0.00279835
1618587195057399988, 0.999745, 0.0191385, -0.0119518, 0.00069396, -0.00887589, -0.0245109, -0.0147911, 0.000977969, -0.00303304, -0.00277922
1618587195157369852, 0.999737, 0.0191052, -0.0126917, 0.000686816, -0.00856473, -0.0245392, -0.0146752, 0.000487446, -0.0012828, -0.00218097
1618587195257459879, 0.999745, 0.0191114, -0.0119793, 0.00069421, -0.00865045, -0.0244741, -0.0150152, 0.00214898, -0.002275, -0.00247845
1618587195357529163, 0.99974, 0.019094, -0.0124804, 0.000688296, -0.00862945, -0.0246885, -0.0153569, -0.000112823, -0.00091647, -0.00358298
1618587195457561016, 0.999745, 0.0190961, -0.0120237, 0.000709841, -0.00879112, -0.0246883, -0.0154731, 0.00166918, -0.00269118, -0.00286729
1618587195557645559, 0.999742, 0.0190756, -0.0122825, 0.000716894, -0.00876738, -0.0249579, -0.0155657, -0.000266271, -0.00150439, -0.00230995
1618587195657662868, 0.999746, 0.0190669, -0.012018, 0.000714644, -0.0088907, -0.0249647, -0.0158114, 0.00141823, -0.00279859, -0.00226183
1618587195757627487, 0.999745, 0.0190487, -0.0120987, 0.000712877, -0.00882265, -0.0251701, -0.0161661, -0.000329958, -0.00131224, -0.0030175
1618587195857667446, 0.999746, 0.0190403, -0.0120173, 0.000719456, -0.00883753, -0.0253012, -0.0160887, 0.00078639, -0.00245129, -0.00188743
1618587195957699537, 0.999747, 0.0190305, -0.0119684, 0.000728388, -0.0089656, -0.0253995, -0.0164122, -0.000964298, -0.00177807, -0.00185785
1618587196057682753, 0.999747, 0.0190084, -0.0119693, 0.000738209, -0.00885308, -0.0253818, -0.0163784, 1.75307e-05, -0.00190226, -0.000526473
1618587196157705307, 0.999749, 0.0190081, -0.0118453, 0.000746454, -0.00889816, -0.0253034, -0.0163082, -0.000525555, -0.000750864, -0.000384209
1618587196257712126, 0.999749, 0.0190071, -0.01187, 0.000753068, -0.00876182, -0.0253915, -0.0162411, 0.000628941, -0.000984717, 0.000199313
1618587196357723951, 0.99975, 0.0189911, -0.0117392, 0.000762613, -0.00874816, -0.0252542, -0.0158301, 0.000355815, -0.000161222, 0.00132079
1618587196457684278, 0.99975, 0.0189727, -0.0117647, 0.000776958, -0.00874476, -0.0251721, -0.0156917, 0.000526569, 0.000941412, 0.00160967
1618587196557686806, 0.999752, 0.0189545, -0.0116642, 0.000783486, -0.00881275, -0.0247328, -0.0155306, 0.000518962, 0.00155868, 0.00244605
1618587196657710552, 0.999752, 0.0189281, -0.0116682, 0.000794885, -0.00879024, -0.0243321, -0.0153692, 1.3403e-06, 0.00251407, 0.00232201
1618587196757796049, 0.999753, 0.0189225, -0.0115964, 0.000801982, -0.00871352, -0.0242881, -0.0150946, 0.000110739, 0.00195895, 0.00206248
1618587196857895851, 0.999754, 0.0189194, -0.0115905, 0.000803989, -0.00869797, -0.024332, -0.0149737, -0.000199407, 0.00210166, 0.00183177
1618587196957895279, 0.999755, 0.0188992, -0.0115295, 0.000810148, -0.00885749, -0.0242011, -0.0151198, -0.000333056, 0.00156454, 0.000872793
1618587197057791233, 0.999755, 0.0188872, -0.0115246, 0.000811079, -0.00877482, -0.0241141, -0.0149751, -0.000149773, 0.00179879, 0.000401122
1618587197157682657, 0.999756, 0.0188711, -0.011454, 0.000804251, -0.00870462, -0.0240464, -0.0148865, 1.92147e-05, 0.0023952, 0.000211732
1618587197257621288, 0.999757, 0.0188428, -0.0114416, 0.000821343, -0.00861328, -0.0239998, -0.0149035, 0.000525638, 0.00208926, 0.000408709
1618587197357552528, 0.999757, 0.0188389, -0.0113824, 0.00081154, -0.00882974, -0.0239642, -0.0147795, 0.000252914, 0.00182435, 0.000774111
1618587197457558870, 0.999758, 0.0188295, -0.0113611, 0.000812724, -0.00897154, -0.0239919, -0.0146747, 9.50639e-05, 0.00117427, 0.000676187
1618587197557670593, 0.999759, 0.0188248, -0.0113067, 0.000813288, -0.00910277, -0.0240452, -0.0146246, -0.000395287, 0.0012228, 0.00143958
1618587197657724142, 0.999759, 0.0187973, -0.0112779, 0.000810088, -0.00886993, -0.0240141, -0.0145877, 0.000609729, 0.000965149, 0.00211764
1618587197757789850, 0.99976, 0.018789, -0.0112394, 0.000803334, -0.00899841, -0.0240998, -0.0144557, -0.000144477, 0.000350887, 0.002122
1618587197857915878, 0.99976, 0.0187886, -0.0112164, 0.000811581, -0.00909962, -0.0242069, -0.0144664, -0.000252316, -0.000308893, 0.000768899
1618587197958061934, 0.999761, 0.0187859, -0.0111753, 0.000819309, -0.00916955, -0.0243241, -0.0145104, -0.000468477, -0.000451394, 0.00039235
1618587198058176994, 0.999761, 0.0187782, -0.0111635, 0.000819669, -0.00921686, -0.024465, -0.0147534, -0.00064854, -0.000856233, -0.000678039
1618587198158174515, 0.999761, 0.0187788, -0.0111252, 0.00080447, -0.00910229, -0.0244366, -0.0147321, -0.000351797, -0.000429249, -0.000937129
1618587198258085966, 0.999762, 0.0187477, -0.0110971, 0.000801383, -0.00927733, -0.0244056, -0.0146902, -0.000188736, 0.000133588, -0.000770745
1618587198357924700, 0.999763, 0.0187267, -0.0110619, 0.000801742, -0.00910592, -0.0242526, -0.014624, -5.44239e-06, -0.000104205, -0.000890091
1618587198457783222, 0.999763, 0.0187271, -0.0110399, 0.000807458, -0.00917955, -0.0244201, -0.014729, -0.000311293, -0.000205278, -0.00126642
1618587198557749748, 0.999764, 0.0187154, -0.0109973, 0.000794778, -0.0093154, -0.0244974, -0.0147647, -0.000748974, -0.000462053, -0.00157742
1618587198657740831, 0.999764, 0.0187022, -0.0109798, 0.000796732, -0.00931296, -0.0242938, -0.0144732, -0.000347779, -0.000450429, -0.000410937
