0.999956,0.00571435, 0.00648906, 0.00350297, 0,0,0, 0.1, 0.1, 0.1, 0.5, 0.5, 0.5
0.999956,0.00571435, 0.00648906, 0.00350297, 0,0,0, 0.1, 0.1, 0.1, 0.5, 0.5, 0.5
0.999956,0.00571546, 0.00649269, 0.00350958, -0.000533688,-0.00029689,0.000480667, 0.099996, 0.0999988, 0.0999972, 0.499584, 0.499893, 0.499722
0.999957,0.00570889, 0.00649376, 0.003488, -0.000177602,-0.00267047,-0.000150096, 0.0999868, 0.0999913, 0.0999912, 0.499344, 0.499497, 0.49951
0.999957,0.00573428, 0.00640667, 0.00338706, 0.0026158,-0.00834028,-0.0016083, 0.0999531, 0.0999525, 0.0999846, 0.499054, 0.498182, 0.498386
0.999957,0.00572294, 0.00640967, 0.00336799, 0.00536609,-0.011614,-0.00234767, 0.0998765, 0.0998787, 0.0999796, 0.497873, 0.496241, 0.49701
0.999957,0.00571774, 0.00645543, 0.00335745, 0.00487946,-0.0109054,-0.00263934, 0.0997764, 0.0997805, 0.0999782, 0.496972, 0.495008, 0.496755
0.999957,0.00571433, 0.00645692, 0.00333758, 0.00309478,-0.00966861,-0.00263534, 0.0996805, 0.0996876, 0.0999763, 0.496098, 0.494523, 0.496614
0.999957,0.00571928, 0.00647655, 0.00332588, -0.00143329,-0.00990611,-0.00305546, 0.099611, 0.0996219, 0.0999694, 0.494135, 0.494413, 0.495512
0.999957,0.00570775, 0.00654405, 0.00330928, -0.0109979,-0.0152975,-0.00534799, 0.0995893, 0.0995964, 0.0999641, 0.492181, 0.493683, 0.493484
0.999957,0.00570231, 0.00660972, 0.00327357, -0.0136441,-0.0215702,-0.00626733, 0.0995835, 0.0995903, 0.099957, 0.491944, 0.492298, 0.491045
0.999956,0.00571882, 0.00669452, 0.00318264, -0.0105355,-0.030496,-0.00909884, 0.0995259, 0.0995342, 0.0999382, 0.491342, 0.489115, 0.486014
0.999956,0.00573193, 0.00675459, 0.00316033, 0.00294939,-0.0418659,-0.00839104, 0.0993717, 0.0994015, 0.0999109, 0.486469, 0.485566, 0.478309
0.999955,0.00573478, 0.0068034, 0.00314981, 0.0103187,-0.0462937,-0.00851095, 0.0991583, 0.0991969, 0.0999074, 0.481752, 0.483866, 0.474822
0.999955,0.00573555, 0.00680976, 0.00315239, 0.0126817,-0.0469244,-0.00840023, 0.0989198, 0.0989668, 0.0999033, 0.478218, 0.483503, 0.473506
0.999954,0.00581179, 0.0068993, 0.00320602, 0.00991297,-0.0410567,-0.00800725, 0.0987168, 0.098732, 0.0998737, 0.477318, 0.479551, 0.473007
0.999953,0.00593428, 0.0069482, 0.00313197, 0.0105468,-0.044027,-0.0108687, 0.0985931, 0.0984128, 0.0997013, 0.47682, 0.451117, 0.461191
0.999954,0.00582877, 0.00696856, 0.00303781, 0.0172446,-0.0984641,-0.0211177, 0.0985306, 0.098019, 0.0993953, 0.475474, 0.388007, 0.430399
0.999953,0.00573868, 0.00724914, 0.00298682, 0.0251684,-0.155831,-0.0448082, 0.0985079, 0.0975337, 0.0990051, 0.474464, 0.316133, 0.391142
0.99995,0.00585489, 0.00750697, 0.00303207, 0.0278797,-0.182882,-0.0590273, 0.0984997, 0.0970575, 0.0986412, 0.474164, 0.260346, 0.359756
0.999948,0.00586836, 0.00770734, 0.00309585, 0.0294071,-0.193259,-0.0667662, 0.0984846, 0.0966547, 0.0983039, 0.473902, 0.223066, 0.339472
0.999946,0.00593524, 0.00787091, 0.00317678, 0.0309429,-0.199824,-0.0741029, 0.0984628, 0.0963087, 0.0979679, 0.473628, 0.19923, 0.326727
0.999944,0.00613118, 0.00802742, 0.00325533, 0.0318289,-0.199827,-0.0773126, 0.0984316, 0.0960113, 0.0976481, 0.473221, 0.185321, 0.318158
0.999944,0.00611296, 0.00794932, 0.00331551, 0.0331306,-0.200749,-0.0805407, 0.0983842, 0.0957525, 0.0973537, 0.472361, 0.178863, 0.31021
0.999941,0.00606878, 0.00826979, 0.00347389, 0.0328921,-0.20023,-0.077955, 0.0983285, 0.0954599, 0.0970399, 0.471429, 0.176556, 0.299387
0.99994,0.00610887, 0.00838522, 0.00350591, 0.0329165,-0.200222,-0.0759728, 0.0982687, 0.0951945, 0.0968123, 0.471302, 0.175735, 0.283911
0.999939,0.00610072, 0.00854351, 0.00337241, 0.0330344,-0.198423,-0.0772855, 0.0981889, 0.094926, 0.0966385, 0.471237, 0.174493, 0.263369
0.999938,0.00611, 0.00871294, 0.00319637, 0.034094,-0.195717,-0.0790573, 0.0981132, 0.0946409, 0.0965074, 0.470857, 0.171818, 0.239538
0.999937,0.00607193, 0.00892673, 0.00295286, 0.0369052,-0.191394,-0.0826404, 0.098046, 0.0943335, 0.096393, 0.470309, 0.167827, 0.215912
0.999936,0.00606483, 0.0091141, 0.0027542, 0.0401599,-0.186172,-0.0887761, 0.0980031, 0.0940322, 0.0963129, 0.469574, 0.163044, 0.194453
0.999935,0.00606207, 0.00926666, 0.00266737, 0.0433041,-0.18204,-0.0932766, 0.0979824, 0.0937636, 0.096275, 0.469112, 0.157366, 0.176327
0.999934,0.00608692, 0.00938703, 0.00267063, 0.0456991,-0.179611,-0.0959192, 0.0979726, 0.0935192, 0.0962618, 0.4687, 0.151664, 0.16156
0.999934,0.00611554, 0.00939596, 0.00269352, 0.0464082,-0.178726,-0.0975079, 0.0979604, 0.0932907, 0.0962564, 0.468362, 0.146305, 0.149625
0.999932,0.0061285, 0.00953038, 0.0027839, 0.0486573,-0.180181,-0.0966178, 0.0979338, 0.0930333, 0.0962029, 0.467338, 0.141196, 0.139495
0.999929,0.00617807, 0.0097946, 0.00289367, 0.0498418,-0.180378,-0.0972504, 0.0978759, 0.0926298, 0.0959599, 0.464152, 0.136425, 0.129762
0.999926,0.00617216, 0.0100687, 0.00298516, 0.0493482,-0.179923,-0.0977991, 0.0977981, 0.0920197, 0.0954675, 0.459415, 0.131714, 0.11979
0.999923,0.0062318, 0.0102694, 0.00306069, 0.0492784,-0.178668,-0.0997186, 0.0977324, 0.0913329, 0.0948788, 0.455512, 0.126785, 0.11038
0.999919,0.0063997, 0.0105454, 0.00310929, 0.0485342,-0.176539,-0.100937, 0.0976964, 0.0906307, 0.0942466, 0.454145, 0.121632, 0.101883
0.999915,0.00650897, 0.0108301, 0.00318487, 0.0483942,-0.174073,-0.102693, 0.0976709, 0.0899844, 0.0936259, 0.453936, 0.116846, 0.094658
0.999911,0.0066798, 0.0110825, 0.00321889, 0.0491692,-0.171494,-0.102706, 0.0976532, 0.0894412, 0.0930878, 0.453773, 0.112296, 0.0892675
0.999907,0.00681657, 0.0113843, 0.00324373, 0.0499603,-0.170678,-0.103191, 0.097639, 0.088908, 0.0925419, 0.452933, 0.107767, 0.0853832
0.999902,0.00687397, 0.0117551, 0.0032796, 0.0489969,-0.171212,-0.103, 0.0976103, 0.0883456, 0.0919622, 0.451267, 0.103454, 0.0828182
0.999897,0.00690764, 0.0121733, 0.0031958, 0.0414644,-0.175112,-0.103739, 0.0975619, 0.0877259, 0.0913422, 0.447056, 0.0985045, 0.0811651
0.999891,0.0070081, 0.012561, 0.00330482, 0.0360722,-0.176938,-0.103159, 0.0974793, 0.0871817, 0.0907979, 0.442186, 0.0938553, 0.0802629
0.999885,0.00713862, 0.0128853, 0.00366881, 0.0335962,-0.176736,-0.102333, 0.0973389, 0.0866851, 0.0903153, 0.438258, 0.0900863, 0.0799691
0.99988,0.00721343, 0.0130539, 0.00421348, 0.0317432,-0.175607,-0.102189, 0.0971374, 0.0862836, 0.0899773, 0.434739, 0.0870336, 0.0799365
0.999876,0.00726468, 0.013153, 0.00477195, 0.0323925,-0.174043,-0.102642, 0.0968855, 0.0858903, 0.0897022, 0.429824, 0.0836855, 0.0798273
0.999871,0.00731324, 0.0132579, 0.00534727, 0.0333558,-0.17246,-0.103738, 0.0965762, 0.08548, 0.0894641, 0.421176, 0.0796903, 0.0793948
0.999867,0.00736213, 0.0132681, 0.00594527, 0.0355378,-0.170602,-0.105414, 0.0962435, 0.0850892, 0.0892993, 0.408046, 0.0751301, 0.0784429
0.999865,0.00736335, 0.0132097, 0.00636273, 0.0373753,-0.169292,-0.107022, 0.0959107, 0.0847293, 0.0892107, 0.390723, 0.070281, 0.0768688
0.999865,0.00738945, 0.0131066, 0.00667305, 0.041551,-0.167842,-0.108342, 0.0955944, 0.0843623, 0.0891281, 0.369647, 0.0652599, 0.0748557
0.999864,0.00738912, 0.0130502, 0.00679904, 0.0429715,-0.167269,-0.109165, 0.0953302, 0.0840024, 0.0890756, 0.350634, 0.0611077, 0.0725307
0.999865,0.00737953, 0.0129797, 0.00685791, 0.042655,-0.167161,-0.109718, 0.0950978, 0.0836673, 0.0890525, 0.33723, 0.0583498, 0.0698162
0.999865,0.00738466, 0.0129831, 0.00680472, 0.0419525,-0.167366,-0.109505, 0.0948761, 0.0833568, 0.0890369, 0.328944, 0.05667, 0.0669492
0.999866,0.00740135, 0.0130278, 0.00663993, 0.04067,-0.167838,-0.108719, 0.0946713, 0.0830701, 0.0890226, 0.324135, 0.0556844, 0.0641197
0.999865,0.00746612, 0.0131724, 0.00637215, 0.0412621,-0.16817,-0.107012, 0.0944793, 0.0828033, 0.0890061, 0.321442, 0.0552284, 0.0611357
0.999864,0.0075469, 0.0133794, 0.00606867, 0.0432453,-0.168289,-0.104902, 0.0943111, 0.0825077, 0.0889351, 0.319194, 0.0550349, 0.0579177
0.99986,0.00766851, 0.013725, 0.00572228, 0.047129,-0.168116,-0.102175, 0.0941653, 0.0821754, 0.0888014, 0.316803, 0.0549456, 0.0545373
0.999853,0.00784719, 0.0142304, 0.00539397, 0.0521825,-0.167643,-0.0992451, 0.0940379, 0.0817563, 0.0885444, 0.314206, 0.0548666, 0.0510672
0.999845,0.00799409, 0.0147804, 0.00516436, 0.0559099,-0.16707,-0.0966131, 0.0939238, 0.0812816, 0.0881909, 0.312109, 0.0547848, 0.0478453
0.999838,0.00812756, 0.0152325, 0.00509791, 0.056577,-0.166476,-0.0948285, 0.0938114, 0.0808443, 0.0878515, 0.310379, 0.0547014, 0.0450028
0.999829,0.00828102, 0.0157388, 0.00514071, 0.057278,-0.165648,-0.093488, 0.0937005, 0.0803719, 0.0874405, 0.308346, 0.0545368, 0.0423024
0.999818,0.00849127, 0.0162538, 0.00521, 0.0591023,-0.164541,-0.0923776, 0.0935961, 0.079873, 0.0869664, 0.306466, 0.0541965, 0.0398427
0.999809,0.00871352, 0.0166672, 0.00528549, 0.0614548,-0.163346,-0.0915531, 0.093499, 0.0793418, 0.0864046, 0.305072, 0.0536288, 0.0377412
0.999801,0.00887934, 0.0170253, 0.00537843, 0.0635375,-0.162379,-0.0910992, 0.0934075, 0.0788824, 0.085876, 0.303652, 0.0528488, 0.0359527
0.999795,0.00904527, 0.0172733, 0.00548789, 0.0649092,-0.161636,-0.090912, 0.0933209, 0.0785422, 0.0854422, 0.30226, 0.0520099, 0.0344757
0.999789,0.00914712, 0.0174967, 0.00565102, 0.0656921,-0.160894,-0.0908717, 0.0932329, 0.0782526, 0.0850248, 0.301032, 0.0512759, 0.033255
0.999789,0.0090454, 0.0175323, 0.00580097, 0.0637497,-0.160795,-0.0915257, 0.093151, 0.0779681, 0.0846009, 0.299738, 0.0505835, 0.032231
0.99978,0.00925618, 0.0178328, 0.00596921, 0.0639357,-0.160157,-0.0917526, 0.0930881, 0.0776839, 0.0842055, 0.298231, 0.0497516, 0.0313949
0.999779,0.00924414, 0.017895, 0.00607545, 0.0625074,-0.160102,-0.0922076, 0.0930329, 0.0773703, 0.0838019, 0.296311, 0.0487996, 0.030693
0.999776,0.00928812, 0.0179766, 0.00616313, 0.0603255,-0.160283,-0.0927031, 0.0929888, 0.077073, 0.08346, 0.293741, 0.0477161, 0.0300964
0.999773,0.00932782, 0.0181108, 0.0062164, 0.059927,-0.160148,-0.0928952, 0.0929554, 0.0767969, 0.0831775, 0.290606, 0.0466002, 0.029572
0.999773,0.00938025, 0.0181027, 0.00624613, 0.0620504,-0.159503,-0.0927781, 0.0929301, 0.0765754, 0.083005, 0.287803, 0.0456401, 0.0291544
0.999773,0.00944401, 0.0180791, 0.00622401, 0.0679293,-0.158309,-0.0921506, 0.0929034, 0.0763799, 0.0829127, 0.285391, 0.0448913, 0.0288265
0.999773,0.0095187, 0.0180601, 0.00616693, 0.0748184,-0.157102,-0.091442, 0.0928753, 0.0761606, 0.0828398, 0.282972, 0.0442522, 0.0285582
0.999772,0.00959207, 0.0180696, 0.00609002, 0.0812373,-0.156101,-0.0908522, 0.0928425, 0.0759166, 0.0827852, 0.280371, 0.0436516, 0.0283329
0.999772,0.0096762, 0.0180519, 0.00598907, 0.0876297,-0.155176,-0.0903579, 0.0928019, 0.0756587, 0.0827549, 0.27737, 0.0430361, 0.0281351
0.999773,0.00974116, 0.0179951, 0.00586328, 0.0931701,-0.154422,-0.0900081, 0.0927592, 0.075397, 0.0827428, 0.27422, 0.0424403, 0.0279669
0.999776,0.00973321, 0.0178689, 0.00586249, 0.0942105,-0.154261,-0.08994, 0.0927193, 0.0751385, 0.0827297, 0.271603, 0.0419353, 0.0278376
0.999779,0.00967536, 0.0177198, 0.00588005, 0.093795,-0.154355,-0.0899396, 0.092682, 0.0748643, 0.0826654, 0.269192, 0.0414944, 0.0277302
0.999781,0.00960069, 0.0176343, 0.00589203, 0.0941286,-0.15434,-0.0898865, 0.0926488, 0.0745867, 0.0825422, 0.26666, 0.0410909, 0.0276184
0.99978,0.00953715, 0.0176975, 0.00597525, 0.0929369,-0.154648,-0.0897806, 0.0926235, 0.0742577, 0.0823155, 0.264753, 0.0408036, 0.0275048
0.999778,0.00943475, 0.0178053, 0.00608321, 0.0916677,-0.154989,-0.0895989, 0.0925896, 0.0738333, 0.0819193, 0.262895, 0.0405609, 0.0273592
0.999777,0.0092936, 0.0179039, 0.00620797, 0.0898998,-0.15541,-0.0893607, 0.0925429, 0.0733721, 0.0814513, 0.261044, 0.0403407, 0.0271719
0.999774,0.00924847, 0.0180944, 0.00632451, 0.0881402,-0.155724,-0.0891675, 0.0924871, 0.0728206, 0.0808629, 0.25966, 0.0401707, 0.0269325
0.999764,0.00934283, 0.0185273, 0.00643263, 0.0867407,-0.155922,-0.0889648, 0.0924246, 0.0721728, 0.0801676, 0.258879, 0.040043, 0.0266279
0.999758,0.0094646, 0.0187623, 0.00643484, 0.0863108,-0.155843,-0.0890776, 0.0923562, 0.0714885, 0.0794438, 0.258296, 0.0399335, 0.0262553
0.99975,0.00965572, 0.019082, 0.00649981, 0.08544,-0.155861,-0.0889944, 0.092287, 0.0708697, 0.0788458, 0.25782, 0.0398226, 0.0258575
0.999745,0.00964881, 0.0193051, 0.00661541, 0.0843761,-0.155937,-0.088811, 0.0922116, 0.0703068, 0.0783386, 0.257141, 0.0397329, 0.0254561
0.999741,0.00963953, 0.0194576, 0.00674844, 0.0826832,-0.156071,-0.0884665, 0.0921423, 0.0697856, 0.0779229, 0.256508, 0.0396473, 0.025078
0.999737,0.00964389, 0.0196251, 0.00692011, 0.0806113,-0.156205,-0.0880163, 0.0920768, 0.0692629, 0.0775195, 0.255916, 0.0395754, 0.0247181
0.999735,0.00951699, 0.0197598, 0.00703024, 0.0795231,-0.156339,-0.0876232, 0.0920109, 0.0687308, 0.0771058, 0.255232, 0.0395264, 0.0243733
0.999735,0.00945892, 0.0197717, 0.00710736, 0.077974,-0.156436,-0.0871872, 0.0919525, 0.0682115, 0.0767232, 0.254747, 0.0394688, 0.0240603
0.999735,0.00939332, 0.0197343, 0.00719714, 0.0764957,-0.156426,-0.0866685, 0.0919053, 0.067783, 0.0764445, 0.254503, 0.0394035, 0.0237737
0.999737,0.00939381, 0.0196112, 0.00725584, 0.0762867,-0.156155,-0.0860972, 0.0918624, 0.0674667, 0.0762777, 0.25448, 0.0392676, 0.0235045
0.999738,0.00941948, 0.0195591, 0.0072952, 0.0778467,-0.155656,-0.0855082, 0.0918237, 0.0672432, 0.0761744, 0.254124, 0.0390353, 0.0232518
0.999738,0.00945565, 0.019544, 0.00724888, 0.0806077,-0.155062,-0.0848727, 0.0917811, 0.0670439, 0.0760554, 0.252892, 0.0386593, 0.0230036
0.999738,0.00946889, 0.0195658, 0.00716771, 0.0832809,-0.154536,-0.0843056, 0.0917464, 0.0668777, 0.0759427, 0.251277, 0.0382404, 0.0227782
0.999738,0.0095147, 0.0195591, 0.00712854, 0.0870621,-0.153828,-0.0837637, 0.0917116, 0.0667676, 0.0758785, 0.249683, 0.0378498, 0.0225859
0.999738,0.00954932, 0.0195612, 0.00711023, 0.0902142,-0.15323,-0.083318, 0.0916768, 0.0666979, 0.0758435, 0.248669, 0.0375718, 0.0224455
0.999738,0.00959304, 0.0195188, 0.00711133, 0.0921615,-0.152803,-0.0830266, 0.0916429, 0.066653, 0.0758175, 0.248215, 0.037404, 0.0223572
0.999738,0.00964204, 0.0195054, 0.00711111, 0.0930626,-0.152595,-0.0828704, 0.0916135, 0.0666129, 0.075776, 0.247988, 0.0373059, 0.0223112
0.999735,0.00972104, 0.0196046, 0.00714578, 0.0935027,-0.152478,-0.0828005, 0.0915819, 0.0664885, 0.075591, 0.247906, 0.0372667, 0.0222932
0.999731,0.00981665, 0.0197563, 0.0071645, 0.0935856,-0.152439,-0.0827776, 0.091549, 0.0663175, 0.0753275, 0.247876, 0.0372514, 0.0222831
0.999724,0.00987833, 0.0200487, 0.00723454, 0.0936866,-0.152396,-0.0827455, 0.0915138, 0.066098, 0.0749855, 0.247788, 0.0372349, 0.0222579
0.999714,0.00998443, 0.0204354, 0.0073723, 0.0940572,-0.152372,-0.0827051, 0.0914712, 0.0657964, 0.074531, 0.247433, 0.0372056, 0.0221888
0.999709,0.0100756, 0.020629, 0.00742735, 0.0936356,-0.152405,-0.0827277, 0.0914109, 0.0655613, 0.0742012, 0.246303, 0.0371686, 0.0220677
0.999709,0.0101532, 0.0206147, 0.00735427, 0.0921583,-0.15251,-0.0828409, 0.0913525, 0.0654129, 0.0740551, 0.244518, 0.0371282, 0.021924
0.999712,0.0102046, 0.0204971, 0.00722813, 0.0894772,-0.15272,-0.0830527, 0.0912964, 0.0653002, 0.0739862, 0.24206, 0.0370496, 0.0217369
0.999717,0.010244, 0.0202869, 0.00704533, 0.0860835,-0.15302,-0.0833424, 0.0912456, 0.0652068, 0.0739672, 0.239403, 0.0369285, 0.0215176
0.999722,0.0102777, 0.0200712, 0.00685646, 0.0812682,-0.153496,-0.0837503, 0.0911954, 0.0651228, 0.0739616, 0.236458, 0.0367327, 0.0212713
0.999726,0.0103282, 0.0198784, 0.00672251, 0.0742979,-0.154241,-0.0842751, 0.0911109, 0.0650296, 0.0739512, 0.231643, 0.0363275, 0.0209603
0.99973,0.0103925, 0.0196831, 0.00661827, 0.0643862,-0.155297,-0.0849182, 0.0910072, 0.0649336, 0.0739341, 0.223231, 0.0356082, 0.0205777
0.999733,0.010468, 0.019497, 0.00660978, 0.052903,-0.156518,-0.0855818, 0.090865, 0.0648356, 0.0739086, 0.211027, 0.0345869, 0.0201678
0.999736,0.0105323, 0.0193166, 0.00665357, 0.0411991,-0.157726,-0.0862131, 0.0907225, 0.0647468, 0.0738791, 0.196491, 0.0334305, 0.0197879
0.999737,0.0105871, 0.0191803, 0.00671562, 0.0305387,-0.158799,-0.0867544, 0.0905575, 0.0646535, 0.0738491, 0.180693, 0.0322522, 0.0194584
0.999739,0.0106166, 0.0190544, 0.00678914, 0.0218935,-0.159627,-0.0871654, 0.0903934, 0.0645658, 0.0738188, 0.165424, 0.0311928, 0.0191985
0.999742,0.0106028, 0.0189045, 0.00680234, 0.0152863,-0.160212,-0.0874763, 0.0903315, 0.0645106, 0.0737975, 0.153934, 0.0304428, 0.0190186
0.999745,0.0105766, 0.0187841, 0.00677339, 0.010727,-0.160612,-0.0877035, 0.0903018, 0.0644695, 0.0737799, 0.146449, 0.0299711, 0.018897
0.999747,0.0105397, 0.0186848, 0.0067389, 0.00748957,-0.1609,-0.0878766, 0.0902714, 0.0644352, 0.0737649, 0.141818, 0.0296849, 0.018813
0.999748,0.0105092, 0.0186294, 0.0067461, 0.00496723,-0.161141,-0.088008, 0.0902262, 0.0644038, 0.0737519, 0.139324, 0.0295339, 0.0187558
0.999749,0.0104712, 0.0186191, 0.0067603, 0.00356171,-0.161302,-0.0881138, 0.0901325, 0.0643625, 0.0737396, 0.138349, 0.0294834, 0.0187207
0.999748,0.0104412, 0.0186676, 0.0067804, 0.00398299,-0.161322,-0.0881845, 0.0899255, 0.064281, 0.0737247, 0.137807, 0.0294734, 0.0187044
0.999746,0.0104157, 0.0187629, 0.00683114, 0.00614317,-0.161168,-0.0882065, 0.0896071, 0.0641526, 0.0737063, 0.135787, 0.0293945, 0.0186986
0.999746,0.0103931, 0.0187986, 0.0067759, 0.0100161,-0.160857,-0.0882003, 0.0892599, 0.0640018, 0.0736799, 0.130852, 0.0291633, 0.0186934
0.999745,0.0103842, 0.0188726, 0.00681269, 0.0139427,-0.160487,-0.0881679, 0.0889361, 0.0638465, 0.0736504, 0.123249, 0.0287855, 0.0186822
0.999747,0.0104135, 0.0188013, 0.00668962, 0.0175958,-0.160189,-0.0881538, 0.0886592, 0.0636957, 0.0736146, 0.114359, 0.0283359, 0.0186651
0.999746,0.0104511, 0.0188243, 0.00672591, 0.0205229,-0.159758,-0.0881108, 0.0884513, 0.0635565, 0.0735853, 0.105705, 0.027886, 0.0186455
0.999745,0.0105166, 0.0188151, 0.00671164, 0.02251,-0.159401,-0.0880936, 0.0882894, 0.0634291, 0.0735639, 0.0980429, 0.0274692, 0.0186268
0.999745,0.0105919, 0.0187802, 0.00674154, 0.0239286,-0.15914,-0.0880947, 0.08815, 0.0633075, 0.0735461, 0.0915172, 0.0270918, 0.0186103
0.999744,0.0106598, 0.018752, 0.00679471, 0.0252485,-0.158906,-0.0881021, 0.0880389, 0.0631954, 0.0735297, 0.0861256, 0.0267578, 0.0185966
0.999744,0.0107093, 0.0187223, 0.0068191, 0.0265292,-0.158712,-0.0881095, 0.0879771, 0.0631055, 0.0735157, 0.081917, 0.0264764, 0.0185858
0.999744,0.0107408, 0.0187025, 0.0068272, 0.0277456,-0.158561,-0.0881136, 0.0879483, 0.0630375, 0.0735031, 0.0788375, 0.0262476, 0.0185776
0.999744,0.0107559, 0.0186776, 0.00682176, 0.0289033,-0.158481,-0.0881158, 0.0879306, 0.0629872, 0.0734921, 0.07677, 0.0260665, 0.0185711
0.999744,0.0107736, 0.0186665, 0.00684246, 0.0300029,-0.158474,-0.0881206, 0.0878845, 0.0629409, 0.0734795, 0.0756336, 0.0259332, 0.0185663
0.999743,0.0107871, 0.0186957, 0.00689634, 0.0307443,-0.158573,-0.0881412, 0.0877197, 0.0628642, 0.0734603, 0.0752731, 0.0258326, 0.0185612
0.999741,0.0107893, 0.0187798, 0.00699355, 0.0307504,-0.158738,-0.0881815, 0.0874326, 0.0627539, 0.0734389, 0.0752501, 0.0257264, 0.0185522
0.999738,0.0107766, 0.0188947, 0.00710197, 0.0296566,-0.158947,-0.0882457, 0.0870204, 0.0626, 0.073413, 0.0750161, 0.0255697, 0.0185358
0.999736,0.0107745, 0.0189916, 0.00718118, 0.0274112,-0.159181,-0.0883344, 0.086609, 0.0624413, 0.0733857, 0.0741393, 0.0253436, 0.0185123
0.999734,0.0107774, 0.0190655, 0.00717573, 0.0244888,-0.159392,-0.0884301, 0.0862867, 0.062307, 0.0733564, 0.0725547, 0.0250597, 0.0184848
0.999734,0.0108094, 0.0190713, 0.00715173, 0.0213258,-0.159558,-0.0885205, 0.0860556, 0.0621986, 0.0733328, 0.0704823, 0.024754, 0.0184564
0.999735,0.0108549, 0.0190452, 0.00708772, 0.0182772,-0.159671,-0.0886007, 0.0858993, 0.0621102, 0.0733137, 0.0682176, 0.0244545, 0.0184298
0.999736,0.0109171, 0.0189627, 0.00699422, 0.0154809,-0.159699,-0.0886619, 0.0857917, 0.0620336, 0.0732991, 0.0659857, 0.0241789, 0.0184066
0.999738,0.0109826, 0.018858, 0.00687153, 0.0131815,-0.159654,-0.0887005, 0.0857292, 0.0619709, 0.0732889, 0.0639606, 0.0239375, 0.018387
0.99974,0.0110517, 0.0187492, 0.00676128, 0.0112727,-0.159604,-0.0887296, 0.0856888, 0.0619174, 0.0732818, 0.0622008, 0.023732, 0.0183709
0.999742,0.0111214, 0.0186336, 0.0066498, 0.00971714,-0.159537,-0.0887471, 0.0856711, 0.0618755, 0.0732769, 0.0607603, 0.0235619, 0.0183577
0.999744,0.0111862, 0.0185298, 0.00655656, 0.00841688,-0.159484,-0.0887604, 0.0856608, 0.0618421, 0.0732725, 0.0596225, 0.0234224, 0.0183471
0.999746,0.0112382, 0.018441, 0.00649023, 0.00738318,-0.159439,-0.0887685, 0.0856528, 0.0618162, 0.0732674, 0.0587775, 0.0233085, 0.0183388
0.999747,0.0112767, 0.0183736, 0.00646933, 0.00660309,-0.159396,-0.0887709, 0.0856314, 0.0617924, 0.0732604, 0.0582257, 0.0232157, 0.0183326
0.999747,0.0112767, 0.018365, 0.00647211, 0.00616336,-0.159384,-0.0887783, 0.0855438, 0.0617515, 0.0732507, 0.0579669, 0.0231392, 0.0183281
0.999745,0.0112769, 0.0184205, 0.00655306, 0.00591426,-0.159314,-0.0887707, 0.0853645, 0.061682, 0.073241, 0.0579099, 0.0230702, 0.0183245
0.999744,0.0112474, 0.0184683, 0.00659687, 0.00591262,-0.159244,-0.0887685, 0.0851509, 0.0616001, 0.0732282, 0.0579, 0.0229999, 0.0183218
0.999743,0.0111927, 0.0185348, 0.00665221, 0.00604117,-0.15913,-0.0887637, 0.0849398, 0.0615159, 0.0732147, 0.0578066, 0.0229241, 0.0183196
0.999744,0.0111191, 0.0185659, 0.00667126, 0.00627181,-0.158978,-0.0887604, 0.0847607, 0.0614394, 0.0732013, 0.057557, 0.0228426, 0.0183172
0.999743,0.0110409, 0.0186252, 0.00671606, 0.00653859,-0.158729,-0.0887471, 0.0845936, 0.0613632, 0.0731895, 0.0571185, 0.022754, 0.0183143
0.999743,0.0109735, 0.0186806, 0.00674102, 0.00678601,-0.158503,-0.0887442, 0.0843939, 0.0612715, 0.0731783, 0.056452, 0.0226537, 0.0183106
0.999741,0.0109183, 0.0187849, 0.00682267, 0.00710932,-0.158212,-0.0887332, 0.0841956, 0.0611751, 0.0731663, 0.0555686, 0.0225418, 0.0183062
0.99974,0.010856, 0.0188582, 0.00685884, 0.00745646,-0.157923,-0.0887243, 0.0839923, 0.0610675, 0.0731537, 0.0544924, 0.0224181, 0.0183009
0.99974,0.0107738, 0.0188682, 0.00689095, 0.007487,-0.157708,-0.0887338, 0.08381, 0.0609619, 0.0731442, 0.0532978, 0.0222896, 0.0182956
0.99974,0.0107124, 0.0189094, 0.0069163, 0.00779038,-0.157456,-0.0887282, 0.0836764, 0.0608733, 0.0731356, 0.052098, 0.0221645, 0.018291
0.99974,0.0106567, 0.018916, 0.00690248, 0.00801009,-0.157261,-0.0887282, 0.0835941, 0.0608065, 0.0731256, 0.0509995, 0.0220501, 0.0182875
0.999741,0.0106154, 0.0189282, 0.00688687, 0.00828059,-0.157097,-0.0887274, 0.083556, 0.0607656, 0.0731121, 0.0501052, 0.0219533, 0.018285
0.999741,0.010587, 0.0189264, 0.00687588, 0.00850751,-0.157006,-0.0887302, 0.0835292, 0.0607368, 0.0730977, 0.0494227, 0.0218736, 0.018283
0.999741,0.0105818, 0.0189258, 0.00686587, 0.00872023,-0.156969,-0.0887318, 0.0835021, 0.0607142, 0.0730844, 0.0489512, 0.0218112, 0.0182814
0.999741,0.0105938, 0.0189481, 0.00688291, 0.00888018,-0.156974,-0.0887343, 0.083429, 0.0606806, 0.0730706, 0.0487006, 0.0217655, 0.0182797
0.999739,0.010627, 0.0190248, 0.00692397, 0.00893897,-0.156998,-0.088736, 0.0832296, 0.0606038, 0.0730553, 0.0486316, 0.02173, 0.018277
0.999735,0.0106735, 0.019126, 0.00706129, 0.00887767,-0.157048,-0.0887377, 0.0829526, 0.0605014, 0.0730385, 0.0486245, 0.0216949, 0.0182734
0.999733,0.0107165, 0.0192113, 0.00705482, 0.00874031,-0.156996,-0.0887315, 0.0827207, 0.0604054, 0.0730222, 0.0485659, 0.0216544, 0.0182697
0.999732,0.0107645, 0.0192328, 0.00709357, 0.00856129,-0.156932,-0.0887208, 0.0825728, 0.0603372, 0.0730038, 0.0484156, 0.0216103, 0.018266
0.999731,0.0107986, 0.0192322, 0.00710471, 0.00842848,-0.156849,-0.0887098, 0.0825401, 0.0603067, 0.0729859, 0.048224, 0.0215682, 0.0182629
0.999732,0.0108401, 0.019198, 0.0071112, 0.00835145,-0.156736,-0.0886844, 0.0825296, 0.0602861, 0.0729657, 0.0480363, 0.0215285, 0.0182596
0.999732,0.0109303, 0.0191234, 0.00711291, 0.00834889,-0.156583,-0.0886324, 0.0824856, 0.0602662, 0.0729203, 0.047862, 0.0214888, 0.0182551
0.999732,0.0110523, 0.0190495, 0.00707847, 0.008452,-0.156425,-0.0885635, 0.0824008, 0.0602444, 0.0728437, 0.0476854, 0.0214481, 0.0182483
0.999733,0.0111835, 0.0189578, 0.00704582, 0.00868534,-0.156263,-0.0884763, 0.0823026, 0.0602169, 0.0727516, 0.0474731, 0.0214057, 0.0182387
0.999733,0.0113483, 0.0188509, 0.00698972, 0.00906539,-0.156089,-0.0883652, 0.082163, 0.0601854, 0.0726235, 0.0471985, 0.0213603, 0.0182252
0.999734,0.0115918, 0.0187045, 0.0068687, 0.00967447,-0.155868,-0.0882117, 0.0819901, 0.0601514, 0.0724664, 0.0468373, 0.0213119, 0.0182075
0.999735,0.0118155, 0.0185599, 0.00670473, 0.0103383,-0.155645,-0.0880572, 0.081897, 0.0601198, 0.0723667, 0.0464554, 0.0212676, 0.0181895
0.999737,0.0120132, 0.0184273, 0.00652731, 0.0109854,-0.155437,-0.0879086, 0.081806, 0.0600894, 0.0722719, 0.046064, 0.0212236, 0.0181719
0.999738,0.0122041, 0.0182905, 0.00634145, 0.0116785,-0.155228,-0.0877565, 0.0817206, 0.060061, 0.0721856, 0.0456781, 0.0211804, 0.0181554
0.999739,0.0123484, 0.018176, 0.00617949, 0.0122905,-0.155051,-0.0876255, 0.0816505, 0.0600367, 0.0721148, 0.0453259, 0.0211392, 0.0181414
0.999741,0.0124784, 0.0180662, 0.00603655, 0.0128782,-0.15489,-0.0875051, 0.0815841, 0.0600152, 0.0720505, 0.045004, 0.0211009, 0.0181293
0.999742,0.0126, 0.0179649, 0.00591638, 0.0134036,-0.154753,-0.0874034, 0.0815207, 0.0599954, 0.0719922, 0.0447118, 0.0210657, 0.0181192
0.999743,0.0127177, 0.0178633, 0.00581265, 0.0139317,-0.154624,-0.0873068, 0.081461, 0.0599776, 0.0719407, 0.0444511, 0.0210324, 0.0181111
0.999743,0.0128272, 0.0177713, 0.00573042, 0.0143963,-0.154517,-0.0872237, 0.0814053, 0.0599621, 0.0718956, 0.0442194, 0.0210014, 0.0181046
0.999744,0.0129268, 0.0176966, 0.00568235, 0.0147821,-0.154434,-0.0871605, 0.0813629, 0.0599499, 0.0718598, 0.0440403, 0.0209739, 0.0181003
0.999743,0.013022, 0.0176458, 0.0056965, 0.0150493,-0.154383,-0.0871241, 0.0812998, 0.0599404, 0.0718097, 0.0439436, 0.020949, 0.0180981
0.999742,0.0131161, 0.0176182, 0.00577855, 0.0151577,-0.154367,-0.0871179, 0.0811607, 0.0599311, 0.0717117, 0.0439208, 0.0209246, 0.0180954
0.99974,0.0132043, 0.0176028, 0.0059089, 0.0151205,-0.154371,-0.0871295, 0.0809692, 0.0599213, 0.0715856, 0.0439195, 0.0209004, 0.018089
0.999738,0.0132877, 0.0176034, 0.00606293, 0.0149804,-0.154405,-0.0871542, 0.0807109, 0.0599111, 0.0714215, 0.0438738, 0.0208758, 0.018075
0.999737,0.013355, 0.0176173, 0.0061666, 0.0147967,-0.154438,-0.0871841, 0.0804841, 0.0599012, 0.071285, 0.0437399, 0.0208541, 0.0180529
0.999736,0.0133907, 0.0176364, 0.00621068, 0.0146293,-0.154463,-0.0872092, 0.0803641, 0.0598905, 0.0712252, 0.0435432, 0.0208376, 0.0180272
0.999736,0.0133683, 0.0176445, 0.00621408, 0.014176,-0.154448,-0.0872196, 0.0802587, 0.0598786, 0.0711764, 0.0432951, 0.0208231, 0.0179991
0.999736,0.0133363, 0.0176502, 0.00620651, 0.013664,-0.154434,-0.0872229, 0.0801496, 0.059866, 0.0711237, 0.042996, 0.0208099, 0.0179691
0.999736,0.0133034, 0.0176579, 0.00618617, 0.013141,-0.15442,-0.0872265, 0.0800579, 0.0598539, 0.071081, 0.0426675, 0.0207981, 0.0179391
0.999738,0.013241, 0.0176556, 0.006139, 0.0124953,-0.15439,-0.0872159, 0.079982, 0.0598423, 0.071046, 0.0423302, 0.0207873, 0.0179106
0.999739,0.0131885, 0.0176532, 0.00608611, 0.0119655,-0.154363,-0.0872057, 0.0799307, 0.0598318, 0.0710241, 0.0420237, 0.0207769, 0.0178863
0.99974,0.0131377, 0.0176519, 0.00605092, 0.0114538,-0.154339,-0.0872029, 0.0798903, 0.0598229, 0.0710063, 0.0417582, 0.0207661, 0.0178664
0.99974,0.0131211, 0.0176577, 0.00603381, 0.0111753,-0.154339,-0.0872064, 0.079854, 0.0598155, 0.070988, 0.0415538, 0.0207545, 0.017852
0.999739,0.0131654, 0.0176726, 0.00607836, 0.011092,-0.154384,-0.087212, 0.0797237, 0.0598088, 0.0708995, 0.0414596, 0.0207372, 0.0178448
0.999737,0.0132927, 0.0176505, 0.00617176, 0.0109138,-0.154386,-0.0871955, 0.0794745, 0.0598012, 0.0707235, 0.0414432, 0.0207117, 0.0178416
0.999736,0.013355, 0.017627, 0.00620086, 0.0108613,-0.154372,-0.0871667, 0.0793433, 0.0597934, 0.0706307, 0.0414363, 0.0206861, 0.0178394
0.999736,0.0133479, 0.0176179, 0.00622153, 0.0108484,-0.154388,-0.0871385, 0.0791989, 0.0597844, 0.0705279, 0.0414056, 0.0206555, 0.0178354
0.999736,0.0134065, 0.0175858, 0.00631654, 0.0108845,-0.154422,-0.0870834, 0.079008, 0.0597752, 0.070392, 0.0413126, 0.0206195, 0.017827
0.999735,0.0135814, 0.0174978, 0.00632389, 0.0112329,-0.154395,-0.0869577, 0.0788224, 0.0597658, 0.0702607, 0.0411347, 0.0205813, 0.0178135
0.999735,0.0136965, 0.0174044, 0.00626618, 0.0116239,-0.154365,-0.0868133, 0.0786886, 0.0597561, 0.0701706, 0.040888, 0.0205435, 0.0177969
0.999736,0.0137817, 0.0173092, 0.00619574, 0.0119808,-0.154349,-0.086663, 0.0786022, 0.0597462, 0.0701176, 0.040611, 0.0205071, 0.0177796
0.999737,0.0138533, 0.0172162, 0.00613074, 0.0123264,-0.154334,-0.0865203, 0.0785375, 0.0597366, 0.0700814, 0.0403322, 0.0204717, 0.0177634
0.999738,0.0139018, 0.017137, 0.00608641, 0.0125828,-0.154336,-0.0863962, 0.0784807, 0.0597277, 0.070051, 0.0400623, 0.0204373, 0.0177489
0.999739,0.0139912, 0.0170403, 0.0060385, 0.012987,-0.154309,-0.0862668, 0.0784275, 0.0597192, 0.0700226, 0.0398021, 0.0204039, 0.017736
0.999739,0.0140663, 0.0169503, 0.00599977, 0.0133392,-0.154291,-0.0861497, 0.0783817, 0.0597111, 0.0699993, 0.0395604, 0.0203717, 0.017725
0.99974,0.0141237, 0.0168763, 0.00598332, 0.0135608,-0.154299,-0.0860516, 0.0783447, 0.0597043, 0.0699811, 0.0393594, 0.0203407, 0.0177171
0.99974,0.0141946, 0.0168179, 0.00601052, 0.0137165,-0.154311,-0.0859866, 0.0782786, 0.059699, 0.0699392, 0.0392341, 0.0203106, 0.0177133
0.999739,0.0142665, 0.0167824, 0.00607136, 0.0137811,-0.154324,-0.0859566, 0.0781905, 0.0596951, 0.0698795, 0.0391727, 0.0202816, 0.017712
0.999738,0.0143386, 0.0167685, 0.00615744, 0.0137475,-0.154341,-0.085956, 0.0780826, 0.059692, 0.0698047, 0.0391516, 0.0202531, 0.0177109
0.999736,0.0144123, 0.01677, 0.00626228, 0.0136189,-0.15436,-0.0859813, 0.0779362, 0.0596876, 0.0697053, 0.0391432, 0.020225, 0.017707
0.999734,0.0145002, 0.0167863, 0.00636764, 0.0134269,-0.154393,-0.0860244, 0.0777351, 0.0596809, 0.0695704, 0.0391115, 0.0201964, 0.0176973
0.999732,0.0145672, 0.016802, 0.0063812, 0.0131646,-0.154393,-0.0860675, 0.0775593, 0.0596706, 0.0694611, 0.039033, 0.020171, 0.0176811
0.999732,0.0145874, 0.0168135, 0.00634738, 0.0128293,-0.154375,-0.0861055, 0.0774191, 0.0596557, 0.0693822, 0.038904, 0.0201498, 0.01766
0.999733,0.0145592, 0.0168113, 0.00628138, 0.0123056,-0.15432,-0.0861315, 0.0772967, 0.0596409, 0.0693187, 0.0387297, 0.0201314, 0.0176351
0.999734,0.0145323, 0.0168071, 0.00618871, 0.0117521,-0.154264,-0.0861529, 0.0771847, 0.0596266, 0.0692629, 0.038518, 0.0201149, 0.0176077
0.999736,0.0144784, 0.0167977, 0.00608542, 0.0111293,-0.154198,-0.0861711, 0.0770908, 0.059613, 0.069219, 0.0382849, 0.0201002, 0.0175797
0.999737,0.0144623, 0.0167893, 0.00595927, 0.0107228,-0.154156,-0.0861752, 0.0770089, 0.0596005, 0.0691809, 0.0380423, 0.0200866, 0.0175522
0.999739,0.0144015, 0.0167745, 0.0058372, 0.0101419,-0.154085,-0.0861908, 0.0769537, 0.0595891, 0.069159, 0.0378236, 0.020074, 0.0175285
0.99974,0.0143437, 0.0167579, 0.00573057, 0.00961936,-0.154015,-0.0862064, 0.0769096, 0.0595793, 0.0691407, 0.0376368, 0.0200615, 0.0175091
0.999742,0.0143001, 0.0167398, 0.00562811, 0.00920821,-0.153955,-0.0862137, 0.0768739, 0.0595714, 0.0691243, 0.0374828, 0.0200487, 0.0174939
0.999743,0.014269, 0.0167227, 0.00555123, 0.00886593,-0.153902,-0.0862236, 0.0768386, 0.0595647, 0.0691045, 0.0373708, 0.020035, 0.0174834
0.999744,0.0142457, 0.0167027, 0.00549345, 0.00859787,-0.153855,-0.0862295, 0.0767948, 0.0595587, 0.0690754, 0.0373019, 0.0200197, 0.0174774
0.999745,0.0142329, 0.0166885, 0.00546364, 0.0083988,-0.153828,-0.0862398, 0.0767492, 0.059553, 0.0690425, 0.0372658, 0.0200027, 0.0174746
0.999745,0.0142199, 0.016654, 0.00545959, 0.00823173,-0.153776,-0.0862425, 0.0766716, 0.0595461, 0.0689843, 0.0372538, 0.0199821, 0.0174734
0.999746,0.0142193, 0.0165937, 0.00548443, 0.00816672,-0.153693,-0.0862328, 0.0765788, 0.0595383, 0.0689134, 0.0372469, 0.0199587, 0.0174722
0.999747,0.0142292, 0.0165063, 0.00551775, 0.00823443,-0.153582,-0.0862052, 0.07649, 0.0595285, 0.0688463, 0.0372263, 0.0199329, 0.0174693
0.999748,0.0142123, 0.0164357, 0.00556269, 0.00831141,-0.153511,-0.0861741, 0.0764354, 0.0595175, 0.0688069, 0.0371867, 0.0199063, 0.0174647
0.99975,0.0141942, 0.0163573, 0.00561337, 0.00842984,-0.153426,-0.0861423, 0.0764142, 0.0595068, 0.0687939, 0.037139, 0.0198803, 0.0174597
0.999751,0.0141664, 0.016288, 0.00568177, 0.00850051,-0.153366,-0.0861152, 0.0764006, 0.0594962, 0.0687866, 0.0370941, 0.0198548, 0.0174551
0.999752,0.0141315, 0.0162209, 0.0057564, 0.0085726,-0.153303,-0.0860961, 0.0763881, 0.0594856, 0.0687793, 0.0370539, 0.0198306, 0.0174511
0.999753,0.0140932, 0.016159, 0.00583669, 0.00862025,-0.153248,-0.0860813, 0.0763767, 0.0594752, 0.0687715, 0.0370186, 0.0198073, 0.0174475
0.999754,0.0140527, 0.0160975, 0.00592164, 0.00866221,-0.153189,-0.0860715, 0.0763663, 0.0594651, 0.0687637, 0.0369867, 0.0197849, 0.0174444
0.999755,0.0140117, 0.016036, 0.00600982, 0.00868221,-0.153136,-0.0860626, 0.0763565, 0.0594555, 0.0687559, 0.0369588, 0.0197633, 0.0174417
0.999756,0.0139698, 0.0159816, 0.00610249, 0.00868095,-0.153089,-0.0860581, 0.0763475, 0.0594468, 0.0687487, 0.0369334, 0.0197426, 0.0174393
0.999757,0.013931, 0.0159323, 0.0061961, 0.00867228,-0.153045,-0.0860572, 0.0763396, 0.0594395, 0.0687426, 0.03691, 0.0197226, 0.0174372
0.999757,0.0139003, 0.015887, 0.00628217, 0.00866945,-0.152995,-0.0860568, 0.0763321, 0.0594333, 0.0687375, 0.0368886, 0.0197033, 0.0174353
0.999758,0.0138729, 0.0158446, 0.00636374, 0.00866266,-0.152945,-0.08606, 0.0763255, 0.0594282, 0.0687333, 0.0368703, 0.0196843, 0.0174336
0.999759,0.0138479, 0.0158038, 0.00643519, 0.00866124,-0.152889,-0.0860645, 0.0763198, 0.0594239, 0.0687302, 0.0368545, 0.0196656, 0.0174321
0.999759,0.0138255, 0.0157628, 0.00649966, 0.00866805,-0.152828,-0.0860701, 0.0763145, 0.0594199, 0.0687279, 0.0368401, 0.019647, 0.0174308
0.99976,0.0138034, 0.0157232, 0.0065638, 0.00867695,-0.152766,-0.086079, 0.0763088, 0.059416, 0.0687258, 0.0368266, 0.0196278, 0.0174294
0.99976,0.0137798, 0.015688, 0.00662958, 0.00867659,-0.152709,-0.0860923, 0.0763027, 0.0594122, 0.0687238, 0.0368138, 0.0196079, 0.0174281
0.99976,0.0137608, 0.0156551, 0.00669881, 0.00866916,-0.15266,-0.0861094, 0.0762962, 0.0594086, 0.0687218, 0.0368012, 0.0195873, 0.0174266
0.999761,0.0137327, 0.0156215, 0.0067679, 0.00866738,-0.152602,-0.0861308, 0.0762898, 0.0594054, 0.0687204, 0.0367899, 0.0195667, 0.0174253
0.999761,0.0137077, 0.0155922, 0.00683741, 0.00865594,-0.152556,-0.0861527, 0.0762836, 0.0594024, 0.0687193, 0.0367793, 0.0195466, 0.017424
0.999761,0.0136855, 0.0155631, 0.00690241, 0.00864539,-0.152507,-0.0861734, 0.0762779, 0.0593997, 0.0687182, 0.0367695, 0.0195274, 0.0174228
0.999762,0.0136648, 0.0155343, 0.00696534, 0.00863621,-0.152459,-0.0861915, 0.0762728, 0.059397, 0.0687169, 0.0367609, 0.0195094, 0.0174218
0.999762,0.0136451, 0.0155086, 0.00702573, 0.00862173,-0.152416,-0.086211, 0.076268, 0.0593948, 0.0687158, 0.0367536, 0.0194919, 0.0174209
0.999762,0.0136268, 0.0154835, 0.00708662, 0.00860378,-0.152376,-0.0862303, 0.0762636, 0.0593926, 0.0687148, 0.0367465, 0.0194749, 0.0174201
0.999762,0.0136073, 0.0154584, 0.00714936, 0.00858783,-0.152332,-0.0862487, 0.0762593, 0.0593904, 0.0687135, 0.0367394, 0.0194586, 0.0174193
0.999763,0.0135868, 0.0154344, 0.00721277, 0.0085735,-0.15229,-0.0862664, 0.076255, 0.0593883, 0.0687122, 0.0367324, 0.0194429, 0.0174185
0.999763,0.0135656, 0.015412, 0.00727761, 0.00855647,-0.152254,-0.0862833, 0.0762506, 0.059386, 0.0687106, 0.0367253, 0.0194278, 0.0174178
0.999763,0.0135426, 0.0153881, 0.00734467, 0.00854431,-0.152213,-0.0862996, 0.0762463, 0.0593836, 0.0687089, 0.0367185, 0.0194133, 0.0174171
0.999763,0.0135202, 0.0153676, 0.00740809, 0.00853488,-0.15218,-0.0863147, 0.0762419, 0.0593812, 0.0687072, 0.0367121, 0.0193993, 0.0174164
0.999763,0.0134977, 0.0153469, 0.00747466, 0.00854097,-0.152147,-0.0863285, 0.0762367, 0.0593781, 0.0687053, 0.0367063, 0.019386, 0.0174158
0.999763,0.0134726, 0.0153265, 0.00754453, 0.00857953,-0.152115,-0.08634, 0.0762273, 0.0593723, 0.0687032, 0.0367008, 0.0193738, 0.0174151
0.999763,0.0134484, 0.0153125, 0.00761511, 0.00864895,-0.15209,-0.0863501, 0.0762128, 0.0593637, 0.0687017, 0.0366939, 0.0193617, 0.0174144
0.999763,0.0134251, 0.0153076, 0.00769074, 0.00875943,-0.152073,-0.0863588, 0.0761911, 0.0593511, 0.0687001, 0.0366822, 0.0193497, 0.0174136
0.999763,0.013403, 0.0153069, 0.00777884, 0.0089326,-0.152053,-0.0863648, 0.076154, 0.0593289, 0.0686973, 0.036661, 0.0193379, 0.0174127
0.999763,0.013376, 0.0153036, 0.00786184, 0.00915496,-0.152031,-0.0863654, 0.0761162, 0.0593026, 0.0686907, 0.036626, 0.019327, 0.0174118
0.999763,0.0133404, 0.0152885, 0.00794517, 0.00942126,-0.15201,-0.0863617, 0.0760817, 0.0592756, 0.0686806, 0.0365783, 0.0193176, 0.0174109
0.999763,0.0133127, 0.0152771, 0.00801577, 0.00967577,-0.151995,-0.0863561, 0.0760644, 0.0592618, 0.0686721, 0.0365314, 0.0193101, 0.0174103
0.999763,0.0132781, 0.0152683, 0.00808431, 0.00990298,-0.151988,-0.0863543, 0.0760482, 0.0592526, 0.0686622, 0.0364961, 0.0193041, 0.0174099
0.999762,0.01325, 0.0152625, 0.00815624, 0.0100889,-0.151977,-0.0863534, 0.0760259, 0.0592436, 0.0686518, 0.0364753, 0.0192993, 0.0174097
0.999762,0.0132398, 0.015271, 0.00822867, 0.0101839,-0.151964,-0.0863557, 0.075974, 0.0592225, 0.06864, 0.0364704, 0.0192935, 0.0174093
0.999761,0.0132524, 0.0152758, 0.00826706, 0.0101665,-0.151952,-0.086363, 0.0758904, 0.0591871, 0.068622, 0.0364694, 0.0192847, 0.0174085
0.999761,0.0132719, 0.0152877, 0.00827234, 0.0100497,-0.151921,-0.0863731, 0.0758309, 0.0591588, 0.0686105, 0.0364596, 0.0192743, 0.0174077
0.999761,0.0133045, 0.0152791, 0.00826031, 0.00991031,-0.151887,-0.0863896, 0.0758176, 0.059151, 0.0686054, 0.0364449, 0.0192637, 0.0174072
0.999761,0.0133363, 0.0152509, 0.00822408, 0.00976868,-0.151852,-0.08642, 0.0758098, 0.0591465, 0.0685976, 0.0364308, 0.0192523, 0.0174063
0.999762,0.013374, 0.0151961, 0.00814792, 0.00964828,-0.151812,-0.0864643, 0.0757933, 0.0591375, 0.0685894, 0.0364169, 0.0192401, 0.0174047
0.999764,0.0134072, 0.015112, 0.00797906, 0.00956618,-0.151737,-0.086528, 0.0757522, 0.0591127, 0.068582, 0.0364009, 0.0192263, 0.0174017
0.999768,0.0134422, 0.014972, 0.00770261, 0.00949265,-0.15165,-0.0866103, 0.0756649, 0.059061, 0.0685774, 0.0363833, 0.0192107, 0.0173973
0.999773,0.0134851, 0.0147726, 0.00732644, 0.00942145,-0.15156,-0.0867074, 0.0755118, 0.0589759, 0.0685721, 0.0363635, 0.0191933, 0.0173916
0.999779,0.0135249, 0.0145542, 0.00686905, 0.0093268,-0.151475,-0.0868165, 0.0752751, 0.0588508, 0.0685602, 0.0363361, 0.0191724, 0.017384
0.999786,0.0135686, 0.0142626, 0.00631902, 0.00922099,-0.151383,-0.0869442, 0.0749537, 0.0586747, 0.0685498, 0.0363054, 0.0191469, 0.0173741
0.999794,0.0136331, 0.0139118, 0.00566571, 0.00911457,-0.151283,-0.0870769, 0.0745244, 0.058446, 0.0685375, 0.03628, 0.0191179, 0.0173627
0.999803,0.0137365, 0.0134982, 0.00488855, 0.00905392,-0.151165,-0.087202, 0.0739781, 0.0581689, 0.06851, 0.0362665, 0.0190875, 0.0173517
0.999811,0.013874, 0.0130263, 0.00402718, 0.00906664,-0.151042,-0.0873035, 0.0733392, 0.0578584, 0.0684634, 0.0362628, 0.0190568, 0.0173417
0.999817,0.0140062, 0.0126125, 0.00316861, 0.00912722,-0.15093,-0.0873816, 0.0727202, 0.0575605, 0.0684253, 0.0362612, 0.0190289, 0.0173333
0.999822,0.0140968, 0.0122741, 0.00245464, 0.0091955,-0.15081,-0.0874482, 0.0722364, 0.057328, 0.0684042, 0.0362598, 0.019006, 0.0173271
0.999825,0.0141793, 0.0120534, 0.00195405, 0.00926016,-0.150715,-0.0875146, 0.0719122, 0.0571763, 0.0683759, 0.0362575, 0.018986, 0.0173216
0.999826,0.0142262, 0.0119278, 0.00159931, 0.00932687,-0.150636,-0.0875845, 0.0717418, 0.0570917, 0.0683448, 0.0362526, 0.0189675, 0.0173162
0.999826,0.0142624, 0.0118982, 0.00155867, 0.00928202,-0.150715,-0.0876205, 0.0716782, 0.0570649, 0.068328, 0.0362456, 0.0189516, 0.0173119
0.999827,0.0142757, 0.0118642, 0.00149889, 0.00936653,-0.150676,-0.0876672, 0.0716586, 0.0570617, 0.0683172, 0.0362371, 0.0189377, 0.0173087
0.999826,0.0142767, 0.0118754, 0.00153617, 0.00945438,-0.150647,-0.0877028, 0.0716191, 0.0570485, 0.068311, 0.0362277, 0.0189255, 0.0173067
0.999826,0.0142655, 0.0118976, 0.0016572, 0.00954788,-0.150622,-0.0877254, 0.0714956, 0.0569891, 0.0683053, 0.0362187, 0.0189139, 0.0173052
0.999826,0.014248, 0.0119062, 0.00181463, 0.00962376,-0.150607,-0.0877355, 0.0712531, 0.0568696, 0.0683039, 0.0362106, 0.0189005, 0.0173034
0.999826,0.0142375, 0.0119214, 0.00203027, 0.00965959,-0.150618,-0.0877366, 0.0708862, 0.0566894, 0.0682981, 0.0362072, 0.0188841, 0.0173017
0.999825,0.0142251, 0.0119741, 0.00224818, 0.00967028,-0.150627,-0.0877363, 0.0704091, 0.0564586, 0.0682838, 0.0362059, 0.0188648, 0.0173003
0.999823,0.0142237, 0.0120532, 0.00248804, 0.00967903,-0.150664,-0.0877316, 0.0698545, 0.0561851, 0.0682804, 0.0362045, 0.0188429, 0.0172988
0.999822,0.0142085, 0.0121341, 0.00269766, 0.00968118,-0.150667,-0.0877324, 0.0692313, 0.0558756, 0.0682789, 0.0362028, 0.0188197, 0.0172969
0.999821,0.0141941, 0.0121723, 0.00290938, 0.00968764,-0.150675,-0.0877304, 0.0685587, 0.0555407, 0.0682776, 0.0362007, 0.0187957, 0.0172946
0.999819,0.0141889, 0.0122729, 0.00309135, 0.00969131,-0.150692,-0.0877293, 0.0678661, 0.0552014, 0.0682699, 0.036197, 0.0187706, 0.0172927
0.999817,0.0141876, 0.0123726, 0.00327398, 0.00970223,-0.15071,-0.0877307, 0.0671919, 0.054874, 0.0682658, 0.0361923, 0.0187455, 0.017291
0.999815,0.0141888, 0.0124983, 0.00345269, 0.00971249,-0.150732,-0.0877329, 0.0665618, 0.0545675, 0.0682635, 0.0361879, 0.018722, 0.0172893
0.999814,0.0141876, 0.0125878, 0.00358278, 0.00971795,-0.150734,-0.0877373, 0.0659795, 0.0542796, 0.06826, 0.0361847, 0.0187006, 0.0172873
0.999812,0.0141908, 0.0126894, 0.00375766, 0.00972589,-0.15076,-0.0877387, 0.0654645, 0.0540274, 0.068257, 0.0361822, 0.0186805, 0.0172852
0.999809,0.0142051, 0.0128422, 0.00396075, 0.00972457,-0.150809,-0.0877417, 0.0650727, 0.0538372, 0.0682559, 0.0361803, 0.0186635, 0.0172836
0.999806,0.0142266, 0.0129737, 0.00413289, 0.00972489,-0.150839,-0.0877575, 0.0648108, 0.0537206, 0.0682343, 0.0361743, 0.0186498, 0.0172813
0.999804,0.0142378, 0.0131052, 0.00426413, 0.00979839,-0.150839,-0.0878004, 0.0646831, 0.0536693, 0.0682153, 0.0361597, 0.0186403, 0.0172782
0.999802,0.0142407, 0.0131748, 0.0043902, 0.00983534,-0.150869,-0.0878479, 0.0646311, 0.0536551, 0.0681932, 0.0361309, 0.0186333, 0.0172741
0.999802,0.0142448, 0.0131796, 0.00443854, 0.00991724,-0.150882,-0.0879098, 0.0646178, 0.0536543, 0.0681798, 0.0360913, 0.0186278, 0.0172691
0.999803,0.014223, 0.0131059, 0.0044378, 0.00996639,-0.150904,-0.0879893, 0.0646013, 0.0536432, 0.068174, 0.0360467, 0.0186217, 0.0172636
0.999806,0.0141805, 0.012922, 0.00436008, 0.0100179,-0.150931,-0.0880827, 0.0645475, 0.0536036, 0.068169, 0.0360092, 0.0186144, 0.0172581
0.999811,0.0141258, 0.0126789, 0.00421337, 0.0101308,-0.150931,-0.0881752, 0.0644435, 0.053532, 0.0681663, 0.0359745, 0.0186065, 0.0172525
0.999817,0.0140582, 0.0123605, 0.00402067, 0.0102328,-0.150928,-0.0882741, 0.064288, 0.0534281, 0.0681629, 0.0359398, 0.0185975, 0.0172463
0.999823,0.0139837, 0.0119736, 0.0037631, 0.0103236,-0.150928,-0.0883783, 0.0640789, 0.0532871, 0.0681574, 0.0359066, 0.0185863, 0.017239
0.999831,0.0139157, 0.0114978, 0.00343845, 0.0104545,-0.150926,-0.0884731, 0.0638008, 0.0531077, 0.0681454, 0.0358824, 0.0185735, 0.0172317
0.999839,0.0138539, 0.0109616, 0.00302926, 0.010631,-0.150912,-0.0885511, 0.0634602, 0.0528934, 0.0681268, 0.0358656, 0.0185598, 0.0172249
0.999848,0.0138033, 0.0103857, 0.0025646, 0.0108339,-0.150897,-0.088609, 0.0630882, 0.0526614, 0.0681083, 0.0358516, 0.018546, 0.0172189
0.999855,0.0137523, 0.00983675, 0.00211302, 0.0110342,-0.15088,-0.0886454, 0.0627362, 0.0524425, 0.068092, 0.0358395, 0.0185342, 0.0172143
0.999861,0.013696, 0.00933497, 0.00172659, 0.011226,-0.150874,-0.0886789, 0.0624591, 0.0522679, 0.0680888, 0.035827, 0.0185246, 0.0172104
0.999865,0.0136505, 0.00897116, 0.00147604, 0.0113871,-0.150872,-0.0887226, 0.0622849, 0.052155, 0.0680793, 0.035814, 0.0185173, 0.0172069
0.999868,0.0136137, 0.00875413, 0.00134463, 0.0115233,-0.150867,-0.0887784, 0.0622029, 0.0520972, 0.0680587, 0.0357992, 0.0185113, 0.0172029
0.99987,0.0135579, 0.00864761, 0.0013003, 0.0116217,-0.150869,-0.0888359, 0.0621869, 0.0520804, 0.0680489, 0.0357843, 0.0185063, 0.0171991
0.999871,0.0134868, 0.00864887, 0.00132542, 0.0117139,-0.150864,-0.0888906, 0.0621836, 0.0520788, 0.0680421, 0.0357695, 0.0185011, 0.0171958
0.999871,0.0134206, 0.00874666, 0.0013906, 0.0117807,-0.150857,-0.0889406, 0.0621353, 0.0520608, 0.0680311, 0.0357519, 0.0184941, 0.0171927
0.99987,0.0133406, 0.00892926, 0.0014741, 0.0118142,-0.150858,-0.0889928, 0.0620094, 0.0520033, 0.0680154, 0.0357309, 0.0184838, 0.0171893
0.999869,0.0132616, 0.00917309, 0.00157436, 0.0118589,-0.150851,-0.0890334, 0.0617869, 0.0518964, 0.0679926, 0.0357187, 0.0184719, 0.0171875
0.999867,0.0131776, 0.00942397, 0.0016942, 0.0118812,-0.150854,-0.089056, 0.0614712, 0.0517281, 0.0679581, 0.035713, 0.0184593, 0.0171864
0.999865,0.0130735, 0.00977445, 0.00180403, 0.0118922,-0.150858,-0.0890709, 0.0610703, 0.0515136, 0.0679261, 0.0357106, 0.0184452, 0.0171857
0.999863,0.0129823, 0.0101109, 0.00190796, 0.0118962,-0.150867,-0.089079, 0.0605983, 0.0512519, 0.0679056, 0.0357094, 0.0184293, 0.017185
0.99986,0.0129119, 0.0104171, 0.00202163, 0.011895,-0.150875,-0.0890879, 0.0600608, 0.0509496, 0.0678892, 0.0357083, 0.0184113, 0.017184
0.999858,0.0128618, 0.0107191, 0.00214039, 0.0118948,-0.150899,-0.0890886, 0.0594936, 0.0506284, 0.0678713, 0.0357076, 0.0183928, 0.017183
0.999854,0.0127971, 0.0110778, 0.00225964, 0.0118953,-0.150913,-0.0890927, 0.0589372, 0.0503087, 0.0678605, 0.0357064, 0.0183752, 0.0171821
0.999851,0.0127534, 0.0113937, 0.00239027, 0.0118936,-0.150939,-0.0890976, 0.0584212, 0.0500122, 0.0678513, 0.0357049, 0.0183583, 0.0171812
0.999847,0.0127116, 0.0117391, 0.00250559, 0.0118851,-0.150971,-0.0891074, 0.0579737, 0.0497567, 0.0678433, 0.0357024, 0.0183426, 0.0171806
0.999843,0.0126633, 0.0120913, 0.00263026, 0.0118799,-0.151006,-0.0891209, 0.0576425, 0.0495691, 0.0678373, 0.0357, 0.0183295, 0.01718
0.99984,0.0126168, 0.0123917, 0.0027775, 0.0118876,-0.151034,-0.0891472, 0.0574453, 0.0494576, 0.067823, 0.0356967, 0.0183203, 0.0171792
0.999838,0.0125656, 0.0125923, 0.00289724, 0.0118896,-0.151065,-0.0891879, 0.0573606, 0.049414, 0.0677995, 0.0356882, 0.0183147, 0.0171777
0.999837,0.0125061, 0.0126551, 0.00295688, 0.0118774,-0.151105,-0.0892509, 0.057339, 0.0494082, 0.0677763, 0.0356694, 0.0183106, 0.0171747
0.99984,0.0124267, 0.0125608, 0.00295298, 0.0118901,-0.15115,-0.0893316, 0.057331, 0.0493991, 0.0677647, 0.0356457, 0.0183065, 0.0171698
0.999844,0.0123453, 0.0123349, 0.00289187, 0.0120405,-0.151152,-0.0894212, 0.0572838, 0.0493609, 0.0677577, 0.0356248, 0.0183029, 0.0171643
0.999849,0.0122837, 0.0119735, 0.00271087, 0.0121216,-0.151165,-0.0895061, 0.0571791, 0.0492839, 0.0677488, 0.0356083, 0.0182994, 0.0171588
0.999856,0.0122399, 0.0115121, 0.00246371, 0.0122149,-0.15117,-0.0895923, 0.0570205, 0.0491715, 0.0677458, 0.035593, 0.0182952, 0.0171527
0.999863,0.0122171, 0.0109701, 0.00217314, 0.0123357,-0.151172,-0.0896785, 0.0568149, 0.0490279, 0.0677445, 0.0355783, 0.0182901, 0.0171463
0.99987,0.0122212, 0.0103908, 0.00182661, 0.0124627,-0.151175,-0.0897591, 0.0565703, 0.0488582, 0.0677432, 0.0355656, 0.0182842, 0.0171395
0.999876,0.0122566, 0.00976909, 0.00143366, 0.0126205,-0.15118,-0.0898205, 0.0562904, 0.0486681, 0.0677339, 0.0355571, 0.0182775, 0.0171328
0.999882,0.0123178, 0.00910796, 0.00100426, 0.0128085,-0.151189,-0.0898555, 0.0559952, 0.0484702, 0.0677192, 0.0355504, 0.0182709, 0.0171268
0.999887,0.0123696, 0.00851132, 0.000563569, 0.013006,-0.151192,-0.0898788, 0.0557175, 0.0482827, 0.0677104, 0.0355431, 0.018265, 0.0171217
0.999891,0.012422, 0.00796778, 0.00018588, 0.0131862,-0.1512,-0.0898942, 0.0554915, 0.0481278, 0.0677078, 0.0355362, 0.0182603, 0.017117
-0.999894,-0.0124645, -0.00752787, 0.000105175, 0.0133458,-0.151218,-0.0899157, 0.0553432, 0.0480211, 0.0677035, 0.0355303, 0.0182568, 0.0171128
-0.999896,-0.0125082, -0.00724208, 0.000283627, 0.0134806,-0.151229,-0.0899665, 0.0552682, 0.0479646, 0.0676867, 0.0355245, 0.0182538, 0.0171087
-0.999896,-0.0125246, -0.00710483, 0.000352445, 0.0135858,-0.151228,-0.0900274, 0.0552462, 0.0479437, 0.0676738, 0.035518, 0.0182507, 0.0171047
-0.999897,-0.0125025, -0.00710965, 0.000347531, 0.0136745,-0.151207,-0.0900864, 0.0552426, 0.0479387, 0.0676685, 0.0355125, 0.0182468, 0.0171013
-0.999896,-0.0124683, -0.00723125, 0.000272531, 0.0137305,-0.15119,-0.0901461, 0.0552152, 0.0479246, 0.067659, 0.0355045, 0.0182404, 0.0170983
-0.999895,-0.0124191, -0.00745103, 0.000144436, 0.0137473,-0.151183,-0.0901971, 0.0551361, 0.0478833, 0.0676498, 0.0354978, 0.0182314, 0.0170959
0.999894,0.0123658, 0.00774396, 1.69403e-05, 0.0137468,-0.151177,-0.0902316, 0.0549902, 0.0478042, 0.0676363, 0.035494, 0.0182201, 0.0170944
0.999891,0.0123091, 0.00809518, 0.000214805, 0.0137288,-0.151176,-0.0902554, 0.0547868, 0.0476842, 0.067626, 0.0354903, 0.0182078, 0.0170937
0.999888,0.0122609, 0.00851684, 0.00045018, 0.0137001,-0.15118,-0.0902634, 0.0545328, 0.0475293, 0.067611, 0.0354874, 0.0181948, 0.0170934
0.999885,0.0122269, 0.00891653, 0.000697899, 0.013651,-0.15118,-0.0902586, 0.0542369, 0.0473429, 0.067598, 0.0354809, 0.0181802, 0.0170929
0.999882,0.0122134, 0.00931603, 0.0009718, 0.0135656,-0.151176,-0.0902578, 0.0539245, 0.0471408, 0.0675926, 0.0354674, 0.018163, 0.0170923
0.999878,0.0122089, 0.00965808, 0.00133187, 0.0134057,-0.1512,-0.0902558, 0.0536316, 0.0469475, 0.0675855, 0.0354451, 0.0181439, 0.0170917
0.999874,0.0121794, 0.0100437, 0.0015866, 0.013264,-0.151179,-0.0902654, 0.0533801, 0.0467766, 0.067578, 0.0354173, 0.0181249, 0.017091
0.999871,0.0121115, 0.0104159, 0.00182565, 0.013132,-0.15115,-0.0902718, 0.053177, 0.0466336, 0.0675659, 0.035393, 0.0181085, 0.0170906
0.999869,0.0119932, 0.0107222, 0.00202268, 0.013014,-0.151124,-0.0902777, 0.0530214, 0.046522, 0.0675439, 0.0353727, 0.0180948, 0.0170903
0.999868,0.0117723, 0.011002, 0.00215174, 0.0129373,-0.151078,-0.0902822, 0.0529046, 0.0464398, 0.0674982, 0.0353571, 0.0180837, 0.0170902
0.999869,0.0114288, 0.0112261, 0.00221682, 0.0128931,-0.151023,-0.0902814, 0.0528066, 0.0463823, 0.0674097, 0.0353456, 0.0180747, 0.0170901
0.999873,0.0109083, 0.0114019, 0.00220059, 0.0128924,-0.150943,-0.0902666, 0.0526999, 0.0463414, 0.0672467, 0.0353348, 0.0180661, 0.0170897
0.999879,0.0101937, 0.0115379, 0.00212363, 0.0129241,-0.150841,-0.0902444, 0.0525607, 0.04631, 0.0669923, 0.0353248, 0.0180576, 0.0170888
0.999887,0.00929768, 0.0116374, 0.00198135, 0.0129671,-0.150715,-0.0902153, 0.0523631, 0.0462818, 0.0666183, 0.0353135, 0.0180475, 0.0170875
0.999896,0.00820515, 0.0117027, 0.0017484, 0.0130196,-0.150558,-0.0901886, 0.0520907, 0.0462558, 0.0661194, 0.0353009, 0.0180356, 0.0170857
0.999906,0.00699264, 0.011735, 0.00140613, 0.0130708,-0.150378,-0.0901645, 0.0517328, 0.0462324, 0.0654956, 0.0352881, 0.0180218, 0.0170834
0.999914,0.00568134, 0.0117451, 0.000961193, 0.0131288,-0.150178,-0.0901422, 0.0512884, 0.0462118, 0.0647658, 0.035276, 0.0180059, 0.0170805
0.999922,0.00433803, 0.0117361, 0.000470938, 0.0131761,-0.149971,-0.0901228, 0.0507735, 0.0461943, 0.0639733, 0.0352639, 0.0179889, 0.0170772
-0.999927,-0.0030608, -0.0117088, 2.78573e-05, 0.0131916,-0.14977,-0.090113, 0.0502193, 0.0461775, 0.063174, 0.0352511, 0.0179716, 0.0170737
-0.99993,-0.00183609, -0.0116629, 0.000535972, 0.0131868,-0.149578,-0.0901086, 0.0496577, 0.0461622, 0.0624158, 0.0352389, 0.0179553, 0.0170701
-0.999932,-0.000714997, -0.0116068, 0.00103055, 0.0131859,-0.149404,-0.0901064, 0.0491131, 0.0461488, 0.0617337, 0.0352293, 0.0179411, 0.0170666
-0.999932,0.000247488, -0.011536, 0.0015694, 0.0131956,-0.149248,-0.0901137, 0.0486052, 0.0461369, 0.0611491, 0.0352226, 0.0179295, 0.0170633
-0.999932,0.00109815, -0.0114678, 0.00205351, 0.013194,-0.149115,-0.0901271, 0.0481583, 0.0461267, 0.060684, 0.035218, 0.0179204, 0.0170606
-0.99993,0.00179265, -0.0114102, 0.00241233, 0.0131831,-0.149017,-0.0901395, 0.0477951, 0.0461182, 0.0603544, 0.0352152, 0.0179139, 0.0170587
-0.999929,0.00229955, -0.0113463, 0.0027128, 0.0131778,-0.148947,-0.0901561, 0.0475353, 0.0461095, 0.0601632, 0.0352137, 0.0179102, 0.0170573
-0.999929,0.00260439, -0.0112793, 0.0029282, 0.0131658,-0.148903,-0.0901677, 0.0473792, 0.0460999, 0.0600866, 0.0352127, 0.0179085, 0.0170566
-0.999929,0.00268834, -0.0112146, 0.00306551, 0.0131729,-0.148886,-0.0901723, 0.0473074, 0.046089, 0.0600757, 0.0352125, 0.017908, 0.0170563
-0.99993,0.00253614, -0.0111465, 0.00316164, 0.0131858,-0.148896,-0.0901851, 0.047288, 0.0460767, 0.0600658, 0.0352125, 0.017908, 0.0170562
-0.999931,0.00215022, -0.0110906, 0.00323035, 0.0132114,-0.148925,-0.0901964, 0.0472812, 0.0460629, 0.0599864, 0.0352118, 0.0179072, 0.0170559
-0.999932,0.00157618, -0.0110351, 0.00328688, 0.0132468,-0.148971,-0.0902124, 0.0472477, 0.046049, 0.0597795, 0.0352099, 0.0179047, 0.0170549
-0.999934,0.00080756, -0.0109824, 0.00334556, 0.0133056,-0.149036,-0.0902282, 0.0471548, 0.0460337, 0.0594129, 0.0352054, 0.0178997, 0.017053
-0.999934,1.44862e-05, -0.0109533, 0.00348311, 0.0134141,-0.149091,-0.09025, 0.0469847, 0.0460172, 0.0588866, 0.0351977, 0.0178922, 0.0170499
-0.999933,-0.000818652, -0.0109263, 0.00363872, 0.0135436,-0.14915,-0.0902659, 0.0467331, 0.045999, 0.0582331, 0.0351864, 0.0178825, 0.0170457
-0.999932,-0.00161294, -0.0109087, 0.00382975, 0.0137134,-0.149202,-0.0902816, 0.0464092, 0.0459796, 0.057499, 0.0351705, 0.0178705, 0.0170408
-0.99993,-0.00237255, -0.0108967, 0.00404195, 0.0139254,-0.149251,-0.090303, 0.0460264, 0.0459599, 0.0567223, 0.0351483, 0.0178559, 0.0170352
-0.999927,-0.00314523, -0.0108787, 0.00419909, 0.0141744,-0.149314,-0.0903232, 0.0455953, 0.0459394, 0.0559302, 0.0351182, 0.0178383, 0.0170296
-0.999924,-0.00385115, -0.0108737, 0.00441686, 0.0144683,-0.149366,-0.0903505, 0.0451295, 0.0459195, 0.0551516, 0.0350782, 0.0178183, 0.017024
-0.99992,-0.00444079, -0.0108879, 0.00471416, 0.014787,-0.149392,-0.0903887, 0.044648, 0.0459037, 0.0544067, 0.0350324, 0.0177978, 0.017018
-0.999916,-0.00494437, -0.0109061, 0.00496818, 0.0151257,-0.149417,-0.0904249, 0.0441658, 0.0458911, 0.053714, 0.0349832, 0.0177775, 0.0170118
-0.999912,-0.00544246, -0.0109226, 0.00517998, 0.0154747,-0.149451,-0.090463, 0.0437023, 0.0458799, 0.0530947, 0.0349295, 0.0177571, 0.0170059
-0.999908,-0.00586226, -0.0109389, 0.00539163, 0.0158129,-0.149478,-0.0905018, 0.0432826, 0.0458712, 0.0525714, 0.0348764, 0.0177382, 0.0170007
-0.999906,-0.00624872, -0.0109387, 0.00550308, 0.0161233,-0.14952,-0.0905247, 0.0429272, 0.0458636, 0.0521589, 0.0348313, 0.0177227, 0.0169964
-0.999903,-0.00658201, -0.0109294, 0.00561622, 0.0164388,-0.149557,-0.0905467, 0.0426487, 0.0458559, 0.0518604, 0.0347952, 0.0177104, 0.0169931
-0.9999,-0.00686687, -0.0109126, 0.0057833, 0.0166844,-0.149582,-0.0905804, 0.0424514, 0.045848, 0.0516671, 0.0347667, 0.017701, 0.0169907
-0.999898,-0.00707097, -0.0108851, 0.00590334, 0.016893,-0.149609,-0.0906108, 0.0423322, 0.0458405, 0.051564, 0.0347454, 0.0176946, 0.0169891
-0.999898,-0.00713216, -0.0108549, 0.00597397, 0.0171077,-0.149628,-0.090643, 0.0422717, 0.0458315, 0.0515202, 0.0347309, 0.0176903, 0.0169879
-0.999898,-0.00713077, -0.0108112, 0.00601769, 0.0172156,-0.149649,-0.0906808, 0.0422496, 0.045824, 0.0515083, 0.0347212, 0.017688, 0.0169872
-0.999899,-0.00700538, -0.0107641, 0.00604764, 0.0172731,-0.149662,-0.0907163, 0.042245, 0.0458178, 0.0515008, 0.0347148, 0.0176869, 0.0169867
-0.999901,-0.00676367, -0.0107198, 0.00607157, 0.0172873,-0.149663,-0.0907515, 0.0422384, 0.0458121, 0.0514767, 0.0347095, 0.0176866, 0.0169863
-0.999904,-0.00642917, -0.0106811, 0.00609563, 0.0172745,-0.149658,-0.0907886, 0.0422139, 0.045807, 0.0514202, 0.0347027, 0.0176866, 0.0169857
-0.999907,-0.00596964, -0.0106342, 0.00614098, 0.0172755,-0.149655,-0.0908277, 0.0421581, 0.0457993, 0.0513216, 0.0346967, 0.0176865, 0.0169849
-0.99991,-0.00540544, -0.0105768, 0.00620356, 0.017319,-0.149657,-0.0908631, 0.0420608, 0.0457875, 0.0511764, 0.0346912, 0.0176863, 0.0169836
-0.999913,-0.00479123, -0.0105158, 0.00629112, 0.0173788,-0.149657,-0.0908958, 0.0419185, 0.0457748, 0.0509867, 0.034686, 0.0176858, 0.016982
-0.999916,-0.00412795, -0.0104517, 0.00640731, 0.0174284,-0.14965,-0.0909287, 0.0417303, 0.0457615, 0.0507578, 0.0346817, 0.017685, 0.01698
-0.999919,-0.00340537, -0.0103855, 0.0065475, 0.0174844,-0.149639,-0.0909628, 0.0414978, 0.0457471, 0.0504972, 0.0346773, 0.0176837, 0.0169775
-0.999921,-0.00267423, -0.010318, 0.00666727, 0.0175614,-0.149628,-0.0909808, 0.0412259, 0.0457304, 0.0502131, 0.0346735, 0.0176815, 0.0169749
-0.999922,-0.00197971, -0.0102555, 0.00679648, 0.0176444,-0.149613,-0.0909889, 0.0409248, 0.0457124, 0.0499198, 0.034671, 0.0176785, 0.0169719
-0.999924,-0.00126999, -0.0101806, 0.00688953, 0.017734,-0.149602,-0.0909829, 0.040607, 0.045693, 0.0496305, 0.0346691, 0.017675, 0.0169687
-0.999924,-0.000631719, -0.0101222, 0.0070129, 0.0178277,-0.149589,-0.090986, 0.0402851, 0.0456732, 0.0493577, 0.0346669, 0.0176717, 0.0169653
-0.999924,-5.10753e-05, -0.0100763, 0.0071647, 0.0179211,-0.149577,-0.0910088, 0.0399683, 0.0456545, 0.0491078, 0.0346641, 0.0176693, 0.0169618
-0.999923,0.00047839, -0.0100319, 0.00730376, 0.0179987,-0.149567,-0.0910401, 0.0396661, 0.0456399, 0.0488882, 0.0346619, 0.0176673, 0.0169584
-0.999922,0.000941602, -0.00998757, 0.00740461, 0.0180388,-0.149555,-0.0910703, 0.0393856, 0.0456283, 0.0487016, 0.0346606, 0.0176656, 0.0169553
-0.999922,0.00136383, -0.00993669, 0.00750812, 0.0180381,-0.149537,-0.0910987, 0.0391377, 0.0456182, 0.0485528, 0.0346602, 0.0176641, 0.0169524
-0.999921,0.0017239, -0.00987368, 0.00760016, 0.0180082,-0.149516,-0.0911187, 0.0389333, 0.0456091, 0.0484456, 0.0346598, 0.0176628, 0.0169499
-0.99992,0.00197697, -0.00981654, 0.00770753, 0.0179366,-0.149493,-0.0911433, 0.0387815, 0.0456004, 0.0483816, 0.0346587, 0.0176618, 0.0169479
-0.99992,0.00214533, -0.00975227, 0.00778284, 0.0178478,-0.149474,-0.0911613, 0.0386859, 0.0455922, 0.0483553, 0.0346573, 0.0176611, 0.0169465
-0.99992,0.00220754, -0.00969646, 0.00785577, 0.0177518,-0.14946,-0.0911763, 0.0386384, 0.0455838, 0.0483511, 0.0346559, 0.0176608, 0.0169458
-0.99992,0.00216412, -0.00964285, 0.00793423, 0.0176659,-0.14945,-0.0911893, 0.0386231, 0.0455752, 0.0483482, 0.0346547, 0.0176607, 0.0169455
-0.99992,0.00202525, -0.00959611, 0.00802174, 0.0175962,-0.149443,-0.0912056, 0.0386177, 0.0455648, 0.0483209, 0.0346534, 0.0176606, 0.0169452
-0.99992,0.0017911, -0.0095541, 0.0081374, 0.0175199,-0.149434,-0.0912247, 0.0385996, 0.0455536, 0.0482491, 0.0346515, 0.0176599, 0.016945
-0.999919,0.00147429, -0.00951945, 0.00828757, 0.0174163,-0.149421,-0.0912404, 0.0385491, 0.0455423, 0.0481186, 0.0346479, 0.0176586, 0.0169447
-0.999919,0.00110721, -0.0094942, 0.00845909, 0.0172719,-0.149405,-0.0912502, 0.038452, 0.0455311, 0.0479241, 0.0346412, 0.0176569, 0.0169442
-0.999918,0.00069169, -0.00947523, 0.00863461, 0.0170992,-0.149385,-0.0912539, 0.0383024, 0.0455201, 0.0476707, 0.0346318, 0.0176548, 0.0169435
-0.999916,0.000296071, -0.00947083, 0.0088519, 0.0168882,-0.14936,-0.0912608, 0.0381026, 0.045511, 0.0473718, 0.0346214, 0.0176523, 0.0169426
-0.999914,-8.91224e-05, -0.00947179, 0.00908404, 0.0166893,-0.149336,-0.0912714, 0.0378595, 0.0455035, 0.0470421, 0.034613, 0.0176493, 0.0169415
-0.999912,-0.00043192, -0.00947649, 0.00931394, 0.0165417,-0.149316,-0.0912822, 0.0375834, 0.0454967, 0.0466994, 0.0346068, 0.0176461, 0.0169403
-0.999909,-0.000761811, -0.00948567, 0.00957052, 0.0164401,-0.149295,-0.0912987, 0.0372867, 0.0454906, 0.0463588, 0.0346023, 0.0176424, 0.0169391
-0.999906,-0.00105451, -0.00949517, 0.0098333, 0.0163844,-0.149276,-0.0913179, 0.03698, 0.0454855, 0.0460312, 0.0345982, 0.0176384, 0.0169378
-0.999903,-0.00132202, -0.00950278, 0.0100836, 0.0163567,-0.149259,-0.0913389, 0.0366747, 0.0454817, 0.0457265, 0.034594, 0.0176341, 0.0169366
-0.9999,-0.00155256, -0.00950995, 0.0103305, 0.0163423,-0.149242,-0.0913594, 0.036386, 0.0454788, 0.0454567, 0.0345894, 0.01763, 0.0169355
-0.999898,-0.00174321, -0.00951456, 0.0105419, 0.0163431,-0.149229,-0.0913786, 0.0361283, 0.0454767, 0.0452308, 0.0345854, 0.0176263, 0.0169346
-0.999895,-0.00190757, -0.00951665, 0.0107499, 0.0163413,-0.149215,-0.0914001, 0.0359119, 0.0454749, 0.0450541, 0.0345822, 0.0176231, 0.0169338
-0.999892,-0.00204117, -0.00951845, 0.0109973, 0.0163351,-0.14919,-0.0914276, 0.0357449, 0.0454736, 0.0449276, 0.0345806, 0.0176205, 0.0169333
-0.99989,-0.00214297, -0.00951294, 0.0111924, 0.0163355,-0.149169,-0.0914566, 0.0356303, 0.0454722, 0.0448489, 0.03458, 0.0176183, 0.0169327
-0.999888,-0.00221564, -0.00950232, 0.011342, 0.0163169,-0.149147,-0.0914862, 0.0355627, 0.0454703, 0.0448095, 0.0345798, 0.0176167, 0.0169321
-0.999887,-0.00224692, -0.00948681, 0.011432, 0.0162722,-0.149129,-0.0915168, 0.03553, 0.0454679, 0.0447951, 0.0345784, 0.0176154, 0.0169314
-0.999887,-0.00223861, -0.00946703, 0.0114725, 0.0161953,-0.149113,-0.0915488, 0.0355188, 0.0454652, 0.044792, 0.0345745, 0.017614, 0.0169303
-0.999887,-0.00219363, -0.0094414, 0.0114748, 0.0161004,-0.149098,-0.0915799, 0.0355168, 0.0454628, 0.0447889, 0.0345667, 0.0176125, 0.0169289
-0.999888,-0.00211869, -0.00941304, 0.0114411, 0.0159965,-0.149088,-0.0916005, 0.0355146, 0.0454606, 0.0447777, 0.0345568, 0.017611, 0.0169275
-0.999889,-0.00201906, -0.00938098, 0.0113742, 0.0158818,-0.149085,-0.091613, 0.0355034, 0.0454586, 0.0447527, 0.0345458, 0.0176093, 0.016926
-0.999891,-0.00189666, -0.00934712, 0.0112818, 0.0157462,-0.149086,-0.0916174, 0.035478, 0.0454568, 0.044711, 0.034535, 0.0176072, 0.0169244
-0.999893,-0.0017603, -0.00931313, 0.0111666, 0.0156044,-0.149091,-0.0916198, 0.035437, 0.0454552, 0.0446542, 0.0345246, 0.017605, 0.0169226
-0.999895,-0.00162282, -0.00928347, 0.0110404, 0.0154501,-0.149098,-0.0916239, 0.0353833, 0.0454534, 0.0445871, 0.0345129, 0.0176024, 0.0169205
-0.999897,-0.00150606, -0.00925541, 0.0109077, 0.0152597,-0.149112,-0.0916287, 0.0353216, 0.0454523, 0.0445155, 0.0345009, 0.0175997, 0.0169183
-0.999899,-0.00138825, -0.00923131, 0.0107595, 0.0151063,-0.149127,-0.0916239, 0.0352578, 0.0454516, 0.0444459, 0.0344917, 0.0175973, 0.0169162
-0.9999,-0.00128725, -0.0092109, 0.0106161, 0.0149975,-0.149146,-0.0916162, 0.0351963, 0.0454498, 0.0443828, 0.0344871, 0.0175956, 0.0169142
-0.999902,-0.00116938, -0.009184, 0.0104539, 0.0149481,-0.149172,-0.0915995, 0.0351412, 0.0454466, 0.0443298, 0.0344859, 0.0175945, 0.0169124
-0.999904,-0.00107224, -0.00914112, 0.010328, 0.0149338,-0.149199,-0.0915882, 0.0350972, 0.0454427, 0.0442894, 0.0344858, 0.0175937, 0.0169107
-0.999906,-0.000975448, -0.00906845, 0.0102222, 0.0149368,-0.149224,-0.0915749, 0.0350657, 0.0454335, 0.0442605, 0.0344858, 0.0175933, 0.016909
-0.999909,-0.000849158, -0.00892496, 0.0101174, 0.0149718,-0.149253,-0.0915533, 0.0350453, 0.0454107, 0.0442391, 0.0344853, 0.0175928, 0.0169075
-0.999911,-0.000709573, -0.00871692, 0.0100364, 0.0149852,-0.149274,-0.0915302, 0.0350336, 0.0453661, 0.0442191, 0.0344852, 0.0175926, 0.0169059
-0.999914,-0.000536346, -0.00844653, 0.00998633, 0.0149392,-0.149285,-0.0915058, 0.035027, 0.0452903, 0.0441932, 0.0344847, 0.0175924, 0.0169042
-0.999918,-0.000339167, -0.00805386, 0.00995696, 0.0148589,-0.149293,-0.0914699, 0.0350239, 0.0451729, 0.0441564, 0.0344836, 0.0175922, 0.0169023
-0.999922,-0.000121463, -0.00756617, 0.00994603, 0.0147628,-0.149292,-0.0914316, 0.0350228, 0.0450078, 0.044107, 0.0344821, 0.017592, 0.0169002
-0.999926,0.000120091, -0.00697726, 0.00994248, 0.0146476,-0.149288,-0.0913875, 0.0350221, 0.0447947, 0.0440435, 0.0344794, 0.0175915, 0.0168981
-0.99993,0.000371805, -0.00635982, 0.00994378, 0.0144752,-0.149286,-0.0913407, 0.035021, 0.0445414, 0.0439676, 0.0344738, 0.0175906, 0.0168958
-0.999934,0.000634786, -0.00567951, 0.00995096, 0.0142364,-0.149289,-0.0912826, 0.0350197, 0.0442598, 0.0438847, 0.0344651, 0.0175895, 0.0168933
-0.999938,0.000896907, -0.00500038, 0.00995416, 0.0140167,-0.14931,-0.0912185, 0.0350192, 0.043961, 0.0438007, 0.0344574, 0.0175882, 0.0168912
-0.99994,0.00113329, -0.004367, 0.00995657, 0.0138291,-0.149327,-0.0911617, 0.0350179, 0.0436688, 0.0437233, 0.0344501, 0.0175868, 0.0168893
-0.999942,0.00135354, -0.00377432, 0.00995766, 0.0136462,-0.149335,-0.0911157, 0.0350164, 0.043393, 0.0436545, 0.0344419, 0.0175852, 0.0168875
-0.999944,0.00154334, -0.00325234, 0.00995597, 0.013468,-0.149341,-0.0910768, 0.0350147, 0.0431493, 0.0435996, 0.0344324, 0.0175834, 0.0168857
-0.999945,0.00169143, -0.00278592, 0.00995221, 0.0133209,-0.149346,-0.0910453, 0.0350127, 0.042952, 0.04356, 0.0344218, 0.0175813, 0.0168841
-0.999946,0.00180522, -0.00244738, 0.00994818, 0.0131547,-0.149342,-0.091025, 0.0350121, 0.042814, 0.0435394, 0.0344106, 0.0175792, 0.0168824
-0.999946,0.00187035, -0.00219793, 0.00994131, 0.0130039,-0.149344,-0.0910097, 0.0350116, 0.0427311, 0.0435319, 0.0343999, 0.0175772, 0.016881
-0.999947,0.00188628, -0.00203977, 0.00993378, 0.0127998,-0.149348,-0.0910025, 0.0350104, 0.0426932, 0.0435314, 0.0343833, 0.0175743, 0.0168794
-0.999947,0.00185254, -0.00197377, 0.00992769, 0.0125221,-0.149349,-0.0910047, 0.035009, 0.0426836, 0.0435277, 0.0343583, 0.0175703, 0.0168776
-0.999947,0.00177534, -0.00198488, 0.00992637, 0.0122243,-0.149346,-0.0910176, 0.0350084, 0.0426822, 0.0435129, 0.0343285, 0.0175658, 0.0168751
-0.999947,0.00164521, -0.00205386, 0.0099279, 0.0119209,-0.149334,-0.0910428, 0.035008, 0.0426701, 0.0434828, 0.0342975, 0.0175606, 0.0168723
-0.999947,0.00148626, -0.00217659, 0.00993271, 0.0116302,-0.149327,-0.0910666, 0.0350074, 0.042636, 0.0434347, 0.034268, 0.0175561, 0.0168697
-0.999947,0.00129578, -0.00234698, 0.00993787, 0.0113478,-0.149327,-0.091089, 0.0350061, 0.0425678, 0.0433643, 0.0342399, 0.0175527, 0.0168673
-0.999947,0.00108357, -0.00253598, 0.00994134, 0.0111255,-0.149329,-0.0911125, 0.0350039, 0.042459, 0.0432726, 0.0342178, 0.0175504, 0.0168653
-0.999946,0.000872741, -0.00277691, 0.0099544, 0.0109747,-0.149317,-0.0911314, 0.0349993, 0.042307, 0.0431592, 0.034205, 0.0175488, 0.0168637
-0.999946,0.000668432, -0.0029838, 0.0099615, 0.0109011,-0.149306,-0.0911522, 0.0349942, 0.0421147, 0.0430274, 0.0341917, 0.0175474, 0.0168622
-0.999945,0.000454367, -0.00319236, 0.00996537, 0.0108712,-0.149296,-0.0911694, 0.0349881, 0.0418877, 0.0428806, 0.0341699, 0.0175456, 0.0168608
-0.999944,0.000247541, -0.00343703, 0.00997287, 0.0108689,-0.149279,-0.0911814, 0.0349816, 0.0416413, 0.0427289, 0.0341382, 0.0175429, 0.0168598
-0.999943,5.2432e-05, -0.00367513, 0.00997726, 0.0108944,-0.149266,-0.0911893, 0.0349768, 0.0413927, 0.0425807, 0.0340978, 0.0175391, 0.0168591
-0.999942,-0.000137337, -0.00394799, 0.00998179, 0.0109056,-0.149256,-0.0911922, 0.034974, 0.0411568, 0.0424442, 0.0340553, 0.0175352, 0.0168585
-0.999941,-0.000302186, -0.00420486, 0.00998343, 0.010892,-0.14925,-0.091191, 0.034972, 0.0409438, 0.0423265, 0.0340217, 0.0175325, 0.016858
-0.99994,-0.000458611, -0.00444532, 0.00997861, 0.0108567,-0.149247,-0.091187, 0.0349686, 0.0407624, 0.0422319, 0.0340022, 0.0175313, 0.0168576
-0.999939,-0.00058903, -0.00465678, 0.00996947, 0.0107978,-0.149247,-0.0911788, 0.0349659, 0.0406252, 0.0421629, 0.033991, 0.0175308, 0.0168573
-0.999938,-0.000697243, -0.00484438, 0.00995575, 0.0107139,-0.149247,-0.0911653, 0.0349643, 0.0405381, 0.0421192, 0.0339827, 0.0175306, 0.0168568
-0.999938,-0.000776773, -0.00497979, 0.00993626, 0.0106129,-0.149254,-0.091143, 0.0349628, 0.0404938, 0.0420959, 0.0339753, 0.0175305, 0.0168562
-0.999938,-0.000817899, -0.00506002, 0.00991177, 0.0104864,-0.149264,-0.0911112, 0.0349608, 0.0404773, 0.0420864, 0.0339674, 0.0175301, 0.0168553
-0.999938,-0.000819584, -0.00508264, 0.00989044, 0.010326,-0.149276,-0.0910729, 0.0349583, 0.0404737, 0.0420833, 0.0339557, 0.0175289, 0.016854
-0.999938,-0.000788198, -0.00504493, 0.00986891, 0.0101175,-0.149291,-0.0910294, 0.0349558, 0.0404679, 0.0420805, 0.0339389, 0.0175269, 0.0168522
-0.999939,-0.000723507, -0.00494807, 0.00984741, 0.00988358,-0.149311,-0.0909783, 0.0349544, 0.0404475, 0.0420723, 0.0339195, 0.0175244, 0.01685
-0.99994,-0.000627253, -0.00476935, 0.00982435, 0.00961745,-0.149335,-0.0909081, 0.0349534, 0.0404011, 0.042055, 0.0339, 0.0175214, 0.0168473
-0.999942,-0.000506464, -0.00452688, 0.00979442, 0.00935517,-0.149371,-0.0908275, 0.034952, 0.0403225, 0.0420268, 0.0338822, 0.0175178, 0.016844
-0.999943,-0.000372273, -0.00425002, 0.00975868, 0.00908504,-0.149415,-0.0907458, 0.0349494, 0.040212, 0.0419886, 0.0338622, 0.0175138, 0.01684
-0.999945,-0.000236164, -0.00394166, 0.00972203, 0.00883772,-0.149458,-0.0906675, 0.034946, 0.0400699, 0.0419428, 0.0338441, 0.0175108, 0.016836
-0.999947,-0.000102753, -0.00361411, 0.00968695, 0.0086312,-0.149495,-0.0905958, 0.0349421, 0.039906, 0.0418928, 0.03383, 0.0175089, 0.0168325
-0.999948,2.18106e-05, -0.00330505, 0.00965121, 0.00846273,-0.149528,-0.0905332, 0.0349377, 0.0397357, 0.0418439, 0.0338172, 0.0175075, 0.0168291
-0.999949,0.00013924, -0.0029748, 0.00961404, 0.00829443,-0.14956,-0.0904694, 0.0349327, 0.0395782, 0.0418012, 0.0338073, 0.0175063, 0.0168262
-0.99995,0.000235196, -0.00271521, 0.00958198, 0.00813978,-0.149581,-0.0904185, 0.0349279, 0.0394505, 0.0417695, 0.0337977, 0.0175052, 0.0168238
-0.999951,0.000307925, -0.0025628, 0.00955854, 0.00798724,-0.149576,-0.0903751, 0.0349237, 0.0393631, 0.04175, 0.0337863, 0.0175039, 0.0168219
-0.999951,0.000351645, -0.00242479, 0.00954252, 0.00780399,-0.149579,-0.0903415, 0.0349212, 0.0393171, 0.0417427, 0.0337711, 0.0175021, 0.0168201
-0.999952,0.000367536, -0.00234998, 0.00952895, 0.0076382,-0.149586,-0.090311, 0.03492, 0.0393015, 0.0417404, 0.0337576, 0.0175004, 0.0168188
-0.999952,0.00035393, -0.0023392, 0.00952031, 0.00749521,-0.149594,-0.0902872, 0.0349195, 0.0393001, 0.0417383, 0.0337451, 0.017499, 0.0168176
-0.999952,0.000313611, -0.00237253, 0.00951548, 0.00736356,-0.149599,-0.0902687, 0.0349191, 0.0392961, 0.0417294, 0.0337317, 0.017498, 0.0168166
-0.999952,0.000249829, -0.00243536, 0.00951174, 0.00723815,-0.149605,-0.0902572, 0.0349182, 0.0392742, 0.0417074, 0.0337137, 0.0174973, 0.0168155
-0.999952,0.000170766, -0.00252815, 0.00951254, 0.00712541,-0.149604,-0.0902481, 0.0349154, 0.0392206, 0.0416682, 0.0336899, 0.0174971, 0.0168143
-0.999951,7.86008e-05, -0.00265443, 0.00951672, 0.00701649,-0.149601,-0.0902419, 0.0349129, 0.0391293, 0.0416116, 0.0336592, 0.017497, 0.0168129
-0.999951,-1.70983e-05, -0.00279443, 0.00952634, 0.00693839,-0.149595,-0.090236, 0.0349107, 0.038997, 0.0415374, 0.0336305, 0.0174966, 0.016812
-0.99995,-0.000115963, -0.00290636, 0.00953247, 0.00691909,-0.149587,-0.0902357, 0.0349079, 0.0388232, 0.041447, 0.0336033, 0.0174956, 0.0168114
-0.99995,-0.000217862, -0.00306645, 0.00953999, 0.00690126,-0.149574,-0.0902325, 0.0349039, 0.0386163, 0.0413463, 0.0335732, 0.0174935, 0.016811
-0.999949,-0.000306571, -0.00322622, 0.00954949, 0.00691072,-0.149557,-0.0902272, 0.034898, 0.0383912, 0.0412412, 0.0335386, 0.01749, 0.0168108
-0.999949,-0.00039654, -0.00337712, 0.00955703, 0.00694015,-0.149544,-0.0902218, 0.0348937, 0.0381562, 0.0411364, 0.0335012, 0.0174855, 0.0168105
-0.999948,-0.00047509, -0.0035479, 0.00956782, 0.00697294,-0.149524,-0.0902147, 0.0348891, 0.037922, 0.0410362, 0.0334637, 0.0174802, 0.0168102
-0.999947,-0.000552667, -0.00368834, 0.00957412, 0.00701533,-0.149509,-0.0902088, 0.0348856, 0.0376998, 0.0409462, 0.0334308, 0.0174753, 0.0168098
-0.999946,-0.000622545, -0.00386721, 0.00958273, 0.00703737,-0.149496,-0.0902004, 0.0348821, 0.0375007, 0.04087, 0.0334076, 0.0174718, 0.0168092
-0.999946,-0.00068787, -0.00402699, 0.00958485, 0.00706287,-0.149491,-0.0901916, 0.034878, 0.037337, 0.0408106, 0.0333947, 0.0174697, 0.0168081
-0.999945,-0.00074817, -0.00416653, 0.00958248, 0.00708915,-0.149486,-0.0901778, 0.0348749, 0.0372186, 0.0407721, 0.0333885, 0.0174688, 0.0168068
-0.999945,-0.000791784, -0.004285, 0.0095761, 0.00709865,-0.149487,-0.0901621, 0.0348725, 0.0371463, 0.0407514, 0.0333859, 0.0174686, 0.0168052
-0.999944,-0.000814733, -0.00437188, 0.00956306, 0.00708897,-0.149491,-0.0901414, 0.0348706, 0.0371128, 0.0407435, 0.0333847, 0.0174686, 0.0168037
-0.999944,-0.000808306, -0.00443143, 0.00955147, 0.0070141,-0.149501,-0.0901037, 0.0348673, 0.0371037, 0.0407378, 0.0333806, 0.0174682, 0.0168021
-0.999944,-0.000775593, -0.00442673, 0.00954356, 0.00689483,-0.149509,-0.0900581, 0.0348653, 0.0371033, 0.0407334, 0.0333722, 0.0174676, 0.0168003
-0.999945,-0.000721148, -0.00435733, 0.00953682, 0.00673209,-0.149513,-0.090004, 0.0348633, 0.0370945, 0.0407229, 0.0333586, 0.0174667, 0.0167981
-0.999945,-0.000644165, -0.00423536, 0.00952998, 0.00654321,-0.149525,-0.0899436, 0.0348622, 0.0370647, 0.040702, 0.0333413, 0.0174651, 0.0167953
-0.999946,-0.000547263, -0.00404779, 0.00951892, 0.00634651,-0.149541,-0.0898761, 0.0348614, 0.0370052, 0.0406692, 0.0333266, 0.017463, 0.0167923
-0.999947,-0.000441652, -0.00380964, 0.00950729, 0.00617054,-0.149553,-0.0898072, 0.0348601, 0.0369159, 0.0406243, 0.033316, 0.0174607, 0.0167895
-0.999948,-0.000326562, -0.0035765, 0.00949458, 0.00602609,-0.149559,-0.0897457, 0.0348589, 0.0368013, 0.0405713, 0.0333075, 0.0174589, 0.0167869
-0.999949,-0.00022382, -0.0033508, 0.00948485, 0.00588675,-0.149565,-0.089695, 0.034857, 0.03667, 0.0405133, 0.033297, 0.0174575, 0.0167842
-0.99995,-0.000128325, -0.00305357, 0.00948461, 0.00573285,-0.149564,-0.089634, 0.0348556, 0.0365304, 0.0404557, 0.0332884, 0.0174566, 0.0167818
-0.999951,-3.48878e-05, -0.00278889, 0.0094836, 0.00559068,-0.149561,-0.0895806, 0.0348543, 0.0363956, 0.0404028, 0.0332788, 0.017456, 0.0167794
-0.999952,4.29026e-05, -0.00255324, 0.0094819, 0.00546255,-0.149553,-0.0895321, 0.0348533, 0.0362817, 0.0403605, 0.0332701, 0.0174556, 0.0167771
-0.999952,0.000104151, -0.0023676, 0.00947807, 0.00534122,-0.14954,-0.0894924, 0.034852, 0.0362015, 0.0403325, 0.0332624, 0.0174548, 0.016775
-0.999953,0.000153452, -0.0022285, 0.00947406, 0.005207,-0.149521,-0.089457, 0.0348496, 0.0361569, 0.0403186, 0.0332531, 0.0174531, 0.0167731
-0.999953,0.000184558, -0.00214265, 0.00946772, 0.00506249,-0.149503,-0.0894226, 0.034848, 0.0361403, 0.040314, 0.0332416, 0.0174509, 0.0167714
-0.999953,0.00019675, -0.0021243, 0.00945896, 0.00495944,-0.149488,-0.0894033, 0.0348462, 0.0361372, 0.0403124, 0.0332318, 0.0174487, 0.01677
-0.999953,0.000193735, -0.00214032, 0.0094503, 0.00487602,-0.149475,-0.0893929, 0.0348443, 0.0361352, 0.040311, 0.0332227, 0.017447, 0.0167687
-0.999953,0.000176692, -0.00217632, 0.00943966, 0.00478706,-0.149466,-0.0893845, 0.0348415, 0.0361257, 0.040305, 0.0332115, 0.0174456, 0.0167675
-0.999953,0.0001509, -0.00223228, 0.00943028, 0.0047107,-0.149453,-0.089379, 0.0348382, 0.0361013, 0.0402929, 0.0332013, 0.0174444, 0.0167664
-0.999953,0.000115841, -0.00230886, 0.00942685, 0.00464003,-0.149441,-0.0893754, 0.0348343, 0.0360584, 0.040273, 0.0331928, 0.0174433, 0.0167651
-0.999953,7.45914e-05, -0.002381, 0.0094225, 0.00458495,-0.149432,-0.0893754, 0.0348304, 0.0359941, 0.0402451, 0.0331848, 0.0174421, 0.016764
-0.999953,3.48932e-05, -0.00248183, 0.0094218, 0.00453099,-0.14942,-0.0893754, 0.0348254, 0.0359071, 0.0402089, 0.0331786, 0.0174406, 0.0167627
-0.999952,-3.1181e-06, -0.00256177, 0.00941901, 0.00450006,-0.149413,-0.0893781, 0.0348198, 0.0357983, 0.0401658, 0.0331733, 0.017439, 0.0167615
-0.999952,-3.96559e-05, -0.00263745, 0.00941636, 0.0044796,-0.14941,-0.0893814, 0.0348139, 0.0356711, 0.0401173, 0.0331674, 0.0174373, 0.0167603
-0.999952,-7.6975e-05, -0.00273837, 0.00941492, 0.00445892,-0.149409,-0.0893849, 0.0348084, 0.0355323, 0.0400659, 0.03316, 0.0174353, 0.0167592
-0.999952,-0.000115263, -0.0028258, 0.00941068, 0.0044469,-0.149414,-0.0893895, 0.0348038, 0.0353912, 0.0400153, 0.0331511, 0.0174332, 0.0167582
-0.999952,-0.000148723, -0.00291493, 0.00940621, 0.00443209,-0.149424,-0.0893945, 0.0347994, 0.035257, 0.0399691, 0.0331399, 0.0174309, 0.0167573
-0.999951,-0.000185752, -0.00302908, 0.00940084, 0.00440881,-0.149436,-0.0893994, 0.034796, 0.0351351, 0.0399289, 0.0331292, 0.0174288, 0.0167564
-0.999951,-0.000215978, -0.00312628, 0.00939529, 0.00438598,-0.149441,-0.0894014, 0.0347928, 0.0350283, 0.0398958, 0.0331215, 0.0174275, 0.0167555
-0.999951,-0.000237473, -0.0032163, 0.00938974, 0.00435528,-0.149441,-0.0894009, 0.0347898, 0.0349405, 0.0398705, 0.0331159, 0.0174266, 0.0167547
-0.999951,-0.000253255, -0.00330452, 0.00938099, 0.00431867,-0.149438,-0.0893991, 0.0347871, 0.0348734, 0.0398529, 0.0331117, 0.0174261, 0.0167539
-0.99995,-0.000262582, -0.00338535, 0.00937071, 0.00427694,-0.149432,-0.0893952, 0.0347848, 0.0348265, 0.039842, 0.0331078, 0.0174256, 0.016753
-0.99995,-0.00026153, -0.00345845, 0.00936119, 0.00422765,-0.149421,-0.0893878, 0.0347828, 0.0347967, 0.0398362, 0.0331036, 0.0174251, 0.016752
-0.99995,-0.000256605, -0.00351068, 0.00935169, 0.00417003,-0.149402,-0.0893799, 0.0347805, 0.0347784, 0.0398331, 0.0330972, 0.0174242, 0.0167509
-0.99995,-0.000251188, -0.00354362, 0.00934599, 0.00410275,-0.149387,-0.0893708, 0.0347785, 0.0347679, 0.0398317, 0.0330876, 0.0174229, 0.0167497
-0.99995,-0.000235526, -0.00357622, 0.0093382, 0.00401888,-0.149359,-0.089356, 0.0347771, 0.0347628, 0.039831, 0.0330763, 0.0174213, 0.0167486
-0.99995,-0.00021671, -0.00359652, 0.00933386, 0.00393255,-0.149329,-0.0893393, 0.0347762, 0.0347609, 0.0398302, 0.0330642, 0.0174193, 0.0167474
-0.99995,-0.000193781, -0.00360581, 0.0093302, 0.00384892,-0.149294,-0.0893223, 0.0347756, 0.0347603, 0.0398287, 0.0330529, 0.0174172, 0.0167462
-0.99995,-0.000170242, -0.0036057, 0.00932738, 0.00376965,-0.149262,-0.0893064, 0.0347751, 0.0347597, 0.0398262, 0.0330422, 0.017415, 0.0167449
-0.99995,-0.0001475, -0.0036013, 0.00932614, 0.00369454,-0.149229,-0.0892907, 0.0347743, 0.0347584, 0.0398233, 0.0330309, 0.0174125, 0.0167437
-0.99995,-0.000123301, -0.00359307, 0.00932475, 0.00362271,-0.149195,-0.0892769, 0.0347738, 0.0347569, 0.03982, 0.0330204, 0.0174099, 0.0167424
-0.99995,-0.000100157, -0.00358256, 0.009324, 0.00356009,-0.149161,-0.0892641, 0.0347732, 0.0347552, 0.0398167, 0.0330113, 0.0174075, 0.016741
-0.99995,-7.97351e-05, -0.00356813, 0.00932523, 0.00350998,-0.149126,-0.0892498, 0.0347728, 0.0347534, 0.0398133, 0.0330036, 0.0174052, 0.0167396
-0.99995,-5.96533e-05, -0.00355011, 0.00932679, 0.00347741,-0.14909,-0.0892421, 0.0347723, 0.0347515, 0.0398094, 0.0329975, 0.017403, 0.0167379
-0.99995,-3.94215e-05, -0.00351712, 0.00932878, 0.0034642,-0.149051,-0.0892393, 0.0347711, 0.0347486, 0.0398056, 0.0329927, 0.017401, 0.0167358
-0.99995,-1.26014e-05, -0.00344891, 0.00933862, 0.00344104,-0.14901,-0.089227, 0.034765, 0.0347404, 0.039802, 0.0329892, 0.0173996, 0.0167341
-0.999951,1.42095e-05, -0.00335097, 0.00936385, 0.0033941,-0.148977,-0.0892061, 0.0347461, 0.0347205, 0.0397965, 0.0329837, 0.0173985, 0.0167326
-0.999951,3.72583e-05, -0.00322313, 0.00939842, 0.00332641,-0.148946,-0.0891743, 0.0347108, 0.0346847, 0.0397923, 0.0329737, 0.0173973, 0.0167309
-0.999951,6.16205e-05, -0.00307813, 0.00943939, 0.00328684,-0.148918,-0.0891499, 0.0346588, 0.0346336, 0.0397885, 0.0329676, 0.0173961, 0.0167295
-0.999951,8.57818e-05, -0.00290653, 0.00947808, 0.00326716,-0.148893,-0.0891268, 0.0345937, 0.0345688, 0.0397868, 0.0329636, 0.0173949, 0.0167281
-0.999951,0.000107336, -0.00272975, 0.00951937, 0.00322382,-0.148872,-0.0890943, 0.0345192, 0.0344947, 0.039785, 0.0329574, 0.0173937, 0.0167266
-0.999951,0.000129297, -0.00254125, 0.00956381, 0.00320488,-0.148849,-0.0890695, 0.0344405, 0.0344165, 0.0397831, 0.0329536, 0.0173925, 0.0167252
-0.999951,0.000147754, -0.00234915, 0.00961312, 0.00316936,-0.14883,-0.0890369, 0.0343617, 0.0343379, 0.0397809, 0.0329468, 0.0173912, 0.0167237
-0.999951,0.000163053, -0.00218266, 0.0096553, 0.00310527,-0.14882,-0.0889974, 0.0342935, 0.034269, 0.0397796, 0.0329376, 0.01739, 0.0167222
-0.999951,0.000176054, -0.00205427, 0.00969156, 0.0030652,-0.148814,-0.0889689, 0.0342431, 0.034219, 0.039777, 0.0329339, 0.0173892, 0.0167211
-0.999951,0.000186127, -0.00197014, 0.00971631, 0.00304568,-0.148807,-0.0889471, 0.0342129, 0.0341883, 0.0397744, 0.032933, 0.0173888, 0.0167201
-0.999951,0.000194177, -0.00191733, 0.00973188, 0.00303564,-0.148796,-0.0889296, 0.0341993, 0.0341724, 0.0397726, 0.0329326, 0.0173886, 0.016719
-0.999951,0.000203042, -0.00188739, 0.00974127, 0.00303252,-0.14878,-0.0889172, 0.0341953, 0.0341659, 0.03977, 0.0329321, 0.017388, 0.0167175
-0.999951,0.000210581, -0.00187209, 0.00975114, 0.00303637,-0.148757,-0.0889007, 0.0341944, 0.0341644, 0.0397683, 0.0329309, 0.017387, 0.0167159
-0.999951,0.000217576, -0.00187359, 0.00975768, 0.00303414,-0.148738,-0.088886, 0.0341902, 0.0341612, 0.0397675, 0.0329285, 0.0173858, 0.0167145
-0.999951,0.000224014, -0.00187931, 0.00976422, 0.00301465,-0.148722,-0.088868, 0.034176, 0.0341492, 0.0397662, 0.0329252, 0.0173848, 0.0167134
-0.99995,0.00022842, -0.00189677, 0.00976779, 0.00298642,-0.148712,-0.0888535, 0.0341482, 0.0341245, 0.0397648, 0.03292, 0.0173835, 0.0167124
-0.99995,0.000231755, -0.00191568, 0.00977058, 0.00294291,-0.148705,-0.0888383, 0.0341059, 0.0340856, 0.0397626, 0.0329108, 0.0173821, 0.0167116
-0.99995,0.000234977, -0.00193491, 0.00977157, 0.00288102,-0.148704,-0.0888207, 0.0340516, 0.0340334, 0.03976, 0.0328969, 0.0173807, 0.0167107
-0.99995,0.000239796, -0.00194147, 0.00976422, 0.00284777,-0.148704,-0.0888075, 0.0339885, 0.0339709, 0.0397577, 0.0328846, 0.0173793, 0.0167096
-0.99995,0.00024333, -0.00195435, 0.00976238, 0.00282537,-0.148703,-0.088799, 0.0339203, 0.0339033, 0.0397553, 0.032875, 0.0173777, 0.0167087
-0.99995,0.000246394, -0.00195512, 0.00976502, 0.00280731,-0.148696,-0.0887895, 0.0338503, 0.033834, 0.0397529, 0.0328672, 0.0173758, 0.0167078
-0.99995,0.000247741, -0.00195864, 0.0097746, 0.00279368,-0.148688,-0.0887812, 0.0337834, 0.0337678, 0.0397507, 0.0328614, 0.0173738, 0.0167067
-0.99995,0.000249263, -0.00196937, 0.00978668, 0.00277831,-0.148679,-0.0887733, 0.0337272, 0.0337115, 0.0397496, 0.0328566, 0.0173721, 0.0167057
-0.99995,0.000250743, -0.00198719, 0.0097908, 0.0027666,-0.148676,-0.0887684, 0.0336876, 0.0336713, 0.0397488, 0.0328525, 0.0173706, 0.0167048
-0.99995,0.00025186, -0.00200631, 0.00979775, 0.00275359,-0.148673,-0.0887644, 0.0336658, 0.0336484, 0.0397481, 0.0328488, 0.0173695, 0.0167039
-0.99995,0.000255549, -0.00200527, 0.00980666, 0.00274599,-0.148665,-0.0887515, 0.0336573, 0.0336386, 0.0397473, 0.0328452, 0.0173687, 0.016703
-0.99995,0.000257474, -0.00200533, 0.00980865, 0.00274313,-0.148667,-0.0887495, 0.0336555, 0.0336356, 0.0397463, 0.0328405, 0.0173678, 0.016702
-0.99995,0.000259358, -0.00199378, 0.00980871, 0.00274038,-0.148674,-0.0887513, 0.0336547, 0.0336332, 0.0397461, 0.0328355, 0.0173669, 0.016701
-0.99995,0.000261645, -0.00195935, 0.00981175, 0.00273949,-0.148681,-0.0887476, 0.0336475, 0.0336257, 0.0397445, 0.0328319, 0.0173663, 0.0167001
-0.99995,0.000266223, -0.0018993, 0.00981374, 0.00273105,-0.148687,-0.0887354, 0.0336321, 0.0336096, 0.0397437, 0.0328288, 0.0173658, 0.0166992
-0.99995,0.000271118, -0.00182212, 0.00981569, 0.00273221,-0.148689,-0.0887251, 0.0336064, 0.0335835, 0.0397431, 0.0328273, 0.0173653, 0.0166983
-0.99995,0.000274974, -0.00172834, 0.00982376, 0.00273965,-0.148692,-0.088715, 0.0335696, 0.033546, 0.0397427, 0.0328254, 0.0173648, 0.0166972
-0.99995,0.000277715, -0.00161531, 0.00983388, 0.0027499,-0.148695,-0.0886997, 0.0335217, 0.0334976, 0.0397418, 0.0328217, 0.0173641, 0.016696
-0.99995,0.000279008, -0.00150751, 0.00984121, 0.00277348,-0.148695,-0.0886855, 0.0334677, 0.0334431, 0.039741, 0.0328168, 0.0173635, 0.0166947
-0.99995,0.000283, -0.00139842, 0.00985331, 0.00277737,-0.148694,-0.0886663, 0.0334156, 0.0333909, 0.0397403, 0.0328113, 0.0173629, 0.0166936
-0.99995,0.000287288, -0.00129962, 0.00986276, 0.00277247,-0.148695,-0.0886475, 0.0333723, 0.0333474, 0.03974, 0.0328066, 0.0173623, 0.0166926
-0.99995,0.000291922, -0.00121699, 0.00987129, 0.00276135,-0.148698,-0.0886296, 0.0333422, 0.0333164, 0.0397397, 0.0328022, 0.017362, 0.0166916
-0.999951,0.000297555, -0.00116213, 0.00987635, 0.00274088,-0.1487,-0.0886136, 0.0333263, 0.0332986, 0.0397386, 0.0327989, 0.0173618, 0.0166907
-0.999951,0.000302598, -0.00113107, 0.00988061, 0.00273267,-0.148697,-0.0886045, 0.0333204, 0.0332908, 0.0397351, 0.0327978, 0.0173613, 0.0166897
-0.99995,0.000306815, -0.00111442, 0.00988578, 0.00272785,-0.148689,-0.0885939, 0.0333194, 0.0332888, 0.0397337, 0.0327968, 0.0173605, 0.0166887
-0.99995,0.000310085, -0.00111026, 0.00989366, 0.00273429,-0.148678,-0.0885866, 0.0333158, 0.0332846, 0.0397327, 0.0327952, 0.0173594, 0.0166876
-0.99995,0.000311769, -0.00111972, 0.00990224, 0.00272253,-0.148672,-0.0885799, 0.0333047, 0.0332736, 0.0397314, 0.0327932, 0.0173582, 0.0166868
-0.99995,0.000310684, -0.00114196, 0.00990782, 0.00269467,-0.148671,-0.0885711, 0.0332832, 0.033254, 0.0397274, 0.0327887, 0.0173571, 0.0166862
-0.99995,0.00031382, -0.00117519, 0.00990711, 0.0026497,-0.148672,-0.0885573, 0.0332519, 0.0332236, 0.0397247, 0.0327798, 0.0173562, 0.0166854
-0.99995,0.000318239, -0.00120766, 0.00990502, 0.00260028,-0.148672,-0.0885441, 0.0332101, 0.0331812, 0.0397244, 0.0327708, 0.0173553, 0.0166846
-0.99995,0.00032235, -0.00124903, 0.0099011, 0.00256153,-0.148668,-0.0885335, 0.0331566, 0.0331272, 0.0397241, 0.0327633, 0.0173539, 0.0166839
-0.99995,0.000326406, -0.0013022, 0.0098964, 0.00253678,-0.148662,-0.0885255, 0.0330942, 0.0330645, 0.0397239, 0.032755, 0.017352, 0.0166833
-0.99995,0.000329789, -0.00134513, 0.0098849, 0.00250805,-0.148656,-0.0885187, 0.0330247, 0.0329948, 0.0397237, 0.0327438, 0.0173492, 0.0166827
-0.99995,0.000332642, -0.00140021, 0.00987366, 0.00248212,-0.148647,-0.0885127, 0.0329518, 0.0329214, 0.0397236, 0.0327303, 0.0173457, 0.0166822
-0.99995,0.000333842, -0.00145004, 0.00985868, 0.00246615,-0.14864,-0.0885089, 0.0328801, 0.0328492, 0.0397233, 0.0327143, 0.017342, 0.0166817
-0.99995,0.000336388, -0.00150835, 0.00985889, 0.00242747,-0.148625,-0.0885, 0.0328126, 0.03278, 0.0397231, 0.0326998, 0.0173385, 0.0166813
-0.99995,0.000337588, -0.00155434, 0.00985343, 0.00240277,-0.148615,-0.0884954, 0.0327493, 0.0327144, 0.0397228, 0.0326881, 0.0173354, 0.0166809
-0.99995,0.000338385, -0.00160653, 0.00984943, 0.00238791,-0.148605,-0.0884932, 0.0326907, 0.0326533, 0.0397226, 0.0326778, 0.0173324, 0.0166805
-0.99995,0.000338812, -0.00165757, 0.00984952, 0.00237481,-0.148594,-0.0884916, 0.0326368, 0.0325971, 0.0397224, 0.0326683, 0.0173294, 0.0166802
-0.99995,0.000339322, -0.00170382, 0.00984914, 0.00236215,-0.148583,-0.0884901, 0.0325884, 0.0325464, 0.0397223, 0.0326587, 0.0173265, 0.0166799
-0.99995,0.000339829, -0.00174905, 0.00985398, 0.00234884,-0.148569,-0.088488, 0.0325453, 0.0325012, 0.0397221, 0.0326501, 0.0173237, 0.0166795
-0.99995,0.000340181, -0.0017998, 0.00986032, 0.00234264,-0.148556,-0.0884871, 0.0325075, 0.0324615, 0.039722, 0.0326422, 0.0173211, 0.0166792
-0.99995,0.000341254, -0.00184253, 0.00986974, 0.00233658,-0.148543,-0.0884851, 0.0324746, 0.0324268, 0.0397218, 0.0326353, 0.0173189, 0.0166789
-0.999949,0.000341935, -0.00188962, 0.00987242, 0.00233501,-0.148535,-0.0884857, 0.0324458, 0.0323962, 0.0397216, 0.0326299, 0.0173169, 0.0166785
-0.999949,0.000343894, -0.00193155, 0.00988104, 0.00232475,-0.148523,-0.0884839, 0.0324205, 0.0323692, 0.0397212, 0.0326257, 0.0173152, 0.0166782
-0.999949,0.000346331, -0.00197366, 0.00988833, 0.00231659,-0.148512,-0.0884828, 0.0323991, 0.0323463, 0.0397208, 0.0326222, 0.0173136, 0.0166778
-0.999949,0.000348502, -0.00201422, 0.00989297, 0.00231273,-0.148505,-0.0884836, 0.0323811, 0.0323268, 0.0397203, 0.0326196, 0.0173123, 0.0166774
-0.999949,0.000352758, -0.00204651, 0.00990159, 0.00230104,-0.148494,-0.0884805, 0.0323662, 0.0323104, 0.0397197, 0.0326169, 0.0173112, 0.0166771
-0.999949,0.000358973, -0.00207491, 0.0099129, 0.00227962,-0.14848,-0.0884737, 0.0323544, 0.0322973, 0.039719, 0.0326141, 0.0173102, 0.0166767
-0.999948,0.000363445, -0.00210937, 0.00992157, 0.00227491,-0.148473,-0.08847, 0.032345, 0.0322869, 0.0397179, 0.0326105, 0.0173094, 0.0166764
-0.999948,0.000370074, -0.00214435, 0.0099325, 0.00226592,-0.148465,-0.0884594, 0.0323368, 0.032279, 0.0397152, 0.0326031, 0.0173087, 0.0166759
-0.999948,0.000377236, -0.00217426, 0.00994113, 0.00225189,-0.148459,-0.0884476, 0.0323314, 0.032273, 0.0397139, 0.0325947, 0.0173082, 0.0166753
-0.999948,0.000386263, -0.00220273, 0.0099497, 0.0022382,-0.148452,-0.0884344, 0.0323274, 0.0322686, 0.0397125, 0.0325861, 0.0173077, 0.0166748
-0.999948,0.000396992, -0.00222675, 0.00995727, 0.00222111,-0.148445,-0.0884202, 0.0323247, 0.0322655, 0.0397108, 0.0325768, 0.0173073, 0.0166742
-0.999948,0.000410215, -0.00224949, 0.00996392, 0.00219156,-0.148437,-0.0884032, 0.0323229, 0.0322634, 0.039709, 0.0325678, 0.017307, 0.0166736
-0.999948,0.000424221, -0.00226798, 0.00997027, 0.00216589,-0.148429,-0.0883867, 0.0323218, 0.0322621, 0.0397072, 0.0325592, 0.0173067, 0.0166731
-0.999948,0.000438907, -0.00228254, 0.00997501, 0.00213557,-0.148422,-0.08837, 0.0323212, 0.0322613, 0.0397053, 0.0325509, 0.0173064, 0.0166725
-0.999947,0.00045556, -0.0022935, 0.00997934, 0.00211187,-0.148415,-0.0883533, 0.0323208, 0.032261, 0.0397033, 0.032543, 0.0173062, 0.016672
-0.999947,0.000471907, -0.00230007, 0.00998201, 0.00208673,-0.148409,-0.0883373, 0.0323207, 0.0322608, 0.0397012, 0.0325354, 0.017306, 0.0166715
-0.999947,0.000490006, -0.00230251, 0.00998393, 0.0020704,-0.148403,-0.0883219, 0.0323205, 0.0322606, 0.039699, 0.032528, 0.0173058, 0.0166709
-0.999947,0.000509615, -0.00230125, 0.00998407, 0.00205067,-0.148398,-0.0883059, 0.0323202, 0.0322604, 0.0396968, 0.032521, 0.0173056, 0.0166704
-0.999947,0.000529045, -0.00229596, 0.00998296, 0.00203626,-0.148394,-0.0882913, 0.0323197, 0.03226, 0.0396946, 0.0325142, 0.0173054, 0.01667
-0.999947,0.000550845, -0.00228639, 0.00997992, 0.00201813,-0.14839,-0.0882755, 0.0323188, 0.0322592, 0.0396922, 0.0325077, 0.0173052, 0.0166695
-0.999947,0.000572572, -0.00227206, 0.00997622, 0.00200718,-0.148387,-0.088261, 0.0323176, 0.0322581, 0.0396899, 0.0325015, 0.017305, 0.016669
-0.999948,0.000594663, -0.00225444, 0.00997083, 0.00199874,-0.148384,-0.0882473, 0.0323159, 0.0322566, 0.0396875, 0.0324955, 0.0173048, 0.0166685
-0.999948,0.000617642, -0.00223277, 0.00996382, 0.00198671,-0.148382,-0.0882333, 0.0323136, 0.0322545, 0.0396851, 0.0324897, 0.0173047, 0.016668
-0.999948,0.000641033, -0.00220713, 0.00995564, 0.00197637,-0.148381,-0.0882198, 0.0323109, 0.032252, 0.0396827, 0.0324842, 0.0173045, 0.0166675
-0.999948,0.000665065, -0.00217621, 0.00994682, 0.00197183,-0.148381,-0.0882072, 0.0323076, 0.0322489, 0.0396803, 0.0324789, 0.0173043, 0.016667
-0.999948,0.000689797, -0.0021413, 0.00993652, 0.00196733,-0.148381,-0.0881948, 0.0323037, 0.0322452, 0.0396779, 0.0324737, 0.0173041, 0.0166666
-0.999948,0.000714427, -0.00210501, 0.00992442, 0.00196452,-0.148381,-0.0881832, 0.0322993, 0.032241, 0.0396755, 0.0324688, 0.0173039, 0.0166661
-0.999948,0.000739878, -0.00206296, 0.00991181, 0.00196351,-0.148383,-0.088172, 0.0322943, 0.0322362, 0.0396731, 0.032464, 0.0173037, 0.0166656
-0.999949,0.000764446, -0.00202113, 0.00989792, 0.00196234,-0.148385,-0.0881616, 0.0322887, 0.0322309, 0.0396708, 0.0324594, 0.0173035, 0.0166651
-0.999949,0.000789518, -0.00197411, 0.00988381, 0.00196171,-0.148387,-0.0881516, 0.0322826, 0.032225, 0.0396685, 0.0324549, 0.0173033, 0.0166646
-0.999949,0.000815114, -0.00192212, 0.0098692, 0.00196583,-0.14839,-0.0881426, 0.032276, 0.0322187, 0.0396663, 0.0324507, 0.017303, 0.0166641
-0.999949,0.00083871, -0.00186951, 0.00985616, 0.00197483,-0.148395,-0.0881355, 0.0322689, 0.0322118, 0.0396641, 0.0324465, 0.0173028, 0.0166636
-0.99995,0.000864034, -0.00181337, 0.00983981, 0.00198075,-0.148399,-0.0881277, 0.0322614, 0.0322045, 0.0396619, 0.0324426, 0.0173026, 0.0166631
-0.99995,0.000889245, -0.00175445, 0.0098231, 0.00198832,-0.148404,-0.0881207, 0.0322535, 0.0321968, 0.0396598, 0.0324387, 0.0173023, 0.0166627
-0.99995,0.000913459, -0.0016959, 0.00980614, 0.00199824,-0.14841,-0.0881147, 0.0322452, 0.0321888, 0.0396578, 0.032435, 0.0173021, 0.0166622
-0.99995,0.000939216, -0.00163232, 0.00978674, 0.00200759,-0.148416,-0.0881085, 0.0322366, 0.0321804, 0.0396558, 0.0324315, 0.0173018, 0.0166617
-0.999951,0.000964729, -0.00156551, 0.00976781, 0.00201948,-0.148423,-0.0881033, 0.0322277, 0.0321717, 0.0396539, 0.032428, 0.0173015, 0.0166612
-0.999951,0.00098918, -0.00149702, 0.00975016, 0.00203592,-0.148431,-0.0880997, 0.0322186, 0.0321627, 0.039652, 0.0324247, 0.0173012, 0.0166607
-0.999951,0.00101289, -0.00142662, 0.00973337, 0.00205445,-0.148439,-0.0880972, 0.0322092, 0.0321535, 0.0396502, 0.0324214, 0.0173009, 0.0166602
-0.999951,0.00103611, -0.00135386, 0.00971707, 0.00207528,-0.148448,-0.0880957, 0.0321996, 0.0321441, 0.0396484, 0.0324183, 0.0173006, 0.0166597
-0.999952,0.001059, -0.00127896, 0.00970087, 0.00209764,-0.148458,-0.0880951, 0.0321898, 0.0321345, 0.0396468, 0.0324153, 0.0173003, 0.0166592
-0.999952,0.00108123, -0.0011987, 0.00968715, 0.0021247,-0.148469,-0.0880962, 0.0321799, 0.0321247, 0.0396452, 0.0324123, 0.0173, 0.0166586
-0.999952,0.00110304, -0.00111986, 0.00967169, 0.00214973,-0.14848,-0.0880973, 0.0321698, 0.0321148, 0.0396436, 0.0324095, 0.0172997, 0.0166581
-0.999952,0.00112454, -0.00103593, 0.00965757, 0.00217908,-0.148493,-0.0881, 0.0321596, 0.0321048, 0.0396422, 0.0324068, 0.0172994, 0.0166576
-0.999952,0.00114445, -0.000955015, 0.00964419, 0.00220739,-0.148505,-0.0881031, 0.0321494, 0.0320947, 0.0396408, 0.0324041, 0.017299, 0.0166571
-0.999953,0.00116455, -0.000869227, 0.00963071, 0.00223763,-0.148518,-0.0881072, 0.0321391, 0.0320847, 0.0396395, 0.0324016, 0.0172987, 0.0166566
-0.999953,0.00118336, -0.000785775, 0.00961779, 0.00226923,-0.148531,-0.0881121, 0.0321289, 0.0320746, 0.0396382, 0.0323991, 0.0172984, 0.0166561
-0.999953,0.00120167, -0.000698266, 0.00960642, 0.00230284,-0.148546,-0.0881182, 0.0321186, 0.0320645, 0.039637, 0.0323967, 0.017298, 0.0166556
-0.999953,0.00121891, -0.000611267, 0.00959601, 0.00233795,-0.148561,-0.0881253, 0.0321084, 0.0320546, 0.0396359, 0.0323944, 0.0172977, 0.016655
-0.999953,0.00123561, -0.000523087, 0.00958587, 0.00237294,-0.148576,-0.088133, 0.0320983, 0.0320447, 0.0396349, 0.0323921, 0.0172973, 0.0166545
-0.999953,0.00125129, -0.000435161, 0.00957681, 0.00240919,-0.148592,-0.0881416, 0.0320883, 0.0320349, 0.0396339, 0.0323899, 0.0172969, 0.016654
-0.999953,0.00126485, -0.000350212, 0.00957121, 0.00244695,-0.148608,-0.0881516, 0.0320783, 0.0320253, 0.039633, 0.0323878, 0.0172966, 0.0166535
-0.999953,0.00127757, -0.000264982, 0.0095664, 0.00248557,-0.148625,-0.0881623, 0.0320685, 0.0320159, 0.0396322, 0.0323858, 0.0172962, 0.0166529
-0.999953,0.0012893, -0.000179942, 0.00956274, 0.00252487,-0.148642,-0.0881739, 0.0320588, 0.0320066, 0.0396314, 0.0323838, 0.0172958, 0.0166524
-0.999953,0.00130076, -9.64377e-05, 0.00955716, 0.0025612,-0.148658,-0.0881849, 0.0320493, 0.0319974, 0.0396306, 0.0323819, 0.0172955, 0.0166519
-0.999954,0.00131121, -1.42368e-05, 0.00955247, 0.0025976,-0.148675,-0.0881965, 0.0320399, 0.0319885, 0.03963, 0.03238, 0.0172951, 0.0166513
-0.999954,0.00132064, 6.68602e-05, 0.00954893, 0.00263526,-0.148693,-0.0882089, 0.0320306, 0.0319797, 0.0396293, 0.0323782, 0.0172947, 0.0166508
-0.999954,0.00132906, 0.00014615, 0.00954638, 0.00267251,-0.14871,-0.0882217, 0.0320215, 0.0319712, 0.0396287, 0.0323765, 0.0172943, 0.0166503
-0.999954,0.0013372, 0.000227155, 0.00954336, 0.00270979,-0.148728,-0.0882351, 0.0320126, 0.0319628, 0.0396282, 0.0323748, 0.0172939, 0.0166497
-0.999954,0.00134373, 0.000304407, 0.00954321, 0.00274807,-0.148746,-0.0882493, 0.032004, 0.0319547, 0.0396277, 0.0323731, 0.0172935, 0.0166492
-0.999953,0.00134949, 0.000380095, 0.0095435, 0.00278592,-0.148765,-0.0882638, 0.0319955, 0.0319468, 0.0396272, 0.0323716, 0.0172931, 0.0166486
-0.999953,0.00135388, 0.000453055, 0.00954624, 0.00282332,-0.148783,-0.0882788, 0.0319872, 0.0319392, 0.0396267, 0.03237, 0.0172928, 0.0166481
-0.999953,0.00135789, 0.000525445, 0.00954841, 0.00286181,-0.148802,-0.0882944, 0.0319792, 0.0319319, 0.0396263, 0.0323685, 0.0172924, 0.0166476
