1.64341e+09,0.000243245,0.00295402,0.00232224,0.999993,-0.00320898,0.00064193,0.00563156
1.64341e+09,0.00306442,0.000920096,0.00328884,0.999989,-0.00728819,-0.00274887,0.0262241
1.64341e+09,0.00659806,-0.00182399,0.00132401,0.999976,-0.00188084,-0.00763062,0.0505488
1.64341e+09,0.00970865,-0.00536338,-0.0006694,0.999938,-0.00666508,-0.00609651,0.0722241
1.64341e+09,0.00948102,-0.00589246,-0.000857794,0.999937,-0.00992269,-0.00728078,0.0953717
1.64341e+09,0.00726083,-0.00788956,-0.00140529,0.999942,-0.00991133,-0.00869661,0.124318
1.64341e+09,0.00366375,-0.0108221,-0.00279326,0.999931,-0.0128256,-0.00756347,0.151771
1.64341e+09,0.000164008,-0.0125768,-0.00351486,0.999915,-0.0165313,-0.0017123,0.163912
1.64341e+09,-0.0031341,-0.00835337,-0.00344301,0.999954,-0.0227539,-0.00176365,0.178986
1.64341e+09,-0.00726675,0.000201899,-0.00579178,0.999957,-0.0253024,0.00353406,0.180416
1.64341e+09,-0.00908188,0.00784011,-0.00761212,0.999899,-0.0293478,0.00119492,0.17107
1.64341e+09,-0.00745173,0.0107826,-0.00844842,0.999878,-0.0288375,0.00122249,0.174512
1.64341e+09,-0.00485568,0.0110434,-0.0110718,0.999866,-0.0301797,-0.000344825,0.179315
1.64341e+09,-0.0193856,0.009718,-0.0109502,0.999705,-0.0278313,-0.00570317,0.194322
1.64341e+09,-0.0473518,0.0117461,-0.00702485,0.998785,-0.0338723,-0.00590843,0.184098
1.64341e+09,-0.0851481,0.0170408,-0.00228821,0.99622,-0.0453082,-0.00777166,0.155524
1.64341e+09,-0.126261,0.0221388,0.00137841,0.991749,-0.044434,-0.00306999,0.130818
1.64341e+09,-0.167279,0.0285452,0.00346435,0.98549,-0.0512322,-0.00558723,0.117156
1.64341e+09,-0.207438,0.0353555,0.00630828,0.977589,-0.055757,-0.00879634,0.105268
1.64341e+09,-0.246838,0.042437,0.00936785,0.968082,-0.0579117,-0.0112235,0.089028
1.64341e+09,-0.283147,0.0517108,0.0132565,0.95759,-0.0647824,-0.0121815,0.080215
1.64341e+09,-0.320709,0.0608338,0.0151216,0.945101,-0.0673205,-0.0159496,0.0646533
1.64341e+09,-0.352878,0.0693977,0.0207402,0.932862,-0.0749246,-0.0155051,0.0559717
1.64341e+09,-0.384032,0.0731304,0.022813,0.920136,-0.0790671,-0.0203855,0.0472222
1.64341e+09,-0.412139,0.076281,0.0229907,0.907631,-0.0828196,-0.0320304,0.0448189
1.64341e+09,-0.435615,0.0792441,0.0232248,0.896338,-0.0850347,-0.0374617,0.0430351
1.64341e+09,-0.45737,0.0831882,0.0234563,0.885066,-0.0877019,-0.0475638,0.0424916
1.64341e+09,-0.474997,0.0863183,0.0229791,0.875442,-0.0908392,-0.0575369,0.0376753
1.64341e+09,-0.485357,0.0908672,0.021671,0.869311,-0.0930175,-0.0632734,0.0348648
1.64341e+09,-0.489967,0.0924136,0.0207265,0.866581,-0.095085,-0.0659955,0.0325536
1.64341e+09,-0.48754,0.0908493,0.0200323,0.86813,-0.0947863,-0.065068,0.0287076
1.64341e+09,-0.473988,0.0855645,0.0182335,0.876174,-0.098846,-0.0564943,0.0357724
1.64341e+09,-0.444875,0.0724589,0.0158181,0.892517,-0.100365,-0.0497306,0.0416799
1.64341e+09,-0.400535,0.0573803,0.0114601,0.914411,-0.0976606,-0.0407347,0.0547561
1.64341e+09,-0.351118,0.0444607,0.00475571,0.935263,-0.0959268,-0.0354895,0.0746669
1.64341e+09,-0.297382,0.0337472,-0.000760129,0.954162,-0.095556,-0.0307533,0.0925859
1.64341e+09,-0.242389,0.0232188,-0.0049727,0.969889,-0.0959403,-0.0306858,0.113285
1.64341e+09,-0.188014,0.0128655,-0.011487,0.982015,-0.0944011,-0.0272036,0.127608
1.64341e+09,-0.133309,0.00390791,-0.0189175,0.990886,-0.0885307,-0.025614,0.150358
1.64341e+09,-0.074528,-0.00609582,-0.0281403,0.996803,-0.0812991,-0.0212308,0.17177
1.64341e+09,-0.0136298,-0.0124982,-0.0386507,0.999082,-0.0765989,-0.0208883,0.203893
1.64341e+09,0.0447907,-0.0206247,-0.046648,0.997694,-0.072278,-0.0200188,0.216929
1.64341e+09,0.0984184,-0.0313417,-0.0543951,0.993163,-0.0686265,-0.022919,0.228519
1.64341e+09,0.143151,-0.0400138,-0.0615847,0.986972,-0.065954,-0.0272593,0.23965
1.64341e+09,0.184129,-0.0413125,-0.0659984,0.979813,-0.0663515,-0.0319801,0.25136
1.64341e+09,0.2218,-0.0395091,-0.0726369,0.97158,-0.0610498,-0.0371361,0.25945
1.64341e+09,0.252226,-0.0349259,-0.0783919,0.963855,-0.0574696,-0.0389902,0.260953
1.64341e+09,0.273359,-0.0262033,-0.0812289,0.958118,-0.0564168,-0.0414333,0.26025
1.64341e+09,0.29234,-0.0153662,-0.0803016,0.952813,-0.0563994,-0.0399539,0.254961
1.64341e+09,0.30741,-0.00806702,-0.0789489,0.948262,-0.0554324,-0.040029,0.252747
1.64341e+09,0.316671,-0.0069361,-0.0792065,0.945197,-0.0541188,-0.0379499,0.252272
1.64341e+09,0.322872,-0.008735,-0.0774182,0.94323,-0.0527234,-0.0391349,0.253674
1.64341e+09,0.327282,-0.0109008,-0.0747152,0.941905,-0.0538123,-0.041156,0.257074
1.64341e+09,0.321121,-0.013657,-0.0728858,0.944131,-0.0541619,-0.044645,0.256818
1.64341e+09,0.301043,-0.0123721,-0.0714363,0.950851,-0.0545073,-0.0440277,0.253855
1.64341e+09,0.272401,-0.00810313,-0.0702922,0.959578,-0.0519623,-0.0464096,0.248558
1.64341e+09,0.231556,-0.000940038,-0.0681215,0.970433,-0.0485387,-0.0474532,0.240723
1.64341e+09,0.183906,0.00984504,-0.0618969,0.980944,-0.0474616,-0.0475647,0.231235
1.64341e+09,0.136315,0.0222755,-0.0545409,0.988912,-0.0499262,-0.0468217,0.223727
1.64341e+09,0.0829979,0.0338405,-0.0511771,0.994659,-0.0475358,-0.0460833,0.209322
1.64341e+09,0.0242952,0.0428477,-0.0471398,0.997673,-0.0480599,-0.0465431,0.193602
1.64341e+09,-0.0392314,0.0508809,-0.0407422,0.997102,-0.052946,-0.0474312,0.175764
1.64341e+09,-0.100003,0.0588437,-0.0355877,0.992608,-0.0556371,-0.0494799,0.15617
1.64341e+09,-0.15402,0.0684702,-0.0309392,0.985207,-0.0602468,-0.0537752,0.140136
1.64341e+09,-0.206342,0.0808299,-0.0257934,0.974794,-0.0661657,-0.0604104,0.127444
1.64341e+09,-0.258464,0.0893926,-0.0231992,0.961596,-0.0676344,-0.061079,0.109065
1.64341e+09,-0.309128,0.0964055,-0.0182748,0.945945,-0.0719828,-0.0736308,0.104031
1.64341e+09,-0.360111,0.0996259,-0.01586,0.927439,-0.0755763,-0.0796565,0.0880437
1.64341e+09,-0.40635,0.10184,-0.013695,0.907921,-0.0804101,-0.0866612,0.0758014
1.64341e+09,-0.446896,0.105379,-0.0107923,0.888292,-0.0819423,-0.0978381,0.0692295
1.64341e+09,-0.479565,0.110003,-0.00790318,0.870548,-0.0847744,-0.107011,0.067754
1.64341e+09,-0.503377,0.116783,-0.00609914,0.856117,-0.088106,-0.12321,0.0722277
1.64341e+09,-0.523489,0.120729,-0.00612369,0.843414,-0.0928062,-0.135978,0.0711713
1.64341e+09,-0.540661,0.121391,-0.00727988,0.832404,-0.0978631,-0.145821,0.0688717
1.64341e+09,-0.553295,0.120003,-0.00887955,0.824248,-0.0984711,-0.154472,0.0703342
1.64341e+09,-0.558922,0.117404,-0.0103119,0.820802,-0.0981652,-0.160881,0.0706098
1.64341e+09,-0.557039,0.113356,-0.0107138,0.822644,-0.096749,-0.151536,0.0643328
1.64341e+09,-0.541895,0.106277,-0.0105852,0.833633,-0.0932862,-0.144301,0.0620275
1.64341e+09,-0.52026,0.0987635,-0.0101148,0.848217,-0.0922594,-0.136932,0.0641413
1.64341e+09,-0.487088,0.0921184,-0.0127929,0.868387,-0.0877627,-0.121622,0.0604188
1.64341e+09,-0.445236,0.0838428,-0.0172121,0.891313,-0.0841732,-0.107686,0.0668486
1.64341e+09,-0.397476,0.0743108,-0.0234725,0.914297,-0.076617,-0.0940365,0.0757935
1.64341e+09,-0.340128,0.0669454,-0.0294582,0.937531,-0.0751168,-0.0831381,0.0895911
1.64341e+09,-0.276841,0.0594493,-0.0374997,0.958342,-0.0741359,-0.0716055,0.106251
1.64341e+09,-0.210136,0.0498248,-0.0435732,0.975429,-0.0739981,-0.0688304,0.129879
1.64341e+09,-0.147563,0.0383987,-0.0518371,0.986947,-0.0729242,-0.0589208,0.144706
1.64341e+09,-0.090033,0.0251659,-0.0579142,0.993935,-0.0707572,-0.0532949,0.163116
1.64341e+09,-0.0354047,0.0146152,-0.0646182,0.997175,-0.0668139,-0.0487007,0.177914
1.64341e+09,0.0207796,0.00309158,-0.0702674,0.997307,-0.0646823,-0.046331,0.194213
1.64341e+09,0.0791999,-0.0092386,-0.0746563,0.994016,-0.0639653,-0.0476053,0.219062
1.64341e+09,0.137199,-0.0186912,-0.0804504,0.987094,-0.0596818,-0.050051,0.234559
1.64341e+09,0.186671,-0.0249844,-0.0833168,0.978564,-0.0584595,-0.0511467,0.244782
1.64341e+09,0.22433,-0.0232461,-0.0850412,0.970517,-0.0544384,-0.0529034,0.246162
1.64341e+09,0.253783,-0.0193127,-0.0864121,0.9632,-0.0543072,-0.0528938,0.244907
1.64341e+09,0.28558,-0.0150837,-0.0888808,0.954105,-0.0509179,-0.051825,0.24729
1.64341e+09,0.316033,-0.0154396,-0.0892858,0.944411,-0.0519714,-0.0534056,0.25281
1.64341e+09,0.336984,-0.017067,-0.087382,0.937291,-0.0527722,-0.0556723,0.253054
1.64341e+09,0.34837,-0.0216475,-0.0850347,0.933241,-0.0562559,-0.0561309,0.258068
1.64341e+09,0.352968,-0.0263421,-0.0828677,0.931586,-0.0568535,-0.0606271,0.261645
1.64341e+09,0.335749,-0.024953,-0.0804129,0.938181,-0.0574027,-0.0606675,0.263434
1.64341e+09,0.29373,-0.0202495,-0.0758733,0.952657,-0.0575007,-0.0571008,0.257865
1.64341e+09,0.241713,-0.0125676,-0.0709405,0.96767,-0.0573014,-0.053848,0.253418
1.64341e+09,0.181197,0.000133252,-0.0645447,0.981327,-0.0534885,-0.0488066,0.241067
1.64341e+09,0.112195,0.0173518,-0.0587558,0.991796,-0.0531237,-0.0408744,0.218924
1.64341e+09,0.0546205,0.0362352,-0.0510787,0.996541,-0.0620114,-0.0360439,0.201824
1.64341e+09,0.0162151,0.0490762,-0.0430947,0.997733,-0.0708492,-0.0324951,0.189076
1.64341e+09,-0.00935777,0.0598002,-0.0431846,0.997232,-0.0744379,-0.0311712,0.178391
1.64341e+09,-0.0216235,0.0645384,-0.0493317,0.996461,-0.0763928,-0.0302934,0.170482
1.64341e+09,-0.0240337,0.0647597,-0.0613104,0.995726,-0.0737673,-0.0301301,0.168472
1.64341e+09,-0.0266793,0.0626131,-0.0820215,0.994304,-0.0678808,-0.0296831,0.165982
1.64341e+09,-0.0301814,0.0619061,-0.106661,0.991907,-0.0629185,-0.0289413,0.1649
1.64341e+09,-0.0322186,0.0540849,-0.134727,0.988881,-0.0577601,-0.0285107,0.163052
1.64341e+09,-0.0342402,0.0453709,-0.161756,0.985192,-0.0529821,-0.0275269,0.163173
1.64341e+09,-0.0390411,0.0375179,-0.19023,0.980245,-0.0444515,-0.0278678,0.160214
1.64341e+09,-0.0429694,0.0279063,-0.216639,0.974906,-0.037574,-0.0281785,0.154961
1.64341e+09,-0.043703,0.02468,-0.229948,0.971908,-0.0351079,-0.0263916,0.149906
1.64341e+09,-0.044172,0.0245132,-0.23264,0.97125,-0.0338346,-0.0257259,0.146897
1.64341e+09,-0.0449089,0.0228506,-0.23025,0.971826,-0.0357256,-0.0239106,0.145656
1.64341e+09,-0.04565,0.01978,-0.220704,0.974071,-0.0368009,-0.0215383,0.144189
1.64341e+09,-0.0439772,0.0153439,-0.200837,0.978517,-0.0428857,-0.0173099,0.147417
1.64341e+09,-0.0383386,0.0115324,-0.166743,0.985187,-0.0516854,-0.0141882,0.154333
1.64341e+09,-0.0311373,0.00895157,-0.123021,0.991875,-0.0642486,-0.0133811,0.160863
1.64341e+09,-0.0237562,0.00560382,-0.0772199,0.996715,-0.0776452,-0.0126532,0.170488
1.64341e+09,-0.0156387,0.000326392,-0.0322757,0.999357,-0.0901913,-0.0142495,0.174855
1.64341e+09,-0.00946837,-0.00667497,0.00914455,0.999891,-0.103048,-0.017711,0.185068
1.64341e+09,-0.00352019,-0.0118375,0.0461974,0.998856,-0.112438,-0.0205834,0.17881
1.64341e+09,-0.00124928,-0.0116894,0.0789677,0.996808,-0.121589,-0.0245902,0.179138
1.64341e+09,-0.00228868,-0.00884849,0.108792,0.994023,-0.131416,-0.0274273,0.178102
1.64341e+09,-0.00507743,-0.00527973,0.134576,0.990876,-0.14064,-0.0288143,0.174909
1.64341e+09,-0.00781759,-0.00246678,0.152011,0.988345,-0.1494,-0.0297321,0.171267
1.64341e+09,-0.0108613,0.000627957,0.159939,0.987067,-0.155866,-0.0302385,0.167486
1.64341e+09,-0.0131988,0.00211766,0.15774,0.98739,-0.15933,-0.0306695,0.166792
1.64341e+09,-0.0188158,0.000224098,0.141823,0.989713,-0.158186,-0.0296287,0.167448
1.64341e+09,-0.0285814,-0.00230756,0.108151,0.993721,-0.151897,-0.0274457,0.168674
1.64341e+09,-0.0368555,-0.00252417,0.06259,0.997355,-0.140734,-0.0261051,0.168523
1.64341e+09,-0.0416824,-0.000362921,0.00777036,0.999101,-0.127388,-0.0251858,0.16636
1.64341e+09,-0.0425027,0.000450922,-0.0467818,0.998,-0.113013,-0.0260748,0.16391
1.64341e+09,-0.0413967,0.00197273,-0.0944892,0.994663,-0.0999133,-0.0291511,0.163126
1.64341e+09,-0.0423182,0.000403513,-0.134376,0.990026,-0.0886706,-0.0315009,0.161135
1.64341e+09,-0.0419125,-0.00146371,-0.166614,0.98513,-0.0784754,-0.0337081,0.15964
1.64341e+09,-0.0409265,-0.00425017,-0.192638,0.980407,-0.0695921,-0.0349605,0.155469
1.64341e+09,-0.0397503,-0.00599264,-0.212,0.976443,-0.0636143,-0.036328,0.152236
1.64341e+09,-0.0386814,-0.00899287,-0.226506,0.9732,-0.0581473,-0.0366871,0.149965
1.64341e+09,-0.038023,-0.010214,-0.234614,0.971291,-0.0556,-0.0356412,0.146612
1.64341e+09,-0.0374359,-0.0114432,-0.238405,0.970376,-0.0544968,-0.0336654,0.144675
1.64341e+09,-0.0359993,-0.0125497,-0.236265,0.970941,-0.0545855,-0.0316558,0.143757
1.64341e+09,-0.0341855,-0.0139128,-0.22515,0.973625,-0.0564936,-0.0290563,0.144047
1.64341e+09,-0.0328883,-0.0161408,-0.199429,0.979227,-0.0616392,-0.0274045,0.150159
1.64341e+09,-0.0322479,-0.0168488,-0.162971,0.98596,-0.0747194,-0.0238792,0.149429
1.64341e+09,-0.0300132,-0.0200755,-0.122588,0.991801,-0.0856774,-0.0233351,0.157519
1.64341e+09,-0.0271433,-0.0244004,-0.0823876,0.995932,-0.097635,-0.0249742,0.16298
1.64341e+09,-0.0246366,-0.0283879,-0.0448745,0.998285,-0.106294,-0.0266171,0.168817
1.64341e+09,-0.0220947,-0.0306513,-0.00794497,0.999254,-0.113756,-0.0280944,0.166098
1.64341e+09,-0.0203332,-0.0283608,0.031553,0.998893,-0.125143,-0.0309969,0.166964
1.64341e+09,-0.0165784,-0.0263059,0.0703467,0.997038,-0.13575,-0.0328273,0.161582
1.64341e+09,-0.0116384,-0.0268986,0.109176,0.99359,-0.148833,-0.0364824,0.163088
1.64341e+09,-0.0107164,-0.0275333,0.144942,0.988999,-0.161396,-0.0430567,0.167382
1.64341e+09,-0.0124469,-0.0267266,0.173537,0.984386,-0.171717,-0.0434228,0.162765
1.64341e+09,-0.015758,-0.0263389,0.193,0.980719,-0.17948,-0.045115,0.161786
1.64341e+09,-0.0198812,-0.0225007,0.200462,0.979241,-0.182369,-0.0435379,0.158589
1.64341e+09,-0.0237472,-0.0196527,0.200798,0.979148,-0.18454,-0.0427056,0.158086
1.64341e+09,-0.0272744,-0.0198203,0.192784,0.980662,-0.186109,-0.0415423,0.158019
1.64341e+09,-0.032192,-0.0209461,0.169787,0.984732,-0.182187,-0.0398789,0.159358
1.64341e+09,-0.0363961,-0.0246809,0.129102,0.990656,-0.172528,-0.0377558,0.160018
1.64341e+09,-0.034624,-0.0329689,0.0822954,0.995461,-0.16064,-0.0361179,0.164901
1.64341e+09,-0.0338881,-0.0379288,0.0382315,0.997974,-0.148098,-0.0355986,0.162118
1.64341e+09,-0.0326942,-0.0450717,0.00420667,0.99844,-0.138648,-0.0329829,0.163574
1.64341e+09,-0.0273568,-0.0466855,-0.0112061,0.998472,-0.135607,-0.0313903,0.166062
1.64341e+09,-0.0232627,-0.0403223,-0.016257,0.998784,-0.133849,-0.0303244,0.162503
1.64341e+09,-0.0203777,-0.0222021,-0.0168456,0.999404,-0.132342,-0.0285084,0.155207
1.64341e+09,-0.0182844,0.00327908,-0.0158211,0.999702,-0.131448,-0.0273069,0.152427
1.64341e+09,-0.0157921,0.0298518,-0.0183,0.999262,-0.125808,-0.0266038,0.148746
1.64341e+09,-0.0136392,0.0616917,-0.0200883,0.9978,-0.121568,-0.0262795,0.144461
1.64341e+09,-0.0117159,0.0942403,-0.0216603,0.995245,-0.120144,-0.0253191,0.136242
1.64341e+09,-0.00802001,0.113611,-0.0227496,0.993232,-0.119054,-0.0257833,0.131233
1.64341e+09,-0.00258717,0.130561,-0.0243359,0.991138,-0.11813,-0.0271986,0.127619
1.64341e+09,0.00279773,0.14419,-0.0262527,0.989198,-0.11804,-0.029209,0.122549
1.64341e+09,0.00723849,0.153074,-0.0269058,0.987822,-0.116611,-0.0320788,0.120518
1.64341e+09,0.00796673,0.160828,-0.0287689,0.986531,-0.115815,-0.0337376,0.117096
1.64341e+09,0.00826245,0.167909,-0.030714,0.985289,-0.114333,-0.033894,0.113308
1.64341e+09,0.0102726,0.173418,-0.032085,0.984272,-0.115921,-0.0340661,0.108845
1.64341e+09,0.0100532,0.177914,-0.0334075,0.983427,-0.117009,-0.0328298,0.105586
1.64341e+09,0.00816317,0.173985,-0.0339811,0.984128,-0.118799,-0.0316574,0.105361
1.64341e+09,0.00518044,0.154778,-0.0339331,0.987353,-0.121332,-0.031559,0.109738
1.64341e+09,0.00168664,0.120806,-0.0320543,0.992157,-0.124195,-0.0317766,0.11713
1.64341e+09,-0.00130984,0.0801463,-0.0289284,0.996362,-0.127006,-0.031801,0.124161
1.64341e+09,-0.00345294,0.034115,-0.0268129,0.999052,-0.130015,-0.0326261,0.133521
1.64341e+09,-0.00415619,-0.00649335,-0.0265442,0.999618,-0.132874,-0.0329936,0.141757
1.64341e+09,-0.00547831,-0.0318236,-0.0272854,0.999106,-0.134828,-0.03291,0.148262
1.64341e+09,-0.00724515,-0.0541004,-0.0286928,0.998097,-0.137185,-0.0323131,0.146377
1.64341e+09,-0.0095059,-0.0749968,-0.0295778,0.9967,-0.139825,-0.0325894,0.14924
1.64341e+09,-0.0101356,-0.0917546,-0.0307409,0.995255,-0.142069,-0.0324679,0.152467
1.64341e+09,-0.00933006,-0.10458,-0.031599,0.993971,-0.142031,-0.0323326,0.152389
1.64341e+09,-0.00784895,-0.108028,-0.0306915,0.993643,-0.142234,-0.0324317,0.154825
1.64341e+09,-0.00656669,-0.107615,-0.0295593,0.993731,-0.142595,-0.0318744,0.153669
1.64341e+09,-0.00532319,-0.0968113,-0.0278516,0.994899,-0.141805,-0.0324471,0.156562
1.64341e+09,-0.00576148,-0.0610135,-0.0259894,0.997782,-0.138491,-0.033139,0.158375
1.64341e+09,-0.00421454,-0.015044,-0.0237492,0.999596,-0.136749,-0.0310665,0.142516
1.64341e+09,-0.000139552,0.020084,-0.0212823,0.999572,-0.134937,-0.0316291,0.137658
1.64341e+09,0.003199,0.0577214,-0.0214494,0.998097,-0.13006,-0.0309979,0.137714
1.64341e+09,0.00493856,0.0978342,-0.0204406,0.994981,-0.127697,-0.0317025,0.129513
1.64341e+09,0.00580753,0.136228,-0.0187141,0.990484,-0.133352,-0.0302019,0.11445
1.64341e+09,0.00554588,0.165185,-0.0170399,0.9861,-0.135053,-0.0299664,0.107706
1.64341e+09,0.00617768,0.183103,-0.0167981,0.982931,-0.136286,-0.0303687,0.103656
1.64341e+09,0.00733155,0.193925,-0.0168856,0.980844,-0.136072,-0.0311206,0.100231
1.64341e+09,0.00736795,0.202006,-0.0173316,0.979203,-0.134779,-0.0314727,0.098928
1.64341e+09,0.00807398,0.209796,-0.0175893,0.977554,-0.136459,-0.0316179,0.0928084
1.64341e+09,0.00822564,0.214254,-0.0180739,0.976576,-0.136251,-0.0314167,0.0908579
1.64341e+09,0.00793859,0.209925,-0.0188657,0.977503,-0.136787,-0.0311224,0.0922353
1.64341e+09,0.00649698,0.188922,-0.0197113,0.981773,-0.138288,-0.0312357,0.094681
1.64341e+09,0.0048986,0.160835,-0.0216816,0.986731,-0.138393,-0.03191,0.100066
1.64341e+09,0.00489572,0.128381,-0.0234818,0.991435,-0.137689,-0.0325938,0.107856
1.64341e+09,0.0047189,0.0902619,-0.025698,0.995575,-0.139746,-0.0330088,0.115366
1.64341e+09,0.00574096,0.0470948,-0.0270701,0.998507,-0.140112,-0.0336809,0.127123
1.64341e+09,0.00481821,0.00852002,-0.0285359,0.999545,-0.139793,-0.0346784,0.134588
1.64341e+09,-4.27213e-06,-0.0223237,-0.028281,0.999351,-0.141515,-0.0339335,0.139923
1.64341e+09,-0.00276349,-0.0484912,-0.0281977,0.998422,-0.142905,-0.0327787,0.14062
1.64341e+09,-0.00427157,-0.0712648,-0.0280653,0.997053,-0.144385,-0.0329801,0.14498
1.64341e+09,-0.00498769,-0.0892708,-0.0286585,0.995583,-0.145318,-0.0324123,0.146238
1.64341e+09,-0.00458297,-0.102375,-0.0294664,0.994299,-0.144859,-0.0328827,0.153669
1.64341e+09,-0.00348812,-0.107318,-0.0304193,0.993753,-0.14519,-0.0328253,0.149594
1.64341e+09,-0.00242789,-0.10677,-0.0308317,0.993803,-0.144744,-0.0325195,0.149473
1.64341e+09,-0.00159986,-0.102886,-0.030205,0.994233,-0.143569,-0.032298,0.150621
1.64341e+09,-0.000711816,-0.0920801,-0.0291815,0.995324,-0.142882,-0.0317711,0.15009
1.64341e+09,3.71464e-05,-0.0746082,-0.0277859,0.996826,-0.140057,-0.0317876,0.149155
1.64341e+09,0.000938391,-0.0535135,-0.026217,0.998222,-0.138358,-0.0326335,0.148619
1.64341e+09,0.00269892,-0.0244421,-0.0257596,0.999366,-0.134063,-0.0321046,0.142004
1.64341e+09,0.00386703,0.0066332,-0.0259514,0.999634,-0.129938,-0.030249,0.13318
1.64341e+09,0.0059813,0.0366794,-0.0261354,0.998967,-0.128698,-0.0292892,0.123686
1.64341e+09,0.00852967,0.0577722,-0.0258311,0.997959,-0.126592,-0.0284069,0.12252
1.64341e+09,0.0112147,0.0668392,-0.0251682,0.997383,-0.125481,-0.0270937,0.117356
1.64341e+09,0.0125408,0.0664505,-0.0253327,0.997389,-0.124643,-0.0270057,0.118244
1.64341e+09,0.0141207,0.0661486,-0.0254406,0.997385,-0.121456,-0.0252974,0.117923
1.64341e+09,0.0151052,0.0643432,-0.0249157,0.997502,-0.120213,-0.0242219,0.119117
1.64341e+09,0.0160664,0.0628404,-0.0233679,0.997621,-0.118801,-0.0230285,0.118947
1.64341e+09,0.0159696,0.0613423,-0.0216171,0.997755,-0.119203,-0.022499,0.119408
1.64341e+09,0.0158078,0.0605824,-0.0206099,0.997825,-0.119127,-0.0216715,0.120139
1.64341e+09,0.0149124,0.0596742,-0.0195454,0.997915,-0.119448,-0.0210476,0.120363
1.64341e+09,0.014724,0.058436,-0.0184522,0.998012,-0.120651,-0.0196393,0.119658
1.64341e+09,0.0149866,0.0566341,-0.0187168,0.998107,-0.120994,-0.0203656,0.120377
1.64341e+09,0.0153868,0.0557355,-0.0191937,0.998142,-0.121279,-0.0208011,0.120821
1.64341e+09,0.0158751,0.0544615,-0.01976,0.998194,-0.121323,-0.0216934,0.120432
1.64341e+09,0.018281,0.0541439,-0.0201435,0.998163,-0.121061,-0.022759,0.120217
1.64341e+09,0.021548,0.054219,-0.0197703,0.998101,-0.120744,-0.0233653,0.120964
1.64341e+09,0.0238768,0.0534424,-0.0198149,0.998089,-0.120576,-0.0238277,0.121791
1.64341e+09,0.0265179,0.0530322,-0.0197716,0.998045,-0.118383,-0.0241353,0.121326
1.64341e+09,0.0261947,0.0528018,-0.019335,0.998074,-0.118168,-0.0239199,0.122377
1.64341e+09,0.0248213,0.0522038,-0.0184357,0.998158,-0.118623,-0.0234521,0.122006
1.64341e+09,0.0229096,0.0512419,-0.0187727,0.998247,-0.119075,-0.0230018,0.122046
1.64341e+09,0.0227254,0.0497565,-0.0185218,0.998331,-0.11864,-0.0225956,0.123147
1.64341e+09,0.0218267,0.0499043,-0.0172845,0.998366,-0.118956,-0.0221785,0.123152
1.64341e+09,0.0211798,0.0499026,-0.0161459,0.998399,-0.118502,-0.0209231,0.122051
1.64341e+09,0.0202968,0.0501982,-0.0156766,0.99841,-0.117715,-0.0193928,0.121689
1.64341e+09,0.0195091,0.0507156,-0.0145198,0.998417,-0.117237,-0.0181607,0.121571
1.64341e+09,0.0183304,0.0507638,-0.01399,0.998444,-0.1167,-0.0174511,0.120394
1.64341e+09,0.0175324,0.0511361,-0.0146967,0.99843,-0.115946,-0.0155494,0.120923
1.64341e+09,0.0155799,0.0514145,-0.0178943,0.998396,-0.115116,-0.015289,0.120163
1.64341e+09,0.0126054,0.0523175,-0.0253277,0.99823,-0.112459,-0.0145356,0.118876
1.64341e+09,0.0115606,0.052994,-0.0358236,0.997885,-0.110137,-0.0133162,0.118895
1.64341e+09,0.00944307,0.0550018,-0.0493687,0.99722,-0.108144,-0.0129468,0.118801
1.64341e+09,0.00397412,0.0553656,-0.067557,0.99617,-0.102762,-0.00975223,0.116466
1.64341e+09,-0.00442989,0.056848,-0.0852856,0.994724,-0.0976318,-0.00409978,0.113861
1.64341e+09,-0.0135743,0.0561761,-0.10055,0.993252,-0.0923346,0.00237969,0.110351
1.64341e+09,-0.0163209,0.0518787,-0.106125,0.992864,-0.0936386,0.00819737,0.112451
1.64341e+09,-0.0175671,0.0469614,-0.102598,0.993458,-0.0946722,0.011485,0.112878
1.64341e+09,-0.0178783,0.0419866,-0.0923927,0.994676,-0.100519,0.0131705,0.113629
1.64341e+09,-0.0152038,0.035503,-0.0709351,0.996733,-0.110249,0.0121034,0.117494
1.64341e+09,-0.0122032,0.0251446,-0.0431813,0.998676,-0.119386,0.00609771,0.124025
1.64341e+09,-0.0115751,0.0186286,-0.0193176,0.999573,-0.125572,0.000942391,0.125072
1.64341e+09,-0.00970811,0.0219295,-0.00828961,0.999678,-0.125981,-0.00247187,0.129253
1.64341e+09,-0.00575151,0.0302306,-0.00609018,0.999508,-0.124192,-0.00549367,0.138086
1.64341e+09,-0.0021935,0.0394447,-0.0056205,0.999204,-0.12171,-0.00691162,0.153269
1.64341e+09,0.00167765,0.048057,-0.00499372,0.998831,-0.1201,-0.00937537,0.173611
1.64341e+09,0.00374492,0.0554153,-0.00480298,0.998445,-0.116911,-0.0127922,0.202374
1.64341e+09,0.0036873,0.0627436,-0.0045871,0.998012,-0.113399,-0.0154104,0.231354
1.64341e+09,0.00645306,0.0728978,-0.00255553,0.997315,-0.112115,-0.0178542,0.261516
1.64341e+09,0.0126083,0.0768358,0.000127055,0.996964,-0.108932,-0.0226258,0.293514
1.64341e+09,0.0142782,0.0716877,0.00211358,0.997323,-0.108741,-0.0288094,0.326917
1.64341e+09,0.00684519,0.0587348,-0.00128763,0.998249,-0.107321,-0.0351446,0.356723
1.64341e+09,-0.00454217,0.0407747,-0.00971387,0.999111,-0.104034,-0.0406252,0.381934
1.64341e+09,-0.0142519,0.0276744,-0.0170097,0.999371,-0.10379,-0.0454435,0.398922
1.64341e+09,-0.0184033,0.0277498,-0.0208519,0.999228,-0.104901,-0.0459253,0.389907
1.64341e+09,-0.0115567,0.0380973,-0.021925,0.998967,-0.106403,-0.0461717,0.374052
1.64341e+09,0.000360359,0.045656,-0.0236765,0.998677,-0.105385,-0.0485245,0.352492
1.64341e+09,0.00330596,0.0473283,-0.0286815,0.998462,-0.103407,-0.0485254,0.342758
1.64341e+09,0.00670331,0.0495827,-0.0334009,0.998189,-0.099594,-0.0449123,0.289045
1.64341e+09,0.00372292,0.0494017,-0.0369578,0.998088,-0.0979927,-0.0405034,0.24938
1.64341e+09,-0.00261261,0.0478541,-0.0392219,0.998081,-0.097305,-0.035609,0.206065
1.64341e+09,-0.00489149,0.0464794,-0.0386762,0.998158,-0.0994884,-0.0297598,0.16999
1.64341e+09,-0.00653259,0.0374223,-0.0337631,0.998708,-0.102555,-0.0274,0.143167
1.64341e+09,-0.00658665,0.0239201,-0.0322854,0.999171,-0.103241,-0.0264214,0.116751
1.64341e+09,-0.00396381,0.019832,-0.0329801,0.999251,-0.102796,-0.0280614,0.0988851
1.64341e+09,-0.00589591,0.0178813,-0.0344169,0.99923,-0.100916,-0.0315276,0.0695941
1.64341e+09,-0.00715508,0.015984,-0.0369268,0.999165,-0.099564,-0.0361787,0.0496394
1.64341e+09,-0.000520673,0.0101532,-0.0419296,0.999069,-0.0953694,-0.0403998,0.0386783
1.64341e+09,0.00435559,0.0114853,-0.0470511,0.998817,-0.0922337,-0.0445603,0.0276599
1.64341e+09,0.00153959,0.0122181,-0.0474237,0.998799,-0.0903675,-0.0468384,0.019758
1.64341e+09,-0.00265587,0.0128793,-0.0451521,0.998894,-0.0913554,-0.0475013,0.00887488
1.64341e+09,-0.00267011,0.0178263,-0.0436218,0.998885,-0.0922618,-0.0481226,0.010731
1.64341e+09,-0.00363741,0.0209939,-0.0411127,0.998927,-0.0946164,-0.0473553,0.025737
1.64341e+09,-0.00720938,0.0374488,-0.0386587,0.998524,-0.0969488,-0.0453292,0.0450702
1.64341e+09,-0.0123435,0.0538871,-0.0427864,0.997554,-0.0941277,-0.0440498,0.07214
1.64341e+09,-0.0176203,0.0704003,-0.0483714,0.99619,-0.0925901,-0.0409578,0.114074
1.64341e+09,-0.0211934,0.0826549,-0.0506171,0.995066,-0.0920397,-0.0376596,0.147219
1.64341e+09,-0.0173906,0.0887374,-0.051376,0.994577,-0.0889006,-0.0362398,0.188254
1.64341e+09,-0.0133803,0.0839614,-0.0529396,0.994972,-0.0831949,-0.0367131,0.228275
1.64341e+09,-0.0150645,0.0834328,-0.0520362,0.99504,-0.0808129,-0.0350105,0.256288
1.64341e+09,-0.0135284,0.0860561,-0.0498944,0.994948,-0.0755735,-0.0351493,0.285236
1.64341e+09,-0.00862007,0.0844232,-0.0519753,0.995036,-0.0697325,-0.0373652,0.316119
1.64341e+09,-0.00946341,0.0730681,-0.0563556,0.995688,-0.063278,-0.0396855,0.345199
1.64341e+09,-0.0149851,0.0592459,-0.0610196,0.996264,-0.0583312,-0.0435666,0.371594
1.64341e+09,-0.0228546,0.0465224,-0.0663046,0.996452,-0.0546705,-0.0465027,0.392647
1.64341e+09,-0.0325964,0.0375148,-0.0683646,0.996422,-0.0556555,-0.0473432,0.40238
1.64341e+09,-0.0338801,0.0378727,-0.0716789,0.996132,-0.0541505,-0.0474271,0.399999
1.64341e+09,-0.0276312,0.0465107,-0.0729345,0.995868,-0.0559194,-0.0450223,0.379992
1.64341e+09,-0.0157415,0.0580066,-0.0701778,0.995722,-0.0596349,-0.0423715,0.351541
1.64341e+09,-0.00621492,0.0633543,-0.0664056,0.99576,-0.062207,-0.040098,0.319691
1.64341e+09,-0.000197414,0.0660649,-0.0645883,0.995723,-0.0655383,-0.0354188,0.278285
1.64341e+09,0.00386101,0.0729222,-0.0613352,0.995442,-0.0717243,-0.0301536,0.235236
1.64341e+09,0.0110059,0.0768769,-0.0626517,0.995009,-0.0722529,-0.0272172,0.19714
1.64341e+09,0.00591098,0.066139,-0.0639791,0.99574,-0.0754239,-0.0238658,0.156994
1.64341e+09,-0.00608797,0.0553038,-0.0640196,0.996396,-0.079148,-0.0207235,0.122699
1.64341e+09,-0.00972054,0.0424635,-0.0668468,0.996812,-0.0765619,-0.0192437,0.0925458
1.64341e+09,-0.00933687,0.038012,-0.0657303,0.997069,-0.0774098,-0.0194311,0.064333
1.64341e+09,-0.00754836,0.0381767,-0.0642761,0.997173,-0.0778607,-0.0208918,0.0346017
1.64341e+09,-0.00776094,0.0312035,-0.0662065,0.997288,-0.0772816,-0.0233639,0.0165086
1.64341e+09,-0.00797297,0.0280515,-0.0695388,0.997153,-0.0723159,-0.0265683,-0.00341119
1.64341e+09,-0.00263331,0.0303955,-0.0717392,0.996957,-0.0718888,-0.0306113,-0.0105345
1.64341e+09,0.00278161,0.0327977,-0.0757054,0.996587,-0.0685602,-0.0329848,-0.0103801
1.64341e+09,0.00346897,0.0342597,-0.0756745,0.996538,-0.069461,-0.0331663,0.0030577
1.64341e+09,-0.00265853,0.0441587,-0.0725089,0.996386,-0.0721439,-0.032764,0.0282238
1.64341e+09,-0.007423,0.0582626,-0.0710038,0.995745,-0.0730842,-0.0305778,0.0714083
1.64341e+09,-0.00349574,0.0733322,-0.0754292,0.994445,-0.0708278,-0.0292342,0.125149
1.64341e+09,0.00328631,0.0782267,-0.0790185,0.993794,-0.0682446,-0.0291562,0.180305
1.64341e+09,-0.000862324,0.0768959,-0.0758256,0.994151,-0.06923,-0.028362,0.218232
1.64341e+09,-0.00678931,0.074195,-0.0724162,0.994588,-0.0698102,-0.0325018,0.265909
1.64341e+09,-0.00871803,0.0736491,-0.0707905,0.99473,-0.0680129,-0.0368397,0.298948
1.64341e+09,-0.0100314,0.0727523,-0.0723645,0.994671,-0.0652182,-0.0408272,0.325767
1.64341e+09,-0.0109105,0.0683306,-0.0753994,0.99475,-0.0636706,-0.0458458,0.352333
1.64341e+09,-0.0137165,0.0563682,-0.0797519,0.995125,-0.0608428,-0.050433,0.375193
1.64341e+09,-0.0209738,0.0438304,-0.084174,0.995266,-0.058616,-0.0546781,0.393354
1.64341e+09,-0.028036,0.0350572,-0.0887203,0.995045,-0.0605083,-0.0576039,0.399678
1.64341e+09,-0.0282381,0.0315139,-0.0899365,0.995048,-0.0613769,-0.0582781,0.397093
1.64341e+09,-0.0217408,0.0353291,-0.0910514,0.994982,-0.06227,-0.0577835,0.382412
1.64341e+09,-0.0108801,0.0465063,-0.0890288,0.994883,-0.0645079,-0.0552737,0.34718
1.64341e+09,0.000131529,0.0544851,-0.0806569,0.995252,-0.0693106,-0.0517464,0.310215
1.64341e+09,0.00757295,0.0535006,-0.0716297,0.995967,-0.0745483,-0.0484605,0.264809
1.64341e+09,0.0165273,0.0571608,-0.0664378,0.996015,-0.0766179,-0.0445246,0.222253
1.64341e+09,0.0222292,0.0520182,-0.0628256,0.99642,-0.0784197,-0.042362,0.182928
1.64341e+09,0.0221929,0.041942,-0.0588608,0.997138,-0.0815549,-0.0415926,0.144187
1.64341e+09,0.0162946,0.0373636,-0.0542493,0.997695,-0.0831537,-0.0419599,0.1106
1.64341e+09,0.00891368,0.0277799,-0.0511014,0.998267,-0.0819576,-0.0452272,0.0822474
1.64341e+09,0.00415939,0.018911,-0.0403092,0.999,-0.0873639,-0.0489653,0.0548117
1.64341e+09,0.00476362,0.0234492,-0.0238925,0.999428,-0.0918747,-0.0521659,0.0375317
1.64341e+09,0.00592899,0.0287402,-0.00926181,0.999526,-0.0972416,-0.0544771,0.0359532
1.64341e+09,0.00658764,0.0331522,0.00140004,0.999428,-0.099429,-0.0479688,0.0311888
1.64341e+09,0.0035341,0.032442,0.00265353,0.999464,-0.101673,-0.0408767,0.0333877
1.64341e+09,0.00165998,0.0330933,0.00208525,0.999449,-0.107056,-0.0274005,0.0433641
1.64341e+09,-0.000972771,0.0322768,-0.000203786,0.999478,-0.110979,-0.00597864,0.0556372
1.64341e+09,-0.00178076,0.0285047,-0.00314232,0.999587,-0.116248,0.0204195,0.0709434
1.64341e+09,-0.00144473,0.0202115,-0.00223985,0.999792,-0.122933,0.0524993,0.0855249
1.64341e+09,-0.00219729,0.0159228,-0.00181487,0.999869,-0.130376,0.0887002,0.0943005
1.64341e+09,-0.00555173,0.0129495,0.0021857,0.999898,-0.139939,0.126903,0.0994031
1.64341e+09,-0.00751563,0.0137324,0.00747467,0.99985,-0.148062,0.168831,0.102451
1.64341e+09,-0.0113042,0.0123233,0.0109602,0.9998,-0.154779,0.209256,0.104205
1.64341e+09,-0.0168308,0.0113933,0.013497,0.999702,-0.159652,0.24993,0.104945
1.64341e+09,-0.0183261,0.0102593,0.0173214,0.999629,-0.16494,0.28535,0.105552
1.64341e+09,-0.0177449,0.01141,0.0230632,0.999511,-0.172046,0.314398,0.10583
1.64341e+09,-0.0167106,0.0104637,0.0263887,0.999457,-0.177016,0.33471,0.107599
1.64341e+09,-0.0163079,0.00805284,0.0255317,0.999509,-0.1799,0.349055,0.108899
1.64341e+09,-0.0154136,0.00637981,0.0230368,0.999595,-0.181943,0.356639,0.111641
1.64341e+09,-0.0158004,0.00893443,0.0217161,0.999599,-0.181117,0.356312,0.111313
1.64341e+09,-0.0153259,0.0110221,0.0209026,0.999603,-0.178533,0.343361,0.109539
1.64341e+09,-0.0119098,0.00955988,0.0193148,0.999697,-0.176727,0.316593,0.112927
1.64341e+09,-0.0130365,0.00738365,0.0197324,0.999693,-0.175807,0.276667,0.114613
1.64341e+09,-0.0161076,0.00585549,0.0158114,0.999728,-0.172794,0.228422,0.115268
1.64341e+09,-0.0162993,0.00800336,0.0124102,0.999758,-0.169571,0.171809,0.118537
1.64341e+09,-0.0214126,0.00742195,0.00831305,0.999709,-0.165126,0.11281,0.117038
1.64341e+09,-0.0242924,0.00890152,0.00325432,0.99966,-0.161264,0.0542403,0.118827
1.64341e+09,-0.0284172,0.00820442,-0.00339499,0.999557,-0.157196,-0.00406929,0.120429
1.64341e+09,-0.0347781,0.0101928,-0.0105262,0.999288,-0.156803,-0.0594248,0.119212
1.64341e+09,-0.0408707,0.00816474,-0.0178955,0.998971,-0.157875,-0.104554,0.121983
1.64341e+09,-0.0438043,0.00715674,-0.0266503,0.998659,-0.159769,-0.143917,0.12464
1.64341e+09,-0.0433302,0.00827826,-0.0373841,0.998327,-0.158962,-0.177275,0.125962
1.64341e+09,-0.0387335,0.00565155,-0.0493094,0.998016,-0.156688,-0.207535,0.13053
1.64341e+09,-0.0373419,0.00368703,-0.0620912,0.997365,-0.155831,-0.234205,0.130028
1.64341e+09,-0.0394579,0.00896916,-0.0714043,0.996626,-0.155881,-0.25592,0.124535
1.64341e+09,-0.0399896,0.0156444,-0.0788704,0.99596,-0.155298,-0.273374,0.12118
1.64341e+09,-0.0375755,0.0184174,-0.0872624,0.995306,-0.152232,-0.284369,0.118965
1.64341e+09,-0.0362791,0.0199374,-0.0920343,0.994895,-0.151462,-0.284365,0.116937
1.64341e+09,-0.0375899,0.0181008,-0.0913707,0.994943,-0.150481,-0.274169,0.121334
1.64341e+09,-0.0367586,0.0184541,-0.0888469,0.995196,-0.149179,-0.254995,0.125211
1.64341e+09,-0.0358216,0.02084,-0.0856723,0.995461,-0.147715,-0.219809,0.123537
1.64341e+09,-0.0343239,0.0232757,-0.0808662,0.995862,-0.14725,-0.177053,0.123536
1.64341e+09,-0.029611,0.0284893,-0.0718728,0.996567,-0.148967,-0.137014,0.125669
1.64341e+09,-0.0269319,0.0316102,-0.0626337,0.997172,-0.143963,-0.083136,0.121532
1.64341e+09,-0.023811,0.0309544,-0.0544517,0.997752,-0.141117,-0.034565,0.117402
1.64341e+09,-0.0214648,0.0321159,-0.0463535,0.998178,-0.139138,0.0137737,0.111725
1.64341e+09,-0.0196125,0.0352916,-0.0430721,0.998256,-0.13738,0.0610527,0.107794
1.64341e+09,-0.0160417,0.0324968,-0.0482211,0.998179,-0.131062,0.10686,0.109377
1.64341e+09,-0.0136704,0.0283276,-0.0564729,0.997909,-0.126144,0.150628,0.11107
1.64341e+09,-0.0129311,0.0261227,-0.0600744,0.997768,-0.126679,0.192301,0.113102
1.64341e+09,-0.0117941,0.0250277,-0.0595386,0.997843,-0.128479,0.231341,0.115001
1.64341e+09,-0.0123966,0.0251074,-0.0617305,0.9977,-0.127093,0.266777,0.115972
1.64341e+09,-0.0177235,0.0219298,-0.0642171,0.997538,-0.125072,0.29954,0.114521
1.64341e+09,-0.0204414,0.0166732,-0.0655206,0.997502,-0.12365,0.328057,0.11612
1.64341e+09,-0.0215701,0.0113072,-0.0670928,0.997449,-0.119892,0.351295,0.116053
1.64341e+09,-0.0185154,0.0103211,-0.0703231,0.997299,-0.119572,0.369792,0.11765
1.64341e+09,-0.011823,0.0132185,-0.0730323,0.997172,-0.12132,0.383224,0.118897
1.64341e+09,-0.00791155,0.0152596,-0.07157,0.997287,-0.125796,0.392127,0.11771
1.64341e+09,-0.00781344,0.0173,-0.0659219,0.997644,-0.132135,0.397202,0.115789
1.64341e+09,-0.00845338,0.0149508,-0.058942,0.998114,-0.137287,0.393538,0.118373
1.64341e+09,-0.0095072,0.0115053,-0.0532251,0.998471,-0.142406,0.383563,0.122222
1.64341e+09,-0.0105805,0.00888492,-0.0480196,0.998751,-0.151718,0.355012,0.127082
1.64341e+09,-0.0137991,0.00951683,-0.0459631,0.998802,-0.156701,0.317783,0.128208
1.64341e+09,-0.0191515,0.0115369,-0.0457319,0.998704,-0.163135,0.269693,0.129137
1.64341e+09,-0.0216352,0.0102168,-0.0479083,0.998565,-0.168488,0.214879,0.131278
1.64341e+09,-0.019219,0.0055924,-0.0512755,0.998484,-0.173634,0.155543,0.134538
1.64341e+09,-0.0194476,0.00233374,-0.0524113,0.998433,-0.175481,0.0934133,0.135886
1.64341e+09,-0.0224928,-0.00233811,-0.0506125,0.998462,-0.176151,0.0335562,0.136098
1.64341e+09,-0.0263176,-0.00780587,-0.0454816,0.998588,-0.177848,-0.0222499,0.136127
1.64341e+09,-0.0314219,-0.0102527,-0.0394041,0.998677,-0.178565,-0.0707892,0.135111
1.64341e+09,-0.0351663,-0.0100933,-0.0352075,0.99871,-0.179467,-0.118538,0.132733
1.64341e+09,-0.038545,-0.00662525,-0.0353883,0.998608,-0.178112,-0.157756,0.131661
1.64341e+09,-0.0410269,-0.00536914,-0.041677,0.998274,-0.176925,-0.189126,0.131633
1.64341e+09,-0.0412863,-0.00463711,-0.0497569,0.997897,-0.174312,-0.214841,0.131085
1.64341e+09,-0.0417705,-0.00368635,-0.0576293,0.997457,-0.172234,-0.235085,0.131155
1.64341e+09,-0.0412821,-0.00340582,-0.0630726,0.997149,-0.170589,-0.249537,0.132336
1.64341e+09,-0.0421791,-0.00316639,-0.066723,0.996875,-0.169861,-0.255192,0.131711
1.64341e+09,-0.0423618,-0.00111489,-0.0690778,0.996711,-0.169407,-0.250857,0.132288
1.64341e+09,-0.0409618,0.00119695,-0.0691565,0.996764,-0.168329,-0.237216,0.132519
1.64341e+09,-0.0391978,0.00724726,-0.0682757,0.99687,-0.166457,-0.210905,0.129064
1.64341e+09,-0.0346044,0.0128552,-0.0660372,0.997134,-0.163889,-0.17465,0.128894
1.64341e+09,-0.0295305,0.0160577,-0.0594108,0.997668,-0.161869,-0.130133,0.127047
1.64341e+09,-0.0253008,0.0208177,-0.0500288,0.99821,-0.159762,-0.0832705,0.12523
1.64341e+09,-0.0213335,0.0251392,-0.0404882,0.998636,-0.156189,-0.03632,0.123361
1.64341e+09,-0.0196904,0.0310773,-0.0319035,0.998814,-0.153389,0.0101676,0.119471
1.64341e+09,-0.0229439,0.0338102,-0.0261185,0.998823,-0.152494,0.0559641,0.114299
1.64341e+09,-0.0256888,0.0348528,-0.0218009,0.998824,-0.153113,0.098446,0.112933
1.64341e+09,-0.0265136,0.0307574,-0.0181864,0.99901,-0.154726,0.137933,0.11334
1.64341e+09,-0.0254576,0.0305946,-0.0165093,0.999071,-0.156076,0.171286,0.112513
1.64341e+09,-0.0223319,0.0309201,-0.0122072,0.999198,-0.158745,0.196535,0.111474
1.64341e+09,-0.0219438,0.0284634,-0.00937878,0.99931,-0.164126,0.212366,0.11106
1.64341e+09,-0.0229456,0.0267523,-0.0120219,0.999306,-0.16639,0.224808,0.109734
1.64341e+09,-0.0258037,0.0275821,-0.0199273,0.999088,-0.167637,0.228572,0.110393
1.64341e+09,-0.0291468,0.0287905,-0.0306788,0.998689,-0.161031,0.225983,0.108513
1.64341e+09,-0.0291958,0.028879,-0.0389554,0.998397,-0.150951,0.214373,0.113763
1.64341e+09,-0.0292265,0.0270609,-0.0440442,0.998235,-0.130431,0.197926,0.118313
1.64341e+09,-0.0307759,0.029882,-0.0473192,0.997958,-0.099377,0.17587,0.119193
1.64341e+09,-0.0278802,0.028737,-0.0415753,0.998333,-0.0689762,0.153891,0.123672
1.64341e+09,-0.0250198,0.021743,-0.0336509,0.998884,-0.0334552,0.13186,0.130578
1.64341e+09,-0.021838,0.0136029,-0.0325256,0.99914,0.00591504,0.114333,0.134604
1.64341e+09,-0.0171327,0.0113256,-0.0285144,0.999382,0.0440978,0.0989722,0.137075
1.64341e+09,-0.0161846,0.0112897,-0.0204625,0.999596,0.0803809,0.0864237,0.132474
1.64341e+09,-0.0153141,0.0038924,-0.0122051,0.999801,0.110901,0.0783479,0.12897
1.64341e+09,-0.0183849,-0.00497933,-0.00756771,0.99979,0.138485,0.0713631,0.123941
1.64341e+09,-0.0269485,-0.0033969,-0.00582521,0.999614,0.158182,0.0679131,0.118644
1.64341e+09,-0.0252218,0.000995265,-0.00104046,0.999681,0.170019,0.0652468,0.116355
1.64341e+09,-0.0184755,0.00259429,0.00447088,0.999816,0.175834,0.0630159,0.11509
1.64341e+09,-0.015847,0.00504958,0.00971225,0.999815,0.174091,0.065106,0.114915
1.64341e+09,-0.0116547,0.0123808,0.0151808,0.99974,0.159924,0.0691207,0.116485
1.64341e+09,-0.00941843,0.0122151,0.0179249,0.99972,0.138621,0.0736342,0.125351
1.64341e+09,-0.0101083,0.0165112,0.0198503,0.999616,0.103716,0.0815441,0.13001
1.64341e+09,-0.00702265,0.0156352,0.0307463,0.99938,0.0604346,0.0880446,0.133945
1.64341e+09,-0.00199002,0.00863511,0.0407686,0.999129,0.0149669,0.0934396,0.138817
1.64341e+09,0.00635034,0.0028817,0.0451756,0.998955,-0.0326887,0.0971202,0.143485
1.64341e+09,0.0138056,0.00460394,0.0488019,0.998702,-0.0751507,0.0948947,0.146919
1.64341e+09,0.012814,0.000455775,0.0468599,0.998819,-0.118461,0.0941577,0.145235
1.64341e+09,0.00897753,-0.00537837,0.0410777,0.999101,-0.160902,0.0937375,0.143281
1.64341e+09,0.0080859,-0.00530837,0.0297494,0.999511,-0.200369,0.092758,0.142666
1.64341e+09,0.00874621,0.000405134,0.0126728,0.999881,-0.234212,0.0927406,0.138665
1.64341e+09,0.00992654,-0.00120078,-0.00574397,0.999934,-0.268879,0.0923117,0.140078
1.64341e+09,0.00785681,-0.00615881,-0.0252151,0.999632,-0.295467,0.0910806,0.139676
1.64341e+09,0.00245566,-0.00677098,-0.0456456,0.998932,-0.316991,0.0919858,0.133862
1.64341e+09,0.00117107,-0.00668031,-0.060804,0.998127,-0.329676,0.0942918,0.131729
1.64341e+09,-0.000699592,-0.00707286,-0.0668674,0.997737,-0.334394,0.0971254,0.128463
1.64341e+09,-0.00265544,-0.00565463,-0.0606304,0.998141,-0.332256,0.102621,0.128118
1.64341e+09,-0.00425957,-0.00133851,-0.0457782,0.998942,-0.321568,0.107509,0.127904
1.64341e+09,-0.00518626,0.00205802,-0.0323557,0.999461,-0.299193,0.113104,0.128521
1.64341e+09,-0.00494499,0.00283341,-0.022553,0.999729,-0.264881,0.116465,0.129762
1.64341e+09,-0.0105742,0.00211687,-0.0137278,0.999848,-0.222045,0.119956,0.131427
1.64341e+09,-0.0162091,0.000522439,-0.00239328,0.999866,-0.176074,0.12255,0.133941
1.64341e+09,-0.0197623,-0.00531149,0.00977913,0.999743,-0.128547,0.123408,0.13859
1.64341e+09,-0.0202574,-0.0104859,0.0216617,0.999505,-0.081639,0.119383,0.142196
1.64341e+09,-0.0235051,-0.0147944,0.0283835,0.999211,-0.0340562,0.115804,0.142728
1.64341e+09,-0.0297673,-0.0177541,0.0316896,0.998897,0.014637,0.113083,0.138237
1.64341e+09,-0.0382236,-0.0181675,0.034758,0.998499,0.0570078,0.111958,0.131858
1.64341e+09,-0.0419384,-0.0254553,0.0354011,0.998168,0.0929939,0.110854,0.125454
1.64341e+09,-0.0392084,-0.0297636,0.0288098,0.998372,0.127435,0.109033,0.120296
1.64341e+09,-0.0349862,-0.0298985,0.0210702,0.998718,0.153532,0.106323,0.115785
1.64341e+09,-0.0329344,-0.0297668,0.0163425,0.99888,0.169451,0.104243,0.111884
1.64341e+09,-0.0304755,-0.0260307,0.0191562,0.999013,0.172748,0.102515,0.105136
1.64341e+09,-0.0236003,-0.0242046,0.0253564,0.999107,0.16175,0.103063,0.10727
1.64341e+09,-0.0145619,-0.023873,0.0347751,0.999004,0.144409,0.104551,0.11693
1.64341e+09,-0.0089872,-0.0235932,0.0435062,0.998734,0.101649,0.107623,0.12379
1.64341e+09,-0.0139295,-0.017619,0.0457018,0.998703,0.0577872,0.11178,0.133062
1.64341e+09,-0.0171166,-0.0152458,0.0439954,0.998769,0.00999669,0.114508,0.141582
1.64341e+09,-0.0166964,-0.0185039,0.0394096,0.998912,-0.037928,0.115456,0.145435
1.64341e+09,-0.0146257,-0.0255784,0.0342075,0.99898,-0.0893161,0.114395,0.148072
1.64341e+09,-0.00950365,-0.0343119,0.019958,0.999167,-0.134658,0.113712,0.152054
1.64341e+09,-0.00862148,-0.0398824,0.00580895,0.99915,-0.182029,0.113177,0.155317
1.64341e+09,-0.00937684,-0.0349502,-0.00591395,0.999328,-0.225092,0.112233,0.156248
1.64341e+09,-0.00671392,-0.0288808,-0.0184081,0.999391,-0.266101,0.110639,0.15662
1.64341e+09,-0.00660949,-0.023642,-0.0345318,0.999102,-0.297552,0.107902,0.151136
1.64341e+09,-0.00894954,-0.0149039,-0.0526126,0.998464,-0.320425,0.105459,0.147252
1.64341e+09,-0.00858297,-0.0091734,-0.0642232,0.997856,-0.339559,0.102824,0.144459
1.64341e+09,-0.00723446,-0.00176023,-0.0731833,0.997291,-0.353212,0.101049,0.140046
1.64341e+09,-0.00615929,0.0022166,-0.074463,0.997202,-0.358885,0.100067,0.139311
1.64341e+09,-0.0081609,0.00810126,-0.068616,0.997577,-0.355255,0.102392,0.135071
1.64341e+09,-0.0131178,0.0176646,-0.0586576,0.998036,-0.339232,0.106035,0.13274
1.64341e+09,-0.0178437,0.0218365,-0.0476848,0.998464,-0.312655,0.109893,0.131334
1.64341e+09,-0.023594,0.0228488,-0.0368638,0.99878,-0.271477,0.115074,0.130582
1.64341e+09,-0.028614,0.0183891,-0.0274763,0.999044,-0.222001,0.118992,0.13373
1.64341e+09,-0.0356008,0.00249002,-0.0195217,0.999172,-0.167023,0.120085,0.137467
1.64341e+09,-0.0349541,-0.0106017,-0.0129118,0.999249,-0.110631,0.120389,0.148821
1.64341e+09,-0.0326628,-0.0223279,-0.00506257,0.999204,-0.05591,0.119966,0.158363
1.64341e+09,-0.0392607,-0.0295822,0.000215457,0.998791,-0.0033522,0.118349,0.157948
1.64341e+09,-0.0428481,-0.0274959,0.00747189,0.998675,0.0489727,0.111868,0.149615
1.64341e+09,-0.0427581,-0.0218089,0.0129568,0.998763,0.093724,0.105298,0.139584
1.64341e+09,-0.0393874,-0.0222767,0.0111787,0.998913,0.129272,0.0998691,0.136249
1.64341e+09,-0.0340806,-0.0283995,0.00910111,0.998974,0.153131,0.0955793,0.137809
1.64341e+09,-0.0290682,-0.0284949,0.00523897,0.999157,0.177086,0.0918462,0.13641
1.64341e+09,-0.0255771,-0.0319434,0.0010771,0.999162,0.185872,0.0903685,0.141305
1.64341e+09,-0.0196126,-0.0309555,-0.00151764,0.999327,0.180409,0.0930391,0.143082
1.64341e+09,-0.0142316,-0.0276748,0.00585075,0.999499,0.155046,0.0965207,0.14476
1.64341e+09,-0.0114714,-0.0229414,0.0188341,0.999494,0.116,0.099616,0.144597
1.64341e+09,-0.0139977,-0.0176364,0.0266211,0.999392,0.0697118,0.103191,0.140882
1.64341e+09,-0.015443,-0.00993677,0.0268701,0.99947,0.0249163,0.104527,0.141274
1.64341e+09,-0.0124458,-0.0114394,0.0220181,0.999615,-0.0162954,0.104769,0.13873
1.64341e+09,-0.0115697,-0.0171247,0.0177285,0.999629,-0.0596271,0.102846,0.134411
1.64341e+09,-0.00667752,-0.0169537,0.00891746,0.999794,-0.0964354,0.0995837,0.132847
1.64341e+09,-0.0010572,-0.0151419,1.42978e-05,0.999885,-0.135876,0.0962928,0.130399
1.64341e+09,0.000530967,-0.0129637,-0.00239536,0.999913,-0.173625,0.0934032,0.127524
1.64341e+09,0.00361986,-0.00816051,-0.00826717,0.999926,-0.204654,0.0923866,0.121633
1.64341e+09,0.00587016,-0.00448053,-0.0171273,0.999826,-0.236515,0.0922987,0.120045
1.64341e+09,0.00545064,-0.00194228,-0.0282818,0.999583,-0.263262,0.0930786,0.118159
1.64341e+09,0.00498382,0.00122788,-0.0400218,0.999186,-0.282809,0.0948561,0.115625
1.64341e+09,0.00359435,0.00314088,-0.0479626,0.998838,-0.296366,0.0961067,0.113457
1.64341e+09,0.00295481,0.00321632,-0.0554932,0.99845,-0.299505,0.0972341,0.11078
1.64341e+09,0.00296527,0.00271377,-0.0562522,0.998409,-0.296856,0.0977533,0.108506
1.64341e+09,0.00214094,0.00224032,-0.0498931,0.99875,-0.294724,0.100263,0.107974
1.64341e+09,0.00104027,0.00109703,-0.0419516,0.999118,-0.283525,0.103718,0.107028
1.64341e+09,-0.000399998,0.0015779,-0.0342868,0.999411,-0.265572,0.107023,0.105321
1.64341e+09,-0.00122677,0.000898666,-0.0288155,0.999584,-0.243339,0.108797,0.103699
1.64341e+09,0.000411118,-0.00117984,-0.0235007,0.999723,-0.217937,0.109575,0.103998
1.64341e+09,0.00327557,-0.00604664,-0.0136247,0.999884,-0.194211,0.107151,0.108744
1.64341e+09,0.000452192,-0.00896215,-0.00322445,0.999955,-0.178271,0.105161,0.110931
1.64341e+09,-0.00162152,-0.00906018,0.00579374,0.999941,-0.154996,0.102309,0.109947
1.64341e+09,-0.00183868,-0.00811533,0.011688,0.999897,-0.136308,0.0993216,0.109847
1.64341e+09,-0.00168038,-0.00666701,0.0146402,0.999869,-0.117956,0.0964723,0.110593
1.64341e+09,-0.00199501,-0.00401607,0.0184706,0.999819,-0.107123,0.0943045,0.110915
1.64341e+09,-0.00280271,-0.000875204,0.0241615,0.999704,-0.100071,0.0922991,0.109431
1.64341e+09,-0.00121261,0.00232455,0.0265647,0.999644,-0.0946445,0.0894198,0.107911
1.64341e+09,0.000768523,0.00519981,0.0270758,0.99962,-0.0904817,0.0878962,0.106614
1.64341e+09,0.00308824,0.00783794,0.0269929,0.9996,-0.0877323,0.0876575,0.107037
1.64341e+09,0.00718395,0.0144899,0.02665,0.999514,-0.0851992,0.0874587,0.117214
1.64341e+09,0.00955478,0.0201001,0.0254999,0.999427,-0.0812846,0.0893316,0.139492
1.64341e+09,0.00434455,0.0145466,0.0237381,0.999603,-0.0776121,0.0898689,0.170361
1.64341e+09,-0.00368564,0.00189539,0.0237554,0.999709,-0.0791654,0.0891013,0.213833
1.64341e+09,-0.0112007,-0.00731882,0.0267742,0.999552,-0.0838755,0.0886354,0.256113
1.64341e+09,-0.0171496,0.00347459,0.0277284,0.999462,-0.0871536,0.0880853,0.293451
1.64341e+09,-0.0192186,0.00614201,0.0237295,0.999515,-0.0882266,0.0883764,0.325613
1.64341e+09,-0.0202907,-0.000451473,0.0231062,0.999527,-0.0933206,0.0868705,0.349594
1.64341e+09,-0.0227223,0.00664285,0.0247232,0.999414,-0.0945513,0.0842235,0.370516
1.64341e+09,-0.027113,-0.0028264,0.0239469,0.999342,-0.0959647,0.0820497,0.386124
1.64341e+09,-0.0304245,-0.00835294,0.0210573,0.99928,-0.0980547,0.0803022,0.386123
1.64341e+09,-0.0291799,0.00425493,0.0170314,0.99942,-0.0987092,0.0787858,0.372272
1.64341e+09,-0.0236348,0.0153415,0.0136184,0.99951,-0.0999106,0.0772787,0.348398
1.64341e+09,-0.0140991,0.0198281,0.0104965,0.999649,-0.0996443,0.0747822,0.322472
1.64341e+09,-0.00234337,0.023286,0.00559605,0.99971,-0.09722,0.0720276,0.295012
1.64341e+09,0.00545658,0.0271699,-0.00074176,0.999616,-0.0942769,0.0698887,0.257211
1.64341e+09,0.0054904,0.0265042,-0.0065986,0.999612,-0.0899392,0.0691947,0.218452
1.64341e+09,0.00361804,0.021783,-0.0104087,0.999702,-0.0889405,0.0704584,0.178073
1.64341e+09,0.0047093,0.016901,-0.0156844,0.999723,-0.0838975,0.0700001,0.143624
1.64341e+09,0.00277407,0.00884586,-0.0232609,0.999686,-0.0782355,0.0695792,0.111584
1.64341e+09,-0.00282759,0.00276353,-0.0296259,0.999553,-0.0712958,0.069468,0.082365
1.64341e+09,-0.00704117,0.00697989,-0.0312278,0.999463,-0.0671841,0.0681598,0.0608016
1.64341e+09,-0.00121642,0.0110909,-0.0305886,0.99947,-0.0638729,0.0660122,0.046619
1.64341e+09,0.00375156,0.0169139,-0.031488,0.999354,-0.0613866,0.0635583,0.0333515
1.64341e+09,0.00621644,0.0234459,-0.0307095,0.999234,-0.0597533,0.0615621,0.0268599
1.64341e+09,0.00654586,0.0251105,-0.03023,0.999206,-0.059807,0.0599228,0.0304358
1.64341e+09,0.00491088,0.0257934,-0.0305075,0.99919,-0.0603743,0.0580045,0.0491506
1.64341e+09,0.00316405,0.0288132,-0.031337,0.999088,-0.0598905,0.057094,0.0780243
1.64341e+09,0.000288653,0.0345547,-0.0338753,0.998828,-0.0597691,0.0562855,0.106836
1.64341e+09,-0.0019618,0.0410634,-0.037492,0.998451,-0.0574579,0.056611,0.150672
1.64341e+09,-0.00113754,0.0410212,-0.0401947,0.998349,-0.0557944,0.0556751,0.195055
1.64341e+09,-0.00428599,0.0309118,-0.0373307,0.998816,-0.0549069,0.0531261,0.235232
1.64341e+09,-0.00851552,0.0263684,-0.0337751,0.999045,-0.0545166,0.0520638,0.268932
1.64341e+09,-0.00831332,0.0311578,-0.0296063,0.999041,-0.0530521,0.0491005,0.302859
1.64341e+09,-0.0110334,0.0270356,-0.0286795,0.999162,-0.0492986,0.0447264,0.337757
1.64341e+09,-0.0148103,0.0198661,-0.0286404,0.999283,-0.045649,0.0410327,0.368374
1.64341e+09,-0.0201542,0.0154709,-0.0247621,0.99937,-0.0472957,0.0387682,0.393395
1.64341e+09,-0.0262137,0.0141979,-0.021542,0.999323,-0.0496115,0.0375408,0.39934
1.64341e+09,-0.0271156,0.016049,-0.0246029,0.999201,-0.0488346,0.0377993,0.396228
1.64341e+09,-0.0235324,0.0169194,-0.0284148,0.999176,-0.0465269,0.0375967,0.382427
1.64341e+09,-0.0152542,0.0203773,-0.0316502,0.999175,-0.0456228,0.0370017,0.357093
1.64341e+09,-0.0035243,0.0308476,-0.035866,0.998874,-0.0424339,0.0352081,0.325761
1.64341e+09,0.0014352,0.0395234,-0.0401792,0.998409,-0.0400312,0.0353099,0.283269
1.64341e+09,0.00429653,0.0468539,-0.0432777,0.997955,-0.0367137,0.0342938,0.24342
1.64341e+09,0.00426598,0.0370857,-0.0479979,0.99815,-0.0326876,0.033385,0.209812
1.64341e+09,0.00234722,0.0198726,-0.0494019,0.998578,-0.030231,0.0327857,0.180139
1.64341e+09,-0.00282873,0.00707034,-0.0485421,0.998792,-0.0277717,0.0333591,0.14833
1.64341e+09,-0.00575556,0.00467076,-0.0430217,0.999047,-0.0267826,0.0353632,0.117872
1.64341e+09,-0.0054881,0.00713512,-0.0324672,0.999432,-0.0247997,0.0354455,0.0917665
1.64341e+09,-0.00307555,0.0072435,-0.0223083,0.99972,-0.0221323,0.0337237,0.0706497
1.64341e+09,-0.00301403,0.00660193,-0.0112306,0.999911,-0.0217646,0.0304115,0.0494604
1.64341e+09,-0.00232593,0.00752064,-0.00223897,0.999967,-0.0180457,0.0259979,0.032731
1.64341e+09,-0.0017657,0.00461828,0.0021786,0.999985,-0.015715,0.0203009,0.0233046
1.64341e+09,-0.00416471,0.00632183,0.00344208,0.999965,-0.00971428,0.0174791,0.0101841
1.64341e+09,-0.00521424,0.0107001,0.00322988,0.999924,-0.00645017,0.0137595,0.00489268
1.64341e+09,-0.00293103,0.0128854,0.00379537,0.999905,-0.00367236,0.0110074,0.000531609
1.64341e+09,-0.000157893,0.0150854,0.00552673,0.999871,-0.00161042,0.00869716,-0.00499712
1.64341e+09,0.00158688,0.0152464,0.00740749,0.999855,-0.000364199,0.00608737,-0.00864207
1.64341e+09,0.00322429,0.0165942,0.0079812,0.999825,0.00107282,0.00413074,-0.0127568
1.64341e+09,0.00439439,0.0164498,0.00759351,0.999826,0.00217316,0.00266708,-0.0137173
1.64341e+09,0.00502357,0.0158283,0.00589292,0.999845,0.00225136,0.0024543,-0.0166483
1.64341e+09,0.005863,0.0174987,0.00399809,0.999822,0.00326494,0.00136459,-0.0174826
1.64341e+09,0.0061457,0.0198856,0.00261168,0.99978,0.0032626,0.00161247,-0.0242947
1.64341e+09,0.0067146,0.0201385,0.000991383,0.999774,0.00319688,0.00104306,-0.0253547
1.64341e+09,0.00652647,0.0214526,-0.000852977,0.999748,0.00420133,0.000402238,-0.0256444
1.64341e+09,0.00416283,0.0200058,-0.00112479,0.999791,0.00335164,0.00133035,-0.0305432
1.64341e+09,0.00516082,0.0190046,-0.0016528,0.999805,0.00376275,0.00125957,-0.0336577
1.64341e+09,0.00458356,0.0140144,-0.00292011,0.999887,0.00446091,0.000491078,-0.0287194
1.64341e+09,0.00387448,0.00311651,-0.00374534,0.999981,0.00322562,0.000367492,-0.0299003
1.64341e+09,0.0035878,3.88797e-05,-0.0040298,0.999985,0.00171103,-0.000322869,-0.0307659
1.64341e+09,0.0031428,-0.00123758,-0.0036606,0.999988,0.00203844,0.00044802,-0.0311907
1.64341e+09,0.00250304,-0.0029648,-0.0032744,0.999987,0.000870424,0.00241238,-0.0320293
1.64341e+09,0.00244602,-0.00367095,-0.00324217,0.999985,0.00214794,0.00303651,-0.0340712
1.64341e+09,0.00251976,-0.00352602,-0.00322425,0.999985,0.00206584,0.00244385,-0.0338037
1.64341e+09,0.00256481,-0.00358947,-0.00317563,0.999985,0.00198583,0.00228321,-0.0347468
1.64341e+09,0.00259418,-0.00354321,-0.00317786,0.999985,0.00240262,0.00266432,-0.0342212
1.64341e+09,0.00258296,-0.00372958,-0.00325065,0.999984,0.00172046,0.00215854,-0.0346238
1.64341e+09,0.00254054,-0.00367394,-0.0032241,0.999985,0.0019353,0.0025766,-0.0337492
1.64341e+09,0.00259229,-0.00371829,-0.00322769,0.999985,0.00208757,0.00267644,-0.0346332
1.64341e+09,0.00252494,-0.00368236,-0.00322185,0.999985,0.00126502,0.00255215,-0.0340084
1.64341e+09,0.00258553,-0.00363847,-0.00323158,0.999985,0.00234694,0.00271147,-0.0349501
1.64341e+09,0.00253581,-0.00369609,-0.00323457,0.999985,0.00230261,0.00237608,-0.0340294
1.64341e+09,0.00248793,-0.0036355,-0.00321199,0.999985,0.00158241,0.00259941,-0.0338186
1.64341e+09,0.00260924,-0.00365937,-0.00323317,0.999985,0.00202925,0.00236821,-0.0346404
1.64341e+09,0.00259706,-0.00365312,-0.00324231,0.999985,0.00204529,0.00231986,-0.0346111
1.64341e+09,0.00250563,-0.00374141,-0.00322036,0.999985,0.00245494,0.00228242,-0.0339535
1.64341e+09,0.00256467,-0.00368501,-0.00324684,0.999985,0.00269132,0.00229583,-0.03423
1.64341e+09,0.00253443,-0.00371219,-0.0032285,0.999985,0.00164755,0.00264237,-0.034103
1.64341e+09,0.00253785,-0.00376319,-0.00322938,0.999984,0.00261973,0.00248716,-0.0342151
1.64341e+09,0.0025695,-0.00372479,-0.00323116,0.999985,0.00135528,0.00263632,-0.0343685
1.64341e+09,0.0025903,-0.00374842,-0.00324363,0.999984,0.00225812,0.00242316,-0.0347527
1.64341e+09,0.00252199,-0.00370154,-0.0031771,0.999985,0.00273372,0.00255476,-0.0342544
1.64341e+09,0.00248323,-0.0037408,-0.00324671,0.999985,0.00163334,0.00216276,-0.0335051
1.64341e+09,0.00255314,-0.00379148,-0.00324473,0.999984,0.00222205,0.00268411,-0.0346061
1.64341e+09,0.00254897,-0.00384827,-0.00324453,0.999984,0.00230923,0.00266814,-0.0347801
1.64341e+09,0.00250955,-0.00390964,-0.00324744,0.999984,0.0013227,0.00274507,-0.0346501
1.64341e+09,0.00264056,-0.00376132,-0.00332056,0.999984,0.00234227,0.00311026,-0.0354333
1.64341e+09,0.0026381,-0.00379338,-0.00335369,0.999984,0.00251732,0.00305529,-0.0355019
1.64341e+09,0.00253918,-0.00397737,-0.00315157,0.999984,0.00207054,0.00298006,-0.0349212
1.64341e+09,0.00254074,-0.00390706,-0.00325321,0.999984,0.00191405,0.00284404,-0.0348984
1.64341e+09,0.00253541,-0.0038767,-0.00326102,0.999984,0.00187394,0.00283156,-0.0347951
1.64341e+09,0.00251101,-0.00389144,-0.00326427,0.999984,0.00187966,0.0028925,-0.0348693
1.64341e+09,0.00248402,-0.00397636,-0.00324374,0.999984,0.00256715,0.00251476,-0.0342968
1.64341e+09,0.00255786,-0.00382115,-0.00324527,0.999984,0.00193727,0.00282778,-0.0349076
1.64341e+09,0.00261779,-0.00381215,-0.00323441,0.999984,0.00265883,0.00276819,-0.0342762
1.64341e+09,0.00248796,-0.00395159,-0.00326113,0.999984,0.00165806,0.00256632,-0.0347162
1.64341e+09,0.00255242,-0.00387444,-0.00323569,0.999984,0.00262886,0.00270571,-0.034678
1.64341e+09,0.00252026,-0.00385937,-0.00330217,0.999984,0.00166116,0.00289483,-0.0344204
1.64341e+09,0.00248122,-0.0039306,-0.0032144,0.999984,0.00258384,0.00271101,-0.0343575
1.64341e+09,0.00252419,-0.00384063,-0.00325012,0.999984,0.00227929,0.00280383,-0.0341527
1.64341e+09,0.00253813,-0.0039111,-0.00326587,0.999984,0.0027292,0.0028387,-0.0345256
1.64341e+09,0.00254367,-0.00388824,-0.00328139,0.999984,0.00270868,0.00289759,-0.0344565
1.64341e+09,0.00253389,-0.00388725,-0.00322943,0.999984,0.0019035,0.00238829,-0.0342225
1.64341e+09,0.00255948,-0.00389044,-0.00324386,0.999984,0.00202641,0.00244716,-0.034146
1.64341e+09,0.0025422,-0.00390185,-0.0032608,0.999984,0.00208741,0.00241165,-0.0340746
1.64341e+09,0.00250195,-0.00399854,-0.00325546,0.999984,0.00221824,0.0027951,-0.0349642
1.64341e+09,0.00252087,-0.00396324,-0.00328131,0.999984,0.00210732,0.00278331,-0.0349911
1.64341e+09,0.00251822,-0.00390081,-0.00329834,0.999984,0.00195205,0.00291249,-0.0346158
1.64341e+09,0.00255416,-0.00392303,-0.00329911,0.999984,0.00184591,0.00284831,-0.0347877
1.64341e+09,0.0026063,-0.0039315,-0.00320725,0.999984,0.0027191,0.00319978,-0.0348564
1.64341e+09,0.00253297,-0.00389593,-0.00328909,0.999984,0.00184365,0.00284852,-0.034542
1.64341e+09,0.00253281,-0.00390449,-0.00330608,0.999984,0.00182786,0.00294599,-0.0346855
1.64341e+09,0.002617,-0.00397205,-0.00323347,0.999983,0.00158171,0.00234575,-0.0350239
1.64341e+09,0.00253925,-0.00385787,-0.00328915,0.999984,0.0016237,0.00312729,-0.0345078
