1.61859e+09,-0.00101037,0.00676929,-0.0019575,0.999975,0.00899484,0.00208264,-0.0202747
1.61859e+09,-0.00203834,0.00491516,-0.00460043,0.999975,0.000335765,0.00678215,-0.0135034
1.61859e+09,-0.00255317,0.00338086,-0.00816671,0.999958,-0.00175108,0.0105225,0.0338322
1.61859e+09,-0.00336281,0.00829329,-0.0118373,0.99989,0.000421938,0.00848642,0.0611242
1.61859e+09,-0.00360202,-0.00147442,-0.0167182,0.999853,-0.0164063,0.000374971,0.103289
1.61859e+09,-0.000619243,-0.0229516,-0.0270467,0.99937,-0.0103222,0.000993369,0.156388
1.61859e+09,-0.00249588,-0.020109,-0.0381187,0.999068,-0.0168497,0.00135204,0.206711
1.61859e+09,-0.0023478,-0.0131678,-0.0502882,0.998645,-0.0157036,-5.98527e-05,0.265681
1.61859e+09,-4.98327e-05,-0.0158909,-0.0562205,0.998292,-0.0121127,-0.00484854,0.310979
1.61859e+09,0.00198966,-0.0259363,-0.0554674,0.998122,-0.0120251,-0.00472081,0.337531
1.61859e+09,-0.0010856,-0.0523156,-0.052289,0.99726,-0.0227752,-0.000477162,0.374458
1.61859e+09,-0.00488863,-0.0725385,-0.0492012,0.996139,-0.0314646,0.00355357,0.43475
1.61859e+09,-0.0068593,-0.0815653,-0.0465793,0.995555,-0.0366564,0.00696714,0.478636
1.61859e+09,-0.00769768,-0.0896662,-0.0417571,0.995066,-0.0391391,0.00758624,0.503229
1.61859e+09,-0.00701581,-0.0943631,-0.0347933,0.994905,-0.0391995,0.013885,0.515299
1.61859e+09,-0.00774382,-0.0907233,-0.0299492,0.995396,-0.0406134,0.0243663,0.539819
1.61859e+09,-0.00925492,-0.0767037,-0.0279978,0.996618,-0.0323878,0.0319714,0.551147
1.61859e+09,-0.0117624,-0.0578409,-0.02761,0.997875,-0.0253723,0.034392,0.549928
1.61859e+09,-0.0174662,-0.0461624,-0.0268305,0.998421,-0.0174852,0.0381256,0.526999
1.61859e+09,-0.0313118,-0.0427621,-0.0268901,0.998232,-0.0126595,0.0457441,0.533227
1.61859e+09,-0.0597415,-0.0403745,-0.0292627,0.996968,-0.0112658,0.0544104,0.545718
1.61859e+09,-0.102131,-0.0388408,-0.0335452,0.993446,-0.0117254,0.0649929,0.558018
1.61859e+09,-0.149504,-0.0399905,-0.0376436,0.987235,-0.00938221,0.071193,0.532394
1.61859e+09,-0.197198,-0.0442513,-0.0401314,0.978542,-0.0113989,0.0772206,0.524335
1.61859e+09,-0.245422,-0.0425797,-0.0413586,0.967597,-0.0153749,0.0785317,0.513119
1.61859e+09,-0.289979,-0.0333349,-0.0433614,0.955469,-0.0196541,0.0745651,0.493712
1.61859e+09,-0.328061,-0.0313595,-0.045662,0.943031,-0.0129618,0.0712383,0.452219
1.61859e+09,-0.362952,-0.0350317,-0.0428449,0.930163,-0.012124,0.0648051,0.437962
1.61859e+09,-0.395028,-0.0333049,-0.0404258,0.917175,-0.0106228,0.0652824,0.424855
1.61859e+09,-0.426349,-0.0224621,-0.0411618,0.903343,-0.0100204,0.0626629,0.412565
1.61859e+09,-0.453425,-0.0169378,-0.0392322,0.89027,-0.0097973,0.044054,0.389238
1.61859e+09,-0.473836,-0.0189611,-0.0352016,0.879705,-0.0112331,0.0479095,0.379639
1.61859e+09,-0.490509,-0.0162196,-0.0336404,0.870635,-0.0166591,0.043435,0.369767
1.61859e+09,-0.49961,-0.0113237,-0.0337683,0.865518,-0.0220609,0.0406136,0.360926
1.61859e+09,-0.502371,-0.00975974,-0.0341885,0.863921,-0.024075,0.0309143,0.348887
1.61859e+09,-0.501686,-0.00961407,-0.0340538,0.864326,-0.0249776,0.031556,0.347528
1.61859e+09,-0.499381,-0.00844392,-0.0342413,0.865664,-0.0260642,0.02827,0.343219
1.61859e+09,-0.496489,-0.00890463,-0.0335063,0.867351,-0.0265567,0.0264786,0.339661
1.61859e+09,-0.490369,-0.0107228,-0.0314608,0.870881,-0.0277851,0.0312622,0.339809
1.61859e+09,-0.483203,-0.0110791,-0.0302536,0.874915,-0.0288967,0.0320688,0.337845
1.61859e+09,-0.474772,-0.0108232,-0.0305363,0.879512,-0.0289462,0.0334946,0.334476
1.61859e+09,-0.46119,-0.0140333,-0.0313573,0.886636,-0.0261487,0.0285945,0.325783
1.61859e+09,-0.441937,-0.0220242,-0.0303725,0.896261,-0.0240467,0.0266368,0.32254
1.61859e+09,-0.413344,-0.0302918,-0.0318792,0.909513,-0.0206535,0.0340778,0.31885
1.61859e+09,-0.372868,-0.0397773,-0.0355919,0.926348,-0.015093,0.0340727,0.316787
1.61859e+09,-0.325432,-0.0472565,-0.0392566,0.943568,-0.00971881,0.0428546,0.330319
1.61859e+09,-0.279237,-0.059838,-0.0415425,0.957455,-0.00420365,0.0491494,0.334214
1.61859e+09,-0.229727,-0.0786097,-0.0434323,0.969102,-0.00192383,0.0591476,0.350756
1.61859e+09,-0.174347,-0.0923853,-0.0464718,0.979239,-0.00175492,0.0650467,0.373547
1.61859e+09,-0.114277,-0.0984618,-0.049274,0.987329,-0.00156655,0.0648967,0.387613
1.61859e+09,-0.0516531,-0.103454,-0.0507098,0.991997,-0.00546616,0.0645341,0.417909
1.61859e+09,0.0115778,-0.101432,-0.0508581,0.993474,-0.0107976,0.0601632,0.462342
1.61859e+09,0.0714417,-0.0930644,-0.0486264,0.991903,-0.0128556,0.045982,0.492841
1.61859e+09,0.128457,-0.0885897,-0.0430397,0.986812,-0.0177228,0.0288514,0.510936
1.61859e+09,0.180312,-0.0857544,-0.0359436,0.979205,-0.0200761,0.0194893,0.49822
1.61859e+09,0.226987,-0.088971,-0.0318507,0.969302,-0.0174499,0.0246387,0.47116
1.61859e+09,0.274608,-0.0977535,-0.0318644,0.956044,-0.0175067,0.0237513,0.459014
1.61859e+09,0.323032,-0.101788,-0.0336837,0.940295,-0.0229456,0.00103768,0.476904
1.61859e+09,0.366981,-0.102411,-0.0353438,0.923898,-0.0243982,-0.0171049,0.48067
1.61859e+09,0.401118,-0.105703,-0.0364468,0.909177,-0.0246945,-0.0289975,0.477796
1.61859e+09,0.423309,-0.109925,-0.0364539,0.898553,-0.0300158,-0.0411024,0.479148
1.61859e+09,0.437834,-0.112966,-0.0350564,0.891241,-0.0329959,-0.0443071,0.477764
1.61859e+09,0.448635,-0.117624,-0.0343804,0.885274,-0.0369825,-0.0527529,0.482038
1.61859e+09,0.453075,-0.121954,-0.0350425,0.882396,-0.044081,-0.0630791,0.491012
1.61859e+09,0.449569,-0.122511,-0.035895,0.884076,-0.0466879,-0.063144,0.494687
1.61859e+09,0.442112,-0.118374,-0.0365886,0.888362,-0.0450685,-0.0570721,0.49507
1.61859e+09,0.433793,-0.109448,-0.0350432,0.893654,-0.0425173,-0.0542983,0.493782
1.61859e+09,0.424915,-0.10109,-0.0323594,0.898989,-0.0408674,-0.0520009,0.494259
1.61859e+09,0.410237,-0.0965517,-0.0312822,0.906314,-0.0401125,-0.0439959,0.502777
1.61859e+09,0.378913,-0.0917594,-0.030213,0.920376,-0.0435822,-0.0418061,0.520628
1.61859e+09,0.333008,-0.0859147,-0.0307851,0.938497,-0.0469682,-0.0327975,0.541843
1.61859e+09,0.275748,-0.0799789,-0.0338467,0.957299,-0.0463118,-0.0153035,0.550889
1.61859e+09,0.212471,-0.0799414,-0.0397719,0.97308,-0.0452992,0.00361971,0.562308
1.61859e+09,0.14007,-0.0805031,-0.0466999,0.985758,-0.0466929,0.0214604,0.572473
1.61859e+09,0.0662592,-0.0803438,-0.0538712,0.993102,-0.048487,0.0404161,0.574689
1.61859e+09,-0.00350366,-0.0818448,-0.0595172,0.99486,-0.0479147,0.055088,0.564582
1.61859e+09,-0.0646906,-0.0817652,-0.0626345,0.992576,-0.0478179,0.0690086,0.559618
1.61859e+09,-0.120586,-0.0745365,-0.0649206,0.98777,-0.045174,0.0810594,0.562208
1.61859e+09,-0.173101,-0.0634061,-0.0662132,0.980628,-0.0399451,0.0876176,0.550462
1.61859e+09,-0.226188,-0.0523271,-0.0658086,0.970448,-0.0356421,0.0883901,0.525254
1.61859e+09,-0.277863,-0.048717,-0.063063,0.95731,-0.0304102,0.0921285,0.501271
1.61859e+09,-0.32756,-0.0494345,-0.0574649,0.941785,-0.0297915,0.100121,0.486927
1.61859e+09,-0.37556,-0.0425937,-0.0538069,0.924254,-0.0296754,0.0946007,0.461838
1.61859e+09,-0.418688,-0.0364818,-0.0515284,0.905933,-0.0305457,0.0789513,0.433429
1.61859e+09,-0.453193,-0.0331049,-0.0497473,0.889407,-0.0300192,0.0726197,0.418499
1.61859e+09,-0.482881,-0.0295585,-0.045617,0.873998,-0.0332542,0.0567023,0.409561
1.61859e+09,-0.512224,-0.025968,-0.0380223,0.857617,-0.0400516,0.0495692,0.399416
1.61859e+09,-0.532468,-0.0214231,-0.0329232,0.845538,-0.0435246,0.0453794,0.377975
1.61859e+09,-0.539018,-0.0182866,-0.0321661,0.841481,-0.0450275,0.0455798,0.358734
1.61859e+09,-0.537497,-0.0152647,-0.0306239,0.842571,-0.046151,0.0302041,0.352197
1.61859e+09,-0.538604,-0.00391254,-0.0305072,0.841997,-0.045826,0.0492683,0.357689
1.61859e+09,-0.53844,-0.00101236,-0.0302473,0.84212,-0.0439967,0.0206716,0.330351
1.61859e+09,-0.526753,-0.0139144,-0.0269423,0.849477,-0.0373196,0.0195412,0.312533
1.61859e+09,-0.501914,-0.0252162,-0.0305097,0.864011,-0.0327952,0.0496515,0.315485
1.61859e+09,-0.466571,-0.0305133,-0.0415965,0.882978,-0.0247514,0.0722177,0.321766
1.61859e+09,-0.419818,-0.0351874,-0.0563499,0.905174,-0.0135942,0.0532583,0.310695
1.61859e+09,-0.359614,-0.0498878,-0.0656542,0.929451,-0.00429131,0.0502226,0.315417
1.61859e+09,-0.291583,-0.0603671,-0.0725389,0.951879,0.00349488,0.0566263,0.334509
1.61859e+09,-0.222556,-0.0679445,-0.0764789,0.969538,0.0108388,0.0632336,0.352262
1.61859e+09,-0.151262,-0.0709075,-0.0766797,0.982961,0.0147496,0.0648083,0.37198
1.61859e+09,-0.0731784,-0.0697374,-0.0727099,0.992217,0.0142301,0.0637106,0.394949
1.61859e+09,0.0116152,-0.0604336,-0.0647995,0.995999,0.00840822,0.0597125,0.438744
1.61859e+09,0.0922228,-0.0445328,-0.0533776,0.993309,0.00334502,0.0497111,0.463922
1.61859e+09,0.16247,-0.0366817,-0.0410588,0.985176,-3.83856e-05,0.0348791,0.46749
1.61859e+09,0.222777,-0.0386455,-0.0289495,0.973673,-0.00434221,0.0296796,0.446703
1.61859e+09,0.276239,-0.0518928,-0.0202887,0.959473,-0.0104289,0.0314514,0.435774
1.61859e+09,0.322711,-0.0647132,-0.0151137,0.944162,-0.0209964,0.017647,0.450649
1.61859e+09,0.366746,-0.075226,-0.0116439,0.927202,-0.028062,0.00586721,0.455498
1.61859e+09,0.404333,-0.0846595,-0.00981743,0.910632,-0.0353201,-0.00249827,0.455747
1.61859e+09,0.430313,-0.0939941,-0.00987269,0.897718,-0.0446099,-0.0286359,0.469639
1.61859e+09,0.442851,-0.0976258,-0.0107188,0.8912,-0.0525657,-0.0490599,0.477204
1.61859e+09,0.449266,-0.096807,-0.0119116,0.888058,-0.0556921,-0.0544527,0.47859
1.61859e+09,0.443224,-0.0920784,-0.0144112,0.891553,-0.0591374,-0.0687984,0.488667
1.61859e+09,0.43152,-0.0844829,-0.0150521,0.898013,-0.051917,-0.0597315,0.484624
1.61859e+09,0.412652,-0.0815649,-0.0152405,0.907101,-0.0518659,-0.0575276,0.49224
1.61859e+09,0.3793,-0.0770692,-0.0142759,0.921948,-0.0552316,-0.0542026,0.513773
1.61859e+09,0.333044,-0.0686182,-0.0141399,0.940305,-0.0553055,-0.0399645,0.53354
1.61859e+09,0.276033,-0.0602596,-0.0165293,0.959115,-0.0530008,-0.0223255,0.546176
1.61859e+09,0.214811,-0.0542945,-0.0201478,0.974937,-0.0486508,0.00368704,0.544374
1.61859e+09,0.151187,-0.0542285,-0.0223528,0.986763,-0.0473661,0.0240514,0.533646
1.61859e+09,0.0932241,-0.0615812,-0.0225796,0.993482,-0.0510402,0.0434307,0.523951
1.61859e+09,0.0504702,-0.0731729,-0.0216959,0.995805,-0.0525689,0.0570956,0.496125
1.61859e+09,0.0329313,-0.0801057,-0.0207127,0.996027,-0.0537521,0.0660433,0.473206
1.61859e+09,0.0260566,-0.0830983,-0.0203649,0.995992,-0.0544221,0.0690176,0.472509
1.61859e+09,0.0227856,-0.081207,-0.0202607,0.996231,-0.055615,0.0710368,0.477785
1.61859e+09,0.0207798,-0.0733224,-0.0203822,0.996883,-0.0530995,0.0719338,0.473635
1.61859e+09,0.0195988,-0.0685091,-0.0199967,0.997258,-0.0491595,0.0725461,0.461774
1.61859e+09,0.0189568,-0.0672547,-0.0197742,0.99736,-0.0471524,0.0723618,0.454986
1.61859e+09,0.0181644,-0.0685013,-0.0200506,0.997284,-0.0467746,0.0732169,0.452047
1.61859e+09,0.0166317,-0.0751795,-0.0264004,0.996682,-0.0457724,0.0808585,0.44856
1.61859e+09,0.0147666,-0.079527,-0.0454046,0.995689,-0.040178,0.0986555,0.45304
1.61859e+09,0.0116181,-0.0801917,-0.0799583,0.993499,-0.0263234,0.117592,0.464592
1.61859e+09,0.0083063,-0.0802028,-0.123564,0.989055,-0.0116923,0.123037,0.462801
1.61859e+09,0.00602412,-0.0762286,-0.173085,0.981934,0.000146003,0.12461,0.478558
1.61859e+09,0.00407068,-0.0704394,-0.224155,0.971996,0.0111117,0.120985,0.487585
1.61859e+09,0.00308911,-0.0679542,-0.271487,0.960035,0.0223919,0.109653,0.451254
1.61859e+09,0.00300954,-0.0804688,-0.31592,0.945363,0.0342858,0.0997491,0.415985
1.61859e+09,0.00491465,-0.0935386,-0.358676,0.928751,0.0396402,0.0925851,0.436094
1.61859e+09,0.000610383,-0.108571,-0.402885,0.908788,0.0443114,0.0854082,0.447733
1.61859e+09,-0.00833725,-0.124418,-0.445741,0.886434,0.0479794,0.0741157,0.449918
1.61859e+09,-0.0166396,-0.13742,-0.48494,0.863523,0.0485827,0.0638414,0.463181
1.61859e+09,-0.0181982,-0.139284,-0.521342,0.841707,0.0502841,0.0522579,0.45694
1.61859e+09,-0.0136869,-0.137232,-0.552386,0.822101,0.0474388,0.0284897,0.449566
1.61859e+09,-0.00332633,-0.130222,-0.574137,0.808331,0.040121,0.000920956,0.442597
1.61859e+09,0.00380398,-0.120996,-0.591607,0.797086,0.0394722,-0.0147358,0.441336
1.61859e+09,0.00243385,-0.11983,-0.60143,0.789884,0.0298705,-0.0388828,0.443908
1.61859e+09,-0.000842431,-0.119418,-0.606833,0.785807,0.03581,-0.0445152,0.43785
1.61859e+09,-0.00504056,-0.122666,-0.606963,0.78519,0.0357466,-0.0498153,0.434061
1.61859e+09,-0.00863586,-0.125196,-0.602876,0.787904,0.0344987,-0.0553219,0.434064
1.61859e+09,-0.0100307,-0.126103,-0.594339,0.794203,0.0339046,-0.0591345,0.432253
1.61859e+09,-0.00729119,-0.124783,-0.579948,0.805007,0.0322571,-0.0639406,0.429928
1.61859e+09,-0.00178963,-0.120875,-0.557812,0.821116,0.0276634,-0.0659293,0.430757
1.61859e+09,0.00387477,-0.11827,-0.526305,0.842022,0.0216964,-0.0612731,0.417103
1.61859e+09,0.00614726,-0.122055,-0.484581,0.866168,0.0107741,-0.0463922,0.41888
1.61859e+09,0.0119185,-0.119268,-0.433117,0.893332,0.00257289,-0.0328254,0.42773
1.61859e+09,0.0201041,-0.112472,-0.37584,0.919614,-0.0043892,-0.0226567,0.436229
1.61859e+09,0.0259163,-0.104923,-0.31563,0.942707,-0.0106993,-0.0134047,0.441662
1.61859e+09,0.0255844,-0.099263,-0.251909,0.962307,-0.0168659,-0.00417951,0.438003
1.61859e+09,0.0212849,-0.0960579,-0.186787,0.977461,-0.0242294,0.00826414,0.430483
1.61859e+09,0.0147497,-0.098095,-0.11964,0.987849,-0.0347778,0.0221668,0.408676
1.61859e+09,0.00843243,-0.101737,-0.0515285,0.99344,-0.0437204,0.0350127,0.411672
1.61859e+09,0.00143265,-0.0984134,0.0186124,0.994971,-0.0500233,0.0403848,0.402126
1.61859e+09,-0.0038106,-0.0977263,0.0843348,0.991626,-0.055817,0.047146,0.394921
1.61859e+09,-0.00392807,-0.0996364,0.140448,0.985054,-0.0597843,0.0493929,0.391431
1.61859e+09,-0.00120208,-0.0983823,0.190912,0.976664,-0.065281,0.0475767,0.382946
1.61859e+09,-0.000382255,-0.0994121,0.217618,0.970958,-0.0262895,0.121721,0.375376
1.61859e+09,0.00032345,-0.0982999,0.258554,0.960982,-0.0356254,0.113269,0.36909
1.61859e+09,-0.00330277,-0.0924242,0.297112,0.950353,-0.0480416,0.100546,0.353922
1.61859e+09,-0.00564342,-0.0946629,0.329953,0.939222,-0.0647565,0.0963489,0.362654
1.61859e+09,-0.00422385,-0.102518,0.356379,0.928691,-0.0824286,0.0800326,0.365383
1.61859e+09,-0.00788637,-0.103626,0.368277,0.923889,-0.0799734,0.085956,0.352331
1.61859e+09,-0.0148785,-0.0944643,0.3727,0.923011,-0.0824122,0.0802672,0.338659
1.61859e+09,-0.0180664,-0.0851905,0.369539,0.925125,-0.0896642,0.0799317,0.347848
1.61859e+09,-0.0147225,-0.0842324,0.36074,0.928738,-0.0964678,0.0814508,0.346498
1.61859e+09,-0.0102204,-0.084577,0.345015,0.934723,-0.106332,0.0792829,0.344954
1.61859e+09,-0.0108919,-0.0813673,0.319197,0.944126,-0.111946,0.0742062,0.350112
1.61859e+09,-0.0140637,-0.0779859,0.281638,0.956243,-0.115185,0.0737026,0.358995
1.61859e+09,-0.0116896,-0.0816474,0.23855,0.967621,-0.11802,0.0680216,0.37155
1.61859e+09,-0.00471251,-0.0869187,0.227451,0.969891,-0.187325,-0.0237623,0.367904
1.61859e+09,-8.79417e-05,-0.090064,0.164452,0.982265,-0.242372,-0.0312302,0.380421
1.61859e+09,-0.00136463,-0.0833301,0.0943517,0.992044,-0.234183,-0.0436037,0.388558
1.61859e+09,-0.000828134,-0.0756325,0.0240603,0.996845,-0.218249,-0.0422502,0.396437
1.61859e+09,0.00310034,-0.0759598,-0.041794,0.99623,-0.205573,-0.0451283,0.398307
1.61859e+09,0.00821306,-0.0842361,-0.102035,0.991174,-0.200066,-0.0544717,0.397948
1.61859e+09,0.0121321,-0.101927,-0.161757,0.981478,-0.185444,-0.0631332,0.394573
1.61859e+09,0.0114783,-0.119982,-0.219218,0.968203,-0.173142,-0.0724648,0.386463
1.61859e+09,0.0102416,-0.136524,-0.271196,0.952738,-0.161346,-0.0856549,0.402381
1.61859e+09,0.0117454,-0.148276,-0.316559,0.936839,-0.157693,-0.0983589,0.411676
1.61859e+09,0.0176933,-0.150124,-0.357971,0.921415,-0.149167,-0.11157,0.421284
1.61859e+09,0.0282601,-0.143049,-0.392869,0.907961,-0.142996,-0.129003,0.429951
1.61859e+09,0.0398405,-0.133738,-0.419289,0.897064,-0.137865,-0.153956,0.416459
1.61859e+09,0.0475643,-0.125527,-0.437378,0.889202,-0.138813,-0.172478,0.413552
1.61859e+09,0.0478999,-0.123038,-0.449433,0.883503,-0.140344,-0.183778,0.406513
1.61859e+09,0.0451517,-0.124936,-0.453961,0.881063,-0.143389,-0.194471,0.400809
1.61859e+09,0.042458,-0.126985,-0.453694,0.881041,-0.138939,-0.197747,0.403751
1.61859e+09,0.0387105,-0.13003,-0.443888,0.885752,-0.137768,-0.201135,0.397074
1.61859e+09,0.0342585,-0.134699,-0.441181,0.88659,-0.112356,-0.144088,0.403397
1.61859e+09,0.030967,-0.134358,-0.454222,0.880154,-0.00462698,0.00194799,0.417426
1.61859e+09,0.0391804,-0.123893,-0.404608,0.905212,-0.0105577,0.00522148,0.441364
1.61859e+09,0.0407241,-0.107253,-0.345345,0.931437,-0.0205742,0.0101944,0.451786
1.61859e+09,0.0356341,-0.0919509,-0.281437,0.954499,-0.0296936,0.0212448,0.437183
1.61859e+09,0.0250516,-0.0828211,-0.214605,0.972861,-0.0393483,0.0402686,0.430913
1.61859e+09,0.0134586,-0.0762025,-0.146651,0.986157,-0.0472587,0.0603477,0.402819
1.61859e+09,0.00865908,-0.0793206,-0.0774325,0.9938,-0.0587945,0.0732056,0.37237
1.61859e+09,0.00778876,-0.089823,-0.00806574,0.995895,-0.0759824,0.0830064,0.377824
1.61859e+09,0.00445522,-0.086116,0.0551102,0.99475,-0.0839578,0.0804735,0.390705
1.61859e+09,-0.00295465,-0.068908,0.113641,0.991125,-0.0858538,0.0786963,0.394217
1.61859e+09,-0.0132408,-0.0558806,0.170445,0.983692,-0.0780785,0.0794933,0.388335
1.61859e+09,-0.0194052,-0.0546326,0.225591,0.972495,-0.0762605,0.0768331,0.369519
1.61859e+09,-0.0177538,-0.0672829,0.278402,0.957941,-0.0817309,0.0735892,0.36719
1.61859e+09,-0.00924084,-0.0897914,0.326619,0.940836,-0.0951713,0.0640623,0.371318
1.61859e+09,-0.00728412,-0.100509,0.346853,0.93249,-0.0568765,0.128125,0.381325
1.61859e+09,-0.008448,-0.101531,0.371457,0.922843,-0.0469908,0.136679,0.363483
1.61859e+09,-0.0109284,-0.103439,0.394562,0.912963,-0.0574079,0.117866,0.359079
1.61859e+09,-0.00939796,-0.0996293,0.406748,0.908043,-0.0606257,0.104976,0.349201
1.61859e+09,-0.00818236,-0.0907824,0.413287,0.906027,-0.0661379,0.0913362,0.333353
1.61859e+09,-0.0126799,-0.0775824,0.41146,0.908031,-0.0732236,0.0820575,0.337468
1.61859e+09,-0.0149564,-0.0682525,0.403675,0.91223,-0.0843617,0.0785768,0.345264
1.61859e+09,-0.00923411,-0.0695526,0.392472,0.917084,-0.0987514,0.0487063,0.363668
1.61859e+09,0.0034574,-0.0783876,0.400911,0.912751,-0.169372,-0.0355575,0.351472
1.61859e+09,0.00870401,-0.0810333,0.371391,0.924893,-0.21817,-0.0508703,0.363316
1.61859e+09,0.010556,-0.0806757,0.32698,0.941522,-0.221858,-0.0407036,0.358904
1.61859e+09,0.0132387,-0.0810417,0.275905,0.957671,-0.22232,-0.0328756,0.371494
1.61859e+09,0.0130169,-0.078194,0.220433,0.972176,-0.223517,-0.0278173,0.382086
1.61859e+09,0.0101409,-0.0702178,0.153935,0.985531,-0.222182,-0.0167559,0.397475
1.61859e+09,0.00820881,-0.0566349,0.0853804,0.994704,-0.235518,-0.0347889,0.384896
1.61859e+09,0.0153616,-0.0480054,0.0134789,0.998638,-0.219829,-0.0452685,0.390384
1.61859e+09,0.0215767,-0.0509257,-0.0562445,0.996884,-0.257776,-0.0594904,0.385467
1.61859e+09,0.0225016,-0.0658382,-0.127147,0.989441,-0.219928,-0.0406448,0.375299
1.61859e+09,0.0136815,-0.0927038,-0.19586,0.976144,-0.13854,-0.0210168,0.353181
1.61859e+09,0.00784977,-0.11871,-0.251903,0.960412,-0.134315,-0.0306503,0.366927
1.61859e+09,0.00806931,-0.138981,-0.304383,0.942322,-0.123846,-0.0372297,0.37746
1.61859e+09,0.0123957,-0.149238,-0.351886,0.923986,-0.119932,-0.0478057,0.383017
1.61859e+09,0.0174789,-0.150364,-0.392949,0.907015,-0.114923,-0.0593033,0.404117
1.61859e+09,0.0233294,-0.143217,-0.422589,0.89463,-0.114926,-0.0809383,0.40885
1.61859e+09,0.0277371,-0.13501,-0.440893,0.886914,-0.114145,-0.0978705,0.403561
1.61859e+09,0.0295719,-0.123968,-0.451976,0.882879,-0.114067,-0.109977,0.397384
1.61859e+09,0.0268771,-0.119446,-0.455884,0.881578,-0.110841,-0.118737,0.383497
1.61859e+09,0.0218948,-0.121179,-0.451004,0.883986,-0.106101,-0.124069,0.374785
1.61859e+09,0.0187255,-0.122384,-0.431323,0.893662,-0.113596,-0.123246,0.381234
1.61859e+09,0.0105022,-0.126088,-0.43032,0.893765,-0.103599,-0.0399988,0.377088
1.61859e+09,0.006909,-0.12579,-0.426716,0.895568,0.0316599,0.0618043,0.389696
1.61859e+09,0.0127679,-0.116167,-0.36625,0.923148,0.0213783,0.0644488,0.420063
1.61859e+09,0.0154264,-0.100078,-0.298862,0.948909,0.00695332,0.0649922,0.42181
1.61859e+09,0.0139245,-0.0890403,-0.232193,0.968486,-0.0022137,0.0765299,0.401807
1.61859e+09,0.0161349,-0.081663,-0.173131,0.981375,-0.0156871,0.0902039,0.381299
1.61859e+09,0.0172239,-0.0801005,-0.12889,0.988269,-0.0191125,0.106618,0.377098
1.61859e+09,0.0108005,-0.0848244,-0.0947949,0.991818,-0.0323974,0.122115,0.374484
1.61859e+09,0.0038577,-0.0982827,-0.0682024,0.992811,-0.0371981,0.141809,0.358911
1.61859e+09,-0.00162595,-0.109773,-0.0498337,0.992705,-0.0448174,0.159982,0.355748
1.61859e+09,-0.00442778,-0.112167,-0.0391222,0.992909,-0.0503303,0.17068,0.361111
1.61859e+09,-0.00529227,-0.106191,-0.0349165,0.993718,-0.0467215,0.180742,0.370179
1.61859e+09,-0.00399397,-0.0819289,-0.0325442,0.996099,-0.0431585,0.184522,0.409283
1.61859e+09,-0.0046265,-0.046271,-0.0309607,0.998438,-0.033882,0.186496,0.427752
1.61859e+09,-0.0042423,0.00658021,-0.0299066,0.999522,-0.0219091,0.189811,0.45787
1.61859e+09,-0.00584369,0.0602684,-0.0294052,0.997732,-0.00368321,0.192009,0.439061
1.61859e+09,-0.00625856,0.110008,-0.0271718,0.99354,0.0126658,0.192799,0.427694
1.61859e+09,-0.00614359,0.158825,-0.0234658,0.987009,0.026268,0.193795,0.415115
1.61859e+09,-0.00654542,0.206609,-0.0202028,0.978193,0.032033,0.196583,0.390777
1.61859e+09,-0.00715601,0.250173,-0.0180645,0.968006,0.0377912,0.194464,0.375267
1.61859e+09,-0.0068404,0.285942,-0.0173159,0.958066,0.039964,0.191018,0.349846
1.61859e+09,-0.00722827,0.30996,-0.0185305,0.950541,0.0403079,0.185637,0.326262
1.61859e+09,-0.00749234,0.336894,-0.0200627,0.941299,0.0403539,0.18388,0.317018
1.61859e+09,-0.00953795,0.349515,-0.023273,0.936593,0.034913,0.180629,0.285162
1.61859e+09,-0.00990143,0.349749,-0.024451,0.936472,0.0380057,0.179153,0.27839
1.61859e+09,-0.00940062,0.348498,-0.0252137,0.936923,0.0343694,0.177082,0.270649
1.61859e+09,-0.00872441,0.326797,-0.026406,0.944685,0.0328007,0.178062,0.250886
1.61859e+09,-0.0115387,0.261969,-0.0247463,0.96469,0.0184917,0.177544,0.215003
1.61859e+09,-0.0120697,0.188081,-0.0214908,0.981844,0.00706655,0.177151,0.207451
1.61859e+09,-0.0130275,0.109676,-0.0187744,0.993705,0.00766732,0.178243,0.214498
1.61859e+09,-0.0151303,0.0331301,-0.0177292,0.999179,0.0124648,0.17834,0.226621
1.61859e+09,-0.0171181,-0.0359961,-0.0173365,0.999055,0.0145607,0.176066,0.226206
1.61859e+09,-0.0152535,-0.094224,-0.0164388,0.995298,0.0142871,0.174731,0.232555
1.61859e+09,-0.0129148,-0.146398,-0.0163271,0.989007,0.0135922,0.172526,0.252603
1.61859e+09,-0.0102077,-0.198981,-0.0154302,0.979829,-0.000794865,0.1698,0.290015
1.61859e+09,-0.00889227,-0.242226,-0.0141158,0.970076,-0.0105985,0.165929,0.295559
1.61859e+09,-0.00704527,-0.281676,-0.0132288,0.959392,-0.0185661,0.163562,0.293947
1.61859e+09,-0.00370469,-0.318142,-0.012923,0.947948,-0.0269929,0.162821,0.29591
1.61859e+09,-0.000707814,-0.349527,-0.0131575,0.936834,-0.0355269,0.162413,0.302605
1.61859e+09,0.000621971,-0.365368,-0.0130244,0.930772,-0.0390484,0.16213,0.304211
1.61859e+09,0.000946368,-0.367996,-0.0121741,0.929747,-0.0417182,0.163308,0.307717
1.61859e+09,0.00213434,-0.355221,-0.0104312,0.934722,-0.045096,0.166695,0.311178
1.61859e+09,0.00601755,-0.316691,-0.0087145,0.94847,-0.0462468,0.171277,0.328247
1.61859e+09,0.0110272,-0.261667,-0.0060001,0.965077,-0.0502882,0.171658,0.350814
1.61859e+09,0.0145425,-0.212598,-0.00358903,0.977025,-0.0472504,0.171942,0.367399
1.61859e+09,0.0160676,-0.152857,-0.00100723,0.988117,-0.053415,0.171345,0.411563
1.61859e+09,0.0188309,-0.0837432,6.74745e-05,0.996309,-0.0453425,0.173102,0.44882
1.61859e+09,0.0196428,-0.0397035,0.000303382,0.999018,-0.0317945,0.173562,0.446251
1.61859e+09,0.0177157,0.00978222,-1.06457e-05,0.999795,-0.0218186,0.170304,0.454373
1.61859e+09,0.0171575,0.0584075,-0.00149686,0.998144,-0.0121874,0.172764,0.44817
1.61859e+09,0.0150059,0.0977535,-0.00135038,0.995097,-0.00339775,0.172746,0.445192
1.61859e+09,0.0131712,0.139233,-0.000683812,0.990172,0.0031234,0.171306,0.44129
1.61859e+09,0.0130361,0.188437,0.00101453,0.981998,0.0145964,0.170238,0.432459
1.61859e+09,0.0143052,0.241227,0.00277744,0.970359,0.0203834,0.170346,0.414946
1.61859e+09,0.0136694,0.288682,0.00397904,0.957319,0.0193668,0.170052,0.387416
1.61859e+09,0.0106645,0.330648,0.00383329,0.943686,0.0212953,0.16566,0.35679
1.61859e+09,0.00599074,0.362675,0.00262515,0.931893,0.013071,0.162476,0.314148
1.61859e+09,0.0036211,0.379579,0.00149243,0.925151,0.00363209,0.160026,0.284165
1.61859e+09,0.00374054,0.389023,-0.000890661,0.92122,0.00759508,0.161322,0.271125
1.61859e+09,0.00367181,0.3906,-0.00301856,0.920548,0.0088809,0.160278,0.262662
1.61859e+09,0.0027261,0.373101,-0.00600795,0.927767,0.004388,0.159838,0.246777
1.61859e+09,-0.00185415,0.322616,-0.00765478,0.946497,-0.00871375,0.15563,0.214132
1.61859e+09,-0.00166118,0.258585,-0.00944545,0.965941,-0.0131891,0.160298,0.217517
1.61859e+09,-0.00429245,0.188011,-0.010845,0.982098,-0.0210419,0.162392,0.221278
1.61859e+09,-0.0071078,0.118568,-0.0107962,0.992862,-0.0211269,0.162452,0.230388
1.61859e+09,-0.00729099,0.0453918,-0.0100464,0.998892,-0.019995,0.161845,0.234195
1.61859e+09,-0.0066065,-0.0318178,-0.00890636,0.999432,-0.0214791,0.161362,0.236214
1.61859e+09,-0.00616131,-0.102684,-0.00786595,0.994664,-0.0190268,0.161606,0.242211
1.61859e+09,-0.00547951,-0.161325,-0.00688795,0.986862,-0.0283155,0.158209,0.290441
1.61859e+09,-0.00332833,-0.225886,-0.00627308,0.974128,-0.0357109,0.154136,0.311501
1.61859e+09,0.000198834,-0.285387,-0.00614451,0.958393,-0.0605021,0.150586,0.345925
1.61859e+09,0.00291482,-0.34879,-0.00946451,0.937149,-0.0747861,0.148255,0.357909
1.61859e+09,0.00420994,-0.379107,-0.0123043,0.925261,-0.0746038,0.146026,0.355803
1.61859e+09,0.00365428,-0.392998,-0.0166391,0.919381,-0.0715026,0.144422,0.337359
1.61859e+09,0.00400975,-0.40335,-0.0196678,0.914826,-0.0673928,0.143465,0.32715
1.61859e+09,0.00501153,-0.425984,-0.021093,0.904471,-0.0723944,0.142682,0.320731
1.61859e+09,0.00703743,-0.434075,-0.0212344,0.900599,-0.0742797,0.142533,0.323246
1.61859e+09,0.00534073,-0.430047,-0.0206059,0.902555,-0.0770732,0.143299,0.331908
1.61859e+09,0.00756863,-0.394023,-0.0181836,0.91889,-0.0815397,0.147674,0.362631
1.61859e+09,0.0114842,-0.338151,-0.0154443,0.940895,-0.0809932,0.146815,0.374271
1.61859e+09,0.0156557,-0.273731,-0.0119962,0.961604,-0.0784327,0.145793,0.393858
1.61859e+09,0.018372,-0.190408,-0.00764818,0.981503,-0.0723459,0.146796,0.409005
1.61859e+09,0.0169218,-0.111005,-0.0052527,0.993662,-0.0678363,0.147536,0.444425
1.61859e+09,0.0140599,-0.0730713,-0.00436072,0.997218,-0.0476737,0.147783,0.36523
1.61859e+09,0.0126044,-0.0628719,-0.00400375,0.997934,-0.0435208,0.144913,0.321167
1.61859e+09,0.0153436,-0.0633082,-0.00420317,0.997867,-0.0431398,0.144868,0.306333
1.61859e+09,0.0185451,-0.0715422,-0.00472566,0.997254,-0.0456348,0.144246,0.30516
1.61859e+09,0.0199458,-0.0753549,-0.00614042,0.996938,-0.048017,0.14409,0.3113
1.61859e+09,0.0208263,-0.0751349,-0.00897997,0.996915,-0.0479565,0.142451,0.316105
1.61859e+09,0.0214857,-0.0705329,-0.0120524,0.997205,-0.047332,0.14009,0.341755
1.61859e+09,0.0193486,-0.0645979,-0.0144551,0.997619,-0.047749,0.135883,0.373879
1.61859e+09,0.0130056,-0.0586131,-0.0158044,0.998071,-0.0464584,0.130924,0.403553
1.61859e+09,0.00245792,-0.0581648,-0.0173379,0.998153,-0.0510694,0.127488,0.449213
1.61859e+09,-0.0116253,-0.0623731,-0.0207085,0.99777,-0.0580262,0.124863,0.508638
1.61859e+09,-0.0247503,-0.069232,-0.0245257,0.996992,-0.0593648,0.120942,0.54664
1.61859e+09,-0.0330442,-0.0790481,-0.0272522,0.99595,-0.0605553,0.116831,0.573308
1.61859e+09,-0.0379202,-0.0885405,-0.0298903,0.994902,-0.066424,0.111906,0.616187
1.61859e+09,-0.0395614,-0.10283,-0.0338938,0.993334,-0.0720661,0.105748,0.648883
1.61859e+09,-0.0370716,-0.112361,-0.0371271,0.992281,-0.0753435,0.098944,0.667816
1.61859e+09,-0.034756,-0.119073,-0.0395491,0.991489,-0.0773534,0.094164,0.677153
1.61859e+09,-0.031849,-0.113634,-0.040292,0.992194,-0.0765196,0.0910523,0.677426
1.61859e+09,-0.0255232,-0.0975855,-0.0395141,0.994115,-0.0726584,0.0876643,0.656262
1.61859e+09,-0.0193367,-0.083351,-0.0362466,0.995673,-0.0682156,0.0858457,0.621366
1.61859e+09,-0.0160062,-0.0743054,-0.0291909,0.99668,-0.0694598,0.0847853,0.569729
1.61859e+09,-0.0168153,-0.0727514,-0.0213737,0.996979,-0.0713857,0.089531,0.523368
1.61859e+09,-0.0214136,-0.0730377,-0.0138513,0.997003,-0.0736377,0.0975204,0.478783
1.61859e+09,-0.024915,-0.0728732,-0.00687994,0.997006,-0.0750848,0.106018,0.422345
1.61859e+09,-0.0212867,-0.0770908,0.000296339,0.996797,-0.0741407,0.109614,0.35896
1.61859e+09,-0.0130155,-0.0864787,0.00574313,0.996152,-0.0798523,0.119826,0.32197
1.61859e+09,-0.00622097,-0.0867182,0.00716832,0.996188,-0.0826226,0.127457,0.285292
1.61859e+09,-0.00228824,-0.0844265,0.00726291,0.996401,-0.082509,0.131709,0.235293
1.61859e+09,-0.00331149,-0.091788,0.0061565,0.995754,-0.0854022,0.135948,0.202304
1.61859e+09,-0.00725842,-0.0982908,0.00424225,0.995122,-0.0847065,0.1376,0.163286
1.61859e+09,-0.0093376,-0.102833,0.00389455,0.994647,-0.082586,0.138596,0.13241
1.61859e+09,-0.00679609,-0.110035,0.00495507,0.993892,-0.0816039,0.140957,0.110527
1.61859e+09,-0.00105189,-0.110274,0.00647803,0.99388,-0.083201,0.142849,0.105631
1.61859e+09,0.00215289,-0.10216,0.00809928,0.994733,-0.0874777,0.144435,0.121776
1.61859e+09,0.00244996,-0.0882861,0.00928961,0.996049,-0.0886782,0.145314,0.142716
1.61859e+09,0.0023206,-0.0810359,0.00738725,0.996681,-0.0842653,0.146669,0.159131
1.61859e+09,0.00342594,-0.0753733,0.0046108,0.997139,-0.0818016,0.145524,0.203231
1.61859e+09,0.00281766,-0.071379,0.00206436,0.997443,-0.0767672,0.144471,0.242817
1.61859e+09,-0.00105704,-0.0661901,-0.000547344,0.997806,-0.0740331,0.140701,0.299774
1.61859e+09,-0.00866124,-0.0604476,-0.00274755,0.99813,-0.0711279,0.138069,0.353684
1.61859e+09,-0.017002,-0.0574784,-0.00567832,0.998186,-0.0699798,0.135996,0.418145
1.61859e+09,-0.0189807,-0.0627754,-0.00741065,0.99782,-0.0687521,0.136255,0.456348
1.61859e+09,-0.0207736,-0.0701174,-0.00974946,0.997275,-0.0670105,0.133778,0.513459
1.61859e+09,-0.0201759,-0.0767497,-0.0127926,0.996764,-0.0657116,0.131494,0.57062
1.61859e+09,-0.0161766,-0.0838175,-0.0154955,0.996229,-0.0626398,0.128131,0.608164
1.61859e+09,-0.0109789,-0.0884826,-0.0205403,0.995805,-0.0610725,0.124292,0.651933
1.61859e+09,-0.00762119,-0.0899268,-0.025437,0.995594,-0.0595123,0.117144,0.680093
1.61859e+09,-0.00467421,-0.0921674,-0.0279846,0.995339,-0.0595757,0.114773,0.691073
1.61859e+09,-0.00336012,-0.0937765,-0.0269521,0.995223,-0.0583216,0.115142,0.696458
1.61859e+09,-0.00313979,-0.0895191,-0.0221904,0.995733,-0.0608267,0.116363,0.676074
1.61859e+09,-0.00154902,-0.0813417,-0.0169401,0.996541,-0.0618654,0.120002,0.641329
1.61859e+09,-0.00195306,-0.0691015,-0.0131298,0.997521,-0.062479,0.125212,0.598879
1.61859e+09,-0.00311136,-0.0562225,-0.0093724,0.998369,-0.0568344,0.130807,0.549222
1.61859e+09,-0.00180479,-0.0500023,-0.00522845,0.998734,-0.0514976,0.139354,0.485724
1.61859e+09,-0.000243165,-0.0459444,-0.00183529,0.998942,-0.0513935,0.148694,0.427925
1.61859e+09,-2.19655e-05,-0.0479965,0.000893145,0.998847,-0.0506298,0.1581,0.366352
1.61859e+09,-0.00405768,-0.0541645,0.00357522,0.998517,-0.0527112,0.164325,0.328617
1.61859e+09,-0.0111771,-0.0583992,0.00716389,0.998205,-0.0537631,0.166141,0.274973
1.61859e+09,-0.0112801,-0.0658662,0.00948649,0.99772,-0.0501113,0.169062,0.211925
1.61859e+09,-0.00849145,-0.082631,0.010939,0.996484,-0.0519463,0.170378,0.17094
1.61859e+09,-0.00765716,-0.0887648,0.0118447,0.995953,-0.057898,0.168118,0.145959
1.61859e+09,-0.00873141,-0.0883646,0.0109986,0.995989,-0.0604129,0.168779,0.123598
1.61859e+09,-0.00886199,-0.0844777,0.00868666,0.996348,-0.0589385,0.168728,0.0910887
1.61859e+09,-0.00686298,-0.0773437,0.00718507,0.996955,-0.0588823,0.167159,0.0797206
1.61859e+09,-0.00526679,-0.0714459,0.00626002,0.997411,-0.0571457,0.166675,0.0730589
1.61859e+09,-0.00490207,-0.0677002,0.00565593,0.997678,-0.0585521,0.165701,0.0887191
1.61859e+09,-0.00415872,-0.0544071,0.0045605,0.9985,-0.0606871,0.166892,0.139006
1.61859e+09,-0.00493047,-0.036157,0.00299738,0.999329,-0.0543894,0.168639,0.168482
1.61859e+09,-0.00361082,-0.0247527,0.001318,0.999686,-0.0527339,0.170276,0.238571
1.61859e+09,-0.00319618,-0.0104219,-0.00183814,0.999939,-0.0448907,0.172552,0.31087
1.61859e+09,-0.00899225,-0.0143985,-0.00513783,0.999843,-0.0383397,0.169156,0.318846
1.61859e+09,-0.0134688,-0.0354641,-0.00789717,0.999249,-0.0386271,0.169518,0.360837
1.61859e+09,-0.0171738,-0.0677394,-0.00920401,0.997513,-0.0436016,0.169316,0.418437
1.61859e+09,-0.016889,-0.0927299,-0.0111973,0.995485,-0.0527228,0.17018,0.494285
1.61859e+09,-0.0136092,-0.110947,-0.0139808,0.993635,-0.0595081,0.167289,0.556013
1.61859e+09,-0.00820935,-0.127218,-0.0165779,0.991702,-0.0610017,0.1612,0.605318
1.61859e+09,-0.00101527,-0.146331,-0.0184804,0.989063,-0.0671655,0.158049,0.660001
1.61859e+09,0.00160054,-0.154443,-0.020222,0.987793,-0.0739098,0.154558,0.709634
1.61859e+09,0.000830503,-0.154471,-0.0237077,0.987712,-0.0800022,0.154765,0.736608
1.61859e+09,-0.00365739,-0.14977,-0.0267065,0.988353,-0.0787443,0.155615,0.736691
1.61859e+09,-0.00719894,-0.139102,-0.0265882,0.989895,-0.0726055,0.156227,0.717324
1.61859e+09,-0.00569178,-0.126167,-0.0242964,0.991695,-0.0658363,0.16022,0.682258
1.61859e+09,-0.00386614,-0.116024,-0.0222784,0.992989,-0.0583199,0.165028,0.633871
1.61859e+09,-0.00238188,-0.102495,-0.0221391,0.994484,-0.0526159,0.170212,0.580443
1.61859e+09,0.00125964,-0.0916138,-0.0229655,0.995529,-0.0436088,0.177324,0.513971
1.61859e+09,0.00455361,-0.0908227,-0.0214143,0.995626,-0.0370309,0.186121,0.456308
1.61859e+09,0.00450853,-0.0966511,-0.0161626,0.995177,-0.0392292,0.193081,0.391865
1.61859e+09,0.0046078,-0.100752,-0.0114158,0.994835,-0.040501,0.198998,0.338268
1.61859e+09,0.00740876,-0.0989075,-0.00779233,0.995039,-0.0461136,0.201799,0.283267
1.61859e+09,0.0111027,-0.0913121,-0.0048348,0.995749,-0.0487394,0.203368,0.243614
1.61859e+09,0.0135971,-0.0794858,-0.00208411,0.996741,-0.0567483,0.20353,0.222112
1.61859e+09,0.013327,-0.0633874,-0.000448753,0.9979,-0.0572136,0.205068,0.197018
1.61859e+09,0.0100411,-0.0574026,0.000736703,0.9983,-0.0586589,0.206077,0.190614
1.61859e+09,0.00681371,-0.054736,0.0024334,0.998475,-0.0609094,0.206432,0.198875
1.61859e+09,0.00672628,-0.0509236,0.004229,0.998671,-0.0579803,0.206945,0.195554
1.61859e+09,0.00979608,-0.0462897,0.00684033,0.998857,-0.0624966,0.203288,0.224586
1.61859e+09,0.0120094,-0.028046,0.00835241,0.9995,-0.0615607,0.201602,0.292194
1.61859e+09,0.00181124,-0.0121608,0.0105075,0.999869,-0.0565673,0.194533,0.324965
1.61859e+09,-0.00898685,-0.0128836,0.0113126,0.999813,-0.0529222,0.18907,0.330381
1.61859e+09,-0.0113518,-0.0242448,0.0119782,0.99957,-0.0566264,0.184552,0.363368
1.61859e+09,-0.0101519,-0.0377365,0.0127059,0.999155,-0.0605608,0.181455,0.373098
1.61859e+09,-0.00642645,-0.0489632,0.0110935,0.998718,-0.0655853,0.178111,0.391343
1.61859e+09,-0.00432218,-0.0516194,0.00771867,0.998628,-0.0684275,0.173714,0.403946
1.61859e+09,-0.00609224,-0.0458448,0.00176024,0.998928,-0.069922,0.172741,0.408163
1.61859e+09,-0.00927376,-0.0355534,-0.00852861,0.999288,-0.0691062,0.172433,0.411059
1.61859e+09,-0.0104951,-0.0227308,-0.0206986,0.999472,-0.0499841,0.194859,0.415575
1.61859e+09,-0.0108632,-0.0233495,-0.025846,0.999334,-0.0360106,0.225348,0.412796
1.61859e+09,-0.00963948,-0.0407967,-0.0236819,0.99884,-0.0306672,0.265914,0.425552
1.61859e+09,-0.00624096,-0.057607,-0.0186798,0.998145,-0.0348901,0.31003,0.449614
1.61859e+09,-0.00245464,-0.0755138,-0.0154039,0.997023,-0.0380489,0.354876,0.459428
1.61859e+09,0.00125743,-0.0884379,-0.0165683,0.995943,-0.038692,0.395116,0.469716
1.61859e+09,0.00532112,-0.0915627,-0.021011,0.995563,-0.0338331,0.437283,0.469519
1.61859e+09,0.00740682,-0.0965177,-0.0251082,0.994987,-0.0269665,0.480568,0.466647
1.61859e+09,0.00439064,-0.111637,-0.025696,0.993407,-0.0220907,0.518419,0.474865
1.61859e+09,-0.00468606,-0.122081,-0.0200952,0.992306,-0.0156083,0.542424,0.448736
1.61859e+09,-0.00542645,-0.127074,-0.0101991,0.991826,-0.0191726,0.557637,0.451552
1.61859e+09,-0.00105233,-0.124978,-0.00536684,0.992144,-0.0183192,0.566803,0.44427
1.61859e+09,0.00528288,-0.120144,-0.0043125,0.992733,-0.0162633,0.55702,0.432593
1.61859e+09,0.0139066,-0.115204,-0.0064411,0.993224,-0.0197076,0.537235,0.443748
1.61859e+09,0.0186161,-0.114734,-0.0108724,0.993162,-0.0225651,0.504447,0.448746
1.61859e+09,0.0177939,-0.11668,-0.0172537,0.99286,-0.0332894,0.457407,0.458121
1.61859e+09,0.0122051,-0.116985,-0.0249658,0.992745,-0.0389311,0.406739,0.460378
1.61859e+09,0.00638535,-0.115917,-0.0338956,0.99266,-0.0353542,0.352086,0.461463
1.61859e+09,0.00160781,-0.112334,-0.0384788,0.992924,-0.036124,0.293171,0.468338
1.61859e+09,-0.003207,-0.106294,-0.0394088,0.993548,-0.0381136,0.23686,0.480021
1.61859e+09,-0.00903842,-0.100235,-0.0404387,0.994101,-0.0404115,0.181967,0.475176
1.61859e+09,-0.0136261,-0.0906351,-0.0424859,0.994884,-0.044226,0.127373,0.491094
1.61859e+09,-0.0187052,-0.0820433,-0.0434508,0.995505,-0.0412708,0.0710898,0.465872
1.61859e+09,-0.0184672,-0.0794022,-0.0396388,0.995883,-0.0445188,0.0160279,0.467419
1.61859e+09,-0.0201232,-0.0709008,-0.0353135,0.996655,-0.0468428,-0.0266989,0.462444
1.61859e+09,-0.0247813,-0.0646234,-0.0355343,0.996969,-0.0521655,-0.0587729,0.456916
1.61859e+09,-0.0288715,-0.0585771,-0.037438,0.997163,-0.0536961,-0.0873551,0.436531
1.61859e+09,-0.0268476,-0.0552308,-0.0394702,0.997332,-0.0543492,-0.104309,0.43034
1.61859e+09,-0.0204767,-0.0562279,-0.0388896,0.99745,-0.050482,-0.113933,0.410189
1.61859e+09,-0.0165512,-0.0620987,-0.0350766,0.997316,-0.0460923,-0.109087,0.399462
1.61859e+09,-0.0152554,-0.0708642,-0.031939,0.996858,-0.0449616,-0.0879378,0.410079
1.61859e+09,-0.013767,-0.0822645,-0.0327478,0.995977,-0.0416958,-0.0498963,0.416208
1.61859e+09,-0.00944716,-0.0859534,-0.0352127,0.995632,-0.0394274,-0.00647139,0.447047
1.61859e+09,-0.00515118,-0.0821351,-0.0370245,0.99592,-0.0348767,0.0443709,0.460526
1.61859e+09,-0.000215418,-0.0766032,-0.0363997,0.996397,-0.0317789,0.101196,0.458285
1.61859e+09,0.00411586,-0.0771247,-0.0338943,0.996437,-0.0335533,0.158336,0.469397
1.61859e+09,0.0049478,-0.0714765,-0.0316549,0.996928,-0.0387736,0.217654,0.465136
1.61859e+09,0.00381856,-0.0677657,-0.0316136,0.997193,-0.0416397,0.272351,0.447446
1.61859e+09,0.00281548,-0.0683059,-0.0288855,0.997242,-0.0385422,0.333029,0.440235
1.61859e+09,0.00556138,-0.0791178,-0.0242665,0.996554,-0.0392144,0.389877,0.438669
1.61859e+09,0.00946601,-0.0993875,-0.0220962,0.994758,-0.0431829,0.43739,0.442165
1.61859e+09,0.00928747,-0.106146,-0.0219364,0.994065,-0.0432082,0.4771,0.433073
1.61859e+09,0.00392038,-0.108367,-0.021333,0.993874,-0.0396708,0.510336,0.430002
1.61859e+09,-0.000223097,-0.111331,-0.017503,0.993629,-0.0359811,0.534215,0.426451
