-0.00517139, -0.000615339, -0.55855, -7.2655e-05, 0.000487252, 0.000295508, 0.0316228, 0.0316228, 0.0316228, 0.0316228, 0.0316228, 0.0316228
-0.00517139, -0.000615339, -0.55855, -7.2655e-05, 0.000487252, 0.000295508, 0.172256, 0.172256, 0.172256, 0.0316228, 0.0316228, 0.0316228
-0.00573796, -0.000729021, -0.55797, -0.000103931, 0.000603572, 0.000301261, 0.19313, 0.193087, 0.193096, 0.0315721, 0.0315756, 0.031607
-0.00644614, -0.00083496, -0.557491, -0.000127349, 0.000701726, 0.000299636, 0.211626, 0.211488, 0.211381, 0.0314779, 0.031491, 0.0315911
-0.00636158, -0.000982934, -0.555453, -0.000147021, 0.000686527, 0.000288382, 0.228092, 0.227959, 0.227062, 0.0313253, 0.0313389, 0.0315751
-0.00608883, -0.00107706, -0.553374, -0.000180613, 0.000691657, 0.000279709, 0.242955, 0.242944, 0.239853, 0.0311115, 0.0311121, 0.0315589
-0.00541018, -0.00109308, -0.554477, -0.000204312, 0.000598768, 0.000268885, 0.256807, 0.256766, 0.250098, 0.0308387, 0.0308513, 0.0315426
-0.00456453, -0.000201322, -0.554343, -6.8332e-05, 0.000474444, 0.000253948, 0.270121, 0.269589, 0.259607, 0.0305065, 0.0306095, 0.0315261
-0.00402645, 0.000778559, -0.555477, 8.42135e-05, 0.000354431, 0.000244458, 0.282951, 0.281512, 0.269562, 0.0301182, 0.0303885, 0.0315094
-0.00387961, 0.00126882, -0.557127, 0.000153931, 0.000326396, 0.000238903, 0.294677, 0.292602, 0.278182, 0.0296825, 0.030074, 0.0314923
-0.00320696, 0.00150501, -0.561053, 0.000216347, 0.000269716, 0.000236964, 0.304758, 0.302831, 0.283444, 0.0291969, 0.029567, 0.0314754
-0.00238649, 0.0018011, -0.559023, 0.000247917, 0.000161226, 0.00023524, 0.313443, 0.312133, 0.28554, 0.0286473, 0.0289073, 0.0314589
-0.00034316, 0.0018193, -0.557471, 0.000259276, -0.000110868, 0.000238684, 0.321511, 0.320513, 0.287118, 0.0280306, 0.0282313, 0.0314432
0.00229888, 0.00153199, -0.553189, 0.000222764, -0.000485305, 0.000239895, 0.328925, 0.328082, 0.287608, 0.0273667, 0.0275416, 0.0314276
0.0039247, 0.000766129, -0.551371, 0.000132734, -0.000693212, 0.000243058, 0.335683, 0.335059, 0.286567, 0.026698, 0.0268462, 0.0314115
0.00467235, -1.53532e-06, -0.550988, 5.82867e-05, -0.000777296, 0.000243688, 0.341973, 0.341607, 0.283617, 0.026036, 0.0261414, 0.0313937
0.00504243, -0.000728777, -0.552487, -5.3156e-06, -0.000778078, 0.000243415, 0.348381, 0.347874, 0.280586, 0.0253719, 0.0254764, 0.0313725
0.00432982, -0.00168054, -0.55213, -0.000112321, -0.000696399, 0.00022613, 0.355321, 0.354159, 0.279854, 0.0247097, 0.0248958, 0.0313446
0.00403798, -0.00266959, -0.553905, -0.000216248, -0.000625405, 0.000212652, 0.362707, 0.360667, 0.281293, 0.0240491, 0.0243625, 0.0313116
0.00372202, -0.00327477, -0.557847, -0.00026803, -0.000470173, 0.000212118, 0.370373, 0.367468, 0.283439, 0.023385, 0.023829, 0.0312734
0.00306288, -0.00398246, -0.56469, -0.000297558, -0.000190623, 0.000205795, 0.377809, 0.374654, 0.285474, 0.0227228, 0.0232046, 0.0312312
0.00259387, -0.00460223, -0.572113, -0.000297457, 6.77246e-05, 0.000185667, 0.384586, 0.382379, 0.287894, 0.0221171, 0.0224392, 0.0311889
0.00271408, -0.00573359, -0.579726, -0.000376575, 0.000255001, 0.000144859, 0.39119, 0.390661, 0.293015, 0.0216297, 0.021652, 0.0311512
0.00349631, -0.00697687, -0.585803, -0.000507922, 0.00028669, 0.000114219, 0.398093, 0.399334, 0.301473, 0.0212787, 0.020949, 0.0311185
0.00381089, -0.00814928, -0.590244, -0.000713239, 0.000293044, 8.25057e-05, 0.405447, 0.408175, 0.31195, 0.0210308, 0.0203622, 0.0310902
0.00428481, -0.00872153, -0.59287, -0.000914183, 0.000242906, 4.88263e-05, 0.413032, 0.41691, 0.32241, 0.0208093, 0.0198576, 0.0310639
0.00464788, -0.00890874, -0.594638, -0.00108385, 0.000205285, 7.44684e-06, 0.420647, 0.425236, 0.331384, 0.020532, 0.0193818, 0.0310402
0.0048318, -0.00897473, -0.59578, -0.00121195, 0.000184482, -2.66739e-05, 0.428235, 0.432719, 0.337583, 0.0201246, 0.0189111, 0.0310112
0.0046094, -0.00957963, -0.59596, -0.00133455, 0.000182257, -5.57946e-05, 0.43584, 0.438879, 0.340535, 0.0195462, 0.0184506, 0.0309678
0.00462686, -0.0100185, -0.596132, -0.00143621, 0.000160696, -8.33742e-05, 0.443472, 0.443331, 0.341506, 0.0188201, 0.0180194, 0.0309055
0.00437075, -0.0114501, -0.595068, -0.00150184, 0.000153526, -0.000102307, 0.451118, 0.445758, 0.341528, 0.0179827, 0.0176181, 0.0308204
0.00379611, -0.014439, -0.591167, -0.00128239, 0.00017027, -6.85846e-05, 0.458775, 0.445845, 0.339921, 0.0170604, 0.0172344, 0.0307059
0.00302105, -0.0187754, -0.585573, -0.000988162, 0.000191013, -2.34318e-05, 0.466365, 0.4438, 0.337307, 0.0161549, 0.0168744, 0.0305557
0.00239693, -0.0233908, -0.580398, -0.000747836, 0.000191948, 3.57762e-06, 0.473858, 0.44054, 0.336331, 0.0153778, 0.0165581, 0.0303751
0.00202238, -0.0269793, -0.57632, -0.000528527, 0.000198372, 3.44412e-05, 0.481255, 0.436757, 0.338066, 0.0147562, 0.0162902, 0.0301654
0.00185903, -0.0298095, -0.572646, -0.000319016, 0.000205747, 5.65921e-05, 0.488554, 0.432985, 0.341941, 0.014285, 0.0160656, 0.0299223
0.00171128, -0.0316744, -0.56869, -9.22821e-05, 0.000214474, 8.5879e-05, 0.495719, 0.429889, 0.347468, 0.0139494, 0.0158783, 0.0296446
0.00155826, -0.0321327, -0.565641, 7.76238e-05, 0.000228138, 0.000121873, 0.502737, 0.427671, 0.354278, 0.0137097, 0.0157247, 0.0293335
0.00148145, -0.0321382, -0.56325, 0.000202852, 0.000244427, 0.000155823, 0.509626, 0.426088, 0.361955, 0.0135212, 0.0156002, 0.0289896
0.00144641, -0.0320897, -0.562361, 0.000247106, 0.000260734, 0.000188684, 0.516401, 0.424975, 0.370005, 0.0133613, 0.0154996, 0.0286151
0.0013873, -0.0324376, -0.56017, 0.000338019, 0.000269802, 0.000213055, 0.523102, 0.425224, 0.378005, 0.013238, 0.0154162, 0.0282132
0.00145107, -0.0332344, -0.557696, 0.000423092, 0.000262, 0.000194652, 0.529727, 0.427568, 0.385795, 0.0131526, 0.0153473, 0.0277894
0.00111226, -0.0340809, -0.555425, 0.000476435, 0.000262067, 0.00022987, 0.536254, 0.43156, 0.393352, 0.013085, 0.0152927, 0.0273411
0.00108842, -0.0354343, -0.55311, 0.000527307, 0.00025026, 0.000198346, 0.542701, 0.436861, 0.400603, 0.0130158, 0.0152505, 0.0268612
0.00073528, -0.0364949, -0.550779, 0.000552196, 0.000241562, 0.000204366, 0.54909, 0.443769, 0.40734, 0.0129334, 0.0152159, 0.0263545
0.000165843, -0.0379147, -0.547142, 0.000535435, 0.000220676, 0.000158109, 0.555407, 0.451752, 0.413366, 0.0128072, 0.0151876, 0.0258219
-0.000508187, -0.038762, -0.54392, 0.000493498, 0.000202814, 0.000125823, 0.561574, 0.459956, 0.418322, 0.012609, 0.0151656, 0.0252818
-0.000732704, -0.0391041, -0.541714, 0.000423217, 0.000194643, 9.45426e-05, 0.567562, 0.467893, 0.421731, 0.0123317, 0.0151497, 0.0247472
-0.000432142, -0.0385334, -0.542514, 0.000367794, 0.00020041, 0.000121175, 0.573307, 0.475571, 0.422868, 0.0119655, 0.0151373, 0.0242437
6.1285e-05, -0.0379034, -0.543687, 0.000311632, 0.000203331, 0.000113965, 0.578761, 0.483112, 0.42103, 0.0115335, 0.0151275, 0.0237853
0.00105911, -0.0373306, -0.545501, 0.000267649, 0.000203401, 6.24433e-05, 0.583952, 0.490716, 0.415897, 0.0110797, 0.0151193, 0.0233941
0.00202864, -0.0370803, -0.546471, 0.000219038, 0.000206446, 1.61465e-05, 0.588999, 0.49837, 0.407909, 0.0106342, 0.01511, 0.023094
0.00336498, -0.0376572, -0.551272, 0.000255722, 0.000215571, 2.12347e-05, 0.593856, 0.50568, 0.397018, 0.010192, 0.0150968, 0.0228778
0.00456414, -0.0386031, -0.554966, 0.00028317, 0.000221055, 1.32131e-05, 0.598636, 0.512155, 0.384405, 0.0097754, 0.0150772, 0.0227326
0.0055809, -0.0395681, -0.557179, 0.00030707, 0.000220198, -6.18362e-07, 0.603401, 0.517045, 0.371413, 0.00939206, 0.0150483, 0.0226446
0.00646342, -0.0405502, -0.558902, 0.000331728, 0.000211909, -1.26982e-05, 0.608157, 0.519388, 0.358099, 0.00902371, 0.0150068, 0.0226003
0.00790067, -0.0411104, -0.558654, 0.000295096, 0.00019145, -2.77567e-05, 0.61293, 0.518163, 0.345288, 0.00865921, 0.0149479, 0.0225837
0.00885203, -0.0402951, -0.557877, 0.000278237, 0.000153006, -2.3156e-05, 0.617733, 0.513093, 0.334786, 0.0083146, 0.0148653, 0.0225732
0.00935298, -0.0391576, -0.557146, 0.000263156, 0.000116274, -9.11968e-06, 0.62259, 0.504345, 0.327379, 0.0080008, 0.0147518, 0.022548
0.00945871, -0.03732, -0.557131, 0.000264582, 6.87555e-05, 1.57191e-05, 0.627481, 0.492238, 0.322954, 0.00771902, 0.014602, 0.0224889
0.00885331, -0.0346665, -0.557702, 0.000274767, 3.72202e-05, 2.51315e-05, 0.632377, 0.477505, 0.321167, 0.00746287, 0.0144165, 0.0223786
0.0083735, -0.0317742, -0.557986, 0.000271209, 6.39863e-06, 4.14156e-05, 0.637245, 0.461194, 0.321554, 0.00723029, 0.0142032, 0.0222056
0.00751419, -0.0286918, -0.55876, 0.000272547, -4.84166e-06, 3.31871e-05, 0.642044, 0.444428, 0.323575, 0.00702232, 0.0139735, 0.0219658
0.00650077, -0.0245291, -0.560091, 0.000270673, -2.70733e-05, 3.70978e-05, 0.646755, 0.428411, 0.326711, 0.00684365, 0.0137394, 0.0216625
0.00559685, -0.0208749, -0.562259, 0.000276318, -4.50901e-05, 4.29071e-05, 0.651421, 0.414513, 0.330549, 0.00670165, 0.01351, 0.0212988
0.00507063, -0.0189466, -0.564592, 0.000288562, -5.11821e-05, 4.25873e-05, 0.65609, 0.404128, 0.334926, 0.00660005, 0.0132933, 0.0208801
0.00467025, -0.018093, -0.566039, 0.000297545, -3.73923e-05, 1.46566e-05, 0.660773, 0.397798, 0.339766, 0.00653251, 0.0130962, 0.020429
0.0046757, -0.0188262, -0.566837, 0.000306664, -2.98016e-05, 2.10922e-06, 0.665457, 0.395181, 0.344871, 0.00649072, 0.0129219, 0.0199765
0.00485316, -0.0202068, -0.56733, 0.000311833, -2.91285e-05, 1.72174e-06, 0.670061, 0.395736, 0.349896, 0.00646791, 0.0127736, 0.019551
0.00520964, -0.0223784, -0.567577, 0.0003079, -4.16724e-05, 2.11756e-05, 0.674486, 0.398855, 0.354421, 0.00645347, 0.0126509, 0.0191695
0.00533985, -0.0247757, -0.56773, 0.000291203, -5.41225e-05, 3.04786e-05, 0.678704, 0.40379, 0.357955, 0.0064315, 0.0125489, 0.0188402
0.0046725, -0.0262349, -0.565253, 0.000266115, -7.27623e-05, 3.38129e-05, 0.682758, 0.409921, 0.359994, 0.00638613, 0.0124618, 0.0185655
0.00381003, -0.0275605, -0.562538, 0.000230824, -9.70372e-05, 3.9592e-05, 0.686558, 0.416872, 0.360049, 0.00630844, 0.0123867, 0.0183412
0.00251338, -0.0291335, -0.560157, 0.000180296, -0.000121866, 3.30525e-05, 0.690133, 0.424485, 0.358071, 0.00619825, 0.0123202, 0.0181636
0.00105876, -0.0306821, -0.558303, 0.000124867, -0.000143246, 1.6502e-05, 0.693644, 0.4325, 0.354466, 0.00606579, 0.0122577, 0.0180261
-0.000428223, -0.0317311, -0.556968, 9.50261e-05, -0.000146576, -1.15903e-05, 0.697291, 0.440462, 0.349594, 0.00592486, 0.0121957, 0.0179248
-0.00174714, -0.0328147, -0.556531, 6.57007e-05, -0.000137622, -4.66148e-05, 0.701207, 0.447774, 0.343786, 0.00578509, 0.0121302, 0.0178549
-0.00287811, -0.0337269, -0.556408, 4.61629e-05, -0.00011948, -7.83195e-05, 0.705359, 0.453781, 0.337843, 0.00565034, 0.0120598, 0.0178086
-0.00389144, -0.0345086, -0.556663, 2.77043e-05, -9.47739e-05, -0.000107224, 0.709677, 0.45779, 0.33275, 0.0055161, 0.0119834, 0.0177822
-0.00461682, -0.0351368, -0.556765, 1.79931e-05, -7.22427e-05, -0.000122685, 0.714135, 0.459081, 0.328996, 0.00538158, 0.0119023, 0.0177696
-0.00508109, -0.0356521, -0.557377, 3.53618e-06, -4.89824e-05, -0.000130709, 0.718769, 0.457106, 0.326648, 0.00525278, 0.0118189, 0.0177637
-0.00522714, -0.0356247, -0.557731, -2.61952e-06, -3.02877e-05, -0.0001311, 0.723575, 0.451598, 0.325671, 0.00513297, 0.0117345, 0.0177583
-0.00527427, -0.0349279, -0.557677, -4.3632e-06, -7.11992e-06, -0.000125207, 0.728518, 0.442756, 0.326042, 0.00502274, 0.0116519, 0.0177491
-0.0052252, -0.0338639, -0.557828, -9.05686e-06, 3.84889e-06, -0.000122537, 0.733544, 0.431307, 0.327579, 0.00492156, 0.0115719, 0.0177329
-0.00509518, -0.031729, -0.557477, -1.32433e-05, 1.39145e-05, -0.000118484, 0.738601, 0.418284, 0.330039, 0.00482711, 0.0114948, 0.0177059
-0.00489217, -0.0289991, -0.557454, -2.35742e-05, 2.03906e-05, -0.000116314, 0.743661, 0.404691, 0.333114, 0.00473927, 0.0114236, 0.0176658
-0.00474396, -0.0253645, -0.557164, -3.78187e-05, 3.27656e-05, -0.000104918, 0.748711, 0.391418, 0.336473, 0.00465998, 0.0113592, 0.0176119
-0.00444158, -0.0286921, -0.555011, -9.42104e-06, 4.0006e-05, -9.54887e-05, 0.753765, 0.379588, 0.339892, 0.00459423, 0.0112984, 0.0175468
-0.00356391, -0.0431266, -0.555249, 6.18007e-05, -2.622e-05, -0.000210469, 0.758805, 0.370281, 0.343231, 0.00454443, 0.0112394, 0.0174719
-0.00457716, -0.0324913, -0.5549, 1.58105e-05, -5.59648e-06, -0.000137763, 0.763774, 0.364062, 0.346339, 0.00450871, 0.0111847, 0.0173829
-0.00465644, -0.0257415, -0.555771, -1.03338e-05, 1.23666e-05, -0.000101253, 0.768656, 0.360694, 0.349329, 0.00448396, 0.0111382, 0.0172757
-0.00472408, -0.0215791, -0.555767, -2.13577e-05, 2.41745e-05, -7.10091e-05, 0.773446, 0.359493, 0.352292, 0.00446491, 0.0110997, 0.0171435
-0.00477761, -0.0191715, -0.555149, -2.09095e-05, 2.33501e-05, -6.57785e-05, 0.778108, 0.360022, 0.355143, 0.00444893, 0.0110685, 0.0169859
-0.00486308, -0.0174453, -0.554291, -1.76045e-05, 2.30561e-05, -5.79901e-05, 0.782588, 0.362158, 0.357766, 0.00443298, 0.0110435, 0.0168081
-0.00466235, -0.0153691, -0.55488, -1.30867e-05, 2.77577e-05, -3.55703e-05, 0.786786, 0.365767, 0.359908, 0.00441271, 0.0110252, 0.016615
-0.00434688, -0.013884, -0.555687, -6.30491e-06, 3.08219e-05, -2.24188e-05, 0.790682, 0.37051, 0.361419, 0.00438453, 0.0110124, 0.0164144
-0.00417621, -0.0130964, -0.55625, -1.61632e-06, 3.30018e-05, -7.84981e-06, 0.794262, 0.376369, 0.362172, 0.00434673, 0.011003, 0.0162218
-0.00385858, -0.0130465, -0.556037, 4.55484e-08, 3.15986e-05, -2.10916e-05, 0.797478, 0.383415, 0.361788, 0.0042969, 0.0109949, 0.0160481
-0.00347148, -0.0131341, -0.554892, -2.26818e-06, 2.87764e-05, -4.94599e-05, 0.800495, 0.391348, 0.359895, 0.0042318, 0.0109869, 0.0158973
-0.00303003, -0.0129268, -0.554332, -6.43553e-08, 2.43704e-05, -7.37491e-05, 0.803422, 0.399549, 0.35631, 0.00414993, 0.0109784, 0.0157694
-0.00224618, -0.0127317, -0.553724, 2.42497e-07, 2.04849e-05, -0.000104146, 0.806358, 0.407246, 0.351771, 0.00406129, 0.010968, 0.0156693
-0.00134793, -0.0129208, -0.554315, 5.28776e-06, 1.52845e-05, -0.000125652, 0.809284, 0.413699, 0.346652, 0.00397526, 0.010954, 0.0156053
-0.000474432, -0.0133628, -0.555157, 1.0867e-05, 7.69964e-06, -0.000138135, 0.812174, 0.418204, 0.341476, 0.00389787, 0.0109332, 0.0155741
0.000334804, -0.0135367, -0.555555, 1.45799e-05, -3.6614e-06, -0.000145449, 0.814952, 0.420263, 0.336788, 0.00382596, 0.0109026, 0.0155633
0.000720597, -0.0130518, -0.555722, 1.68811e-05, -1.98088e-05, -0.000143368, 0.817538, 0.419476, 0.332993, 0.00375655, 0.0108613, 0.0155594
0.000161833, -0.0115313, -0.556634, 2.37338e-05, -5.00703e-05, -0.000133293, 0.819918, 0.415523, 0.330189, 0.00368931, 0.0108087, 0.0155488
-0.000559254, -0.0102252, -0.557868, 2.95274e-05, -7.93799e-05, -0.000118243, 0.822138, 0.408431, 0.32842, 0.00362413, 0.0107454, 0.015517
-0.00179553, -0.0081047, -0.559114, 3.23342e-05, -0.000106354, -0.000106737, 0.824324, 0.398741, 0.327569, 0.003561, 0.0106695, 0.0154509
-0.00285629, -0.0061861, -0.560304, 3.26505e-05, -0.000132133, -9.20067e-05, 0.826656, 0.387425, 0.327515, 0.00349976, 0.0105814, 0.0153446
-0.00447923, -0.00374377, -0.5626, 3.48659e-05, -0.000166837, -7.25361e-05, 0.829312, 0.375582, 0.328022, 0.00344143, 0.0104825, 0.0151959
-0.00586356, -0.00201428, -0.565073, 3.84216e-05, -0.000193889, -5.81441e-05, 0.832405, 0.364382, 0.328901, 0.00338808, 0.0103785, 0.0150063
-0.00640447, -0.00189034, -0.566411, 4.20229e-05, -0.000204793, -5.28371e-05, 0.835937, 0.354986, 0.330188, 0.00334152, 0.010278, 0.0147843
-0.0068451, -0.00195514, -0.567675, 4.62315e-05, -0.000208431, -5.60914e-05, 0.839794, 0.348076, 0.331946, 0.0033029, 0.0101878, 0.0145456
-0.00699526, -0.00282693, -0.567972, 5.06767e-05, -0.00020312, -7.03224e-05, 0.843815, 0.343638, 0.334146, 0.00327266, 0.0101118, 0.01431
-0.00696245, -0.00458399, -0.568189, 5.55785e-05, -0.000197332, -8.19389e-05, 0.847838, 0.341193, 0.336656, 0.00325051, 0.0100499, 0.0140964
-0.00681989, -0.00698522, -0.568156, 5.88339e-05, -0.000193222, -9.06055e-05, 0.851715, 0.3402, 0.339235, 0.00323463, 0.00999973, 0.013913
-0.00672855, -0.00937284, -0.56811, 6.02221e-05, -0.000189062, -0.000101441, 0.855295, 0.340253, 0.341583, 0.00322293, 0.00995859, 0.0137604
-0.00693254, -0.011115, -0.567007, 5.79664e-05, -0.000190129, -0.000108947, 0.858635, 0.340712, 0.343312, 0.00321323, 0.00992193, 0.0136402
-0.00767972, -0.0113951, -0.564032, 5.2424e-05, -0.000200439, -0.000106191, 0.861851, 0.340901, 0.34403, 0.00320312, 0.00988882, 0.0135478
-0.00868486, -0.0114275, -0.560833, 4.70166e-05, -0.000208826, -0.000104186, 0.865094, 0.340913, 0.343829, 0.00319167, 0.00985841, 0.0134785
-0.00976326, -0.0110295, -0.557335, 4.3287e-05, -0.000215517, -0.000101295, 0.868467, 0.341478, 0.343148, 0.00317966, 0.0098285, 0.0134274
-0.0106353, -0.0108693, -0.554594, 4.22097e-05, -0.000217401, -0.000100959, 0.87198, 0.343133, 0.342101, 0.0031676, 0.00979731, 0.0133907
-0.0113667, -0.0107267, -0.551952, 4.34395e-05, -0.000216816, -9.96895e-05, 0.875586, 0.345841, 0.340471, 0.00315509, 0.00976378, 0.0133649
-0.0119343, -0.0108803, -0.550199, 4.47848e-05, -0.000213331, -9.94425e-05, 0.87917, 0.349282, 0.338282, 0.00314175, 0.00972736, 0.0133456
-0.0125426, -0.0110196, -0.548623, 4.69862e-05, -0.000204337, -0.000102953, 0.882613, 0.353184, 0.335621, 0.00312755, 0.00968598, 0.0133297
-0.0129912, -0.010955, -0.548015, 4.76173e-05, -0.000188867, -0.000110335, 0.885727, 0.357409, 0.332644, 0.00311291, 0.00963704, 0.0133156
-0.0132887, -0.0107354, -0.54824, 4.55262e-05, -0.000170602, -0.000120763, 0.88821, 0.362021, 0.329436, 0.00309802, 0.00957829, 0.0133023
-0.0137302, -0.010542, -0.547476, 4.52549e-05, -0.000149683, -0.00013174, 0.889669, 0.367112, 0.326036, 0.00308286, 0.00950659, 0.0132899
-0.0142505, -0.0103764, -0.547594, 4.1839e-05, -0.000132915, -0.00014187, 0.889373, 0.372614, 0.322515, 0.00306722, 0.00941471, 0.0132805
-0.0140438, -0.00995075, -0.547351, 3.94534e-05, -0.000111902, -0.000146423, 0.885948, 0.378227, 0.318838, 0.00305091, 0.0092894, 0.013275
-0.0139958, -0.0092173, -0.549009, 3.13779e-05, -9.44898e-05, -0.000151165, 0.877213, 0.383571, 0.314853, 0.00303411, 0.00911006, 0.0132721
-0.0138966, -0.00879092, -0.549328, 2.69565e-05, -7.89472e-05, -0.000152888, 0.860534, 0.388477, 0.310494, 0.00301693, 0.00885202, 0.0132703
-0.0129826, -0.00796147, -0.550333, 2.14318e-05, -5.8925e-05, -0.0001544, 0.833576, 0.392876, 0.305984, 0.00300017, 0.00849137, 0.0132689
-0.0116515, -0.0071702, -0.551302, 1.72382e-05, -4.06094e-05, -0.00015608, 0.795498, 0.396861, 0.301557, 0.00298455, 0.00801642, 0.0132675
-0.0101685, -0.00667463, -0.551712, 1.57957e-05, -2.5129e-05, -0.000157881, 0.74862, 0.401026, 0.297446, 0.00297017, 0.00745143, 0.013266
-0.00877344, -0.00665359, -0.551196, 1.76906e-05, -1.43452e-05, -0.000159024, 0.69876, 0.405687, 0.294124, 0.00295731, 0.006859, 0.0132639
-0.00789397, -0.00692728, -0.550804, 2.00939e-05, -1.1997e-05, -0.000158821, 0.652073, 0.410674, 0.291853, 0.002946, 0.00630943, 0.0132601
-0.00677965, -0.00719671, -0.550953, 2.18473e-05, -8.75056e-06, -0.000157774, 0.611969, 0.415551, 0.29041, 0.00293615, 0.00584614, 0.0132537
-0.0051021, -0.00757939, -0.550299, 2.42413e-05, 7.74438e-07, -0.000156289, 0.579145, 0.41996, 0.289237, 0.0029275, 0.00548354, 0.0132453
-0.00384261, -0.007666, -0.551073, 2.45681e-05, 7.24022e-06, -0.000155959, 0.552447, 0.42391, 0.288038, 0.00292025, 0.00521323, 0.0132356
-0.00230299, -0.0078435, -0.552581, 2.48715e-05, 1.3843e-05, -0.000154662, 0.530472, 0.427602, 0.2868, 0.00291478, 0.00501877, 0.0132252
-0.000804254, -0.00836774, -0.552446, 2.61395e-05, 2.02836e-05, -0.000152112, 0.51227, 0.43138, 0.285786, 0.00291124, 0.00488302, 0.0132143
0.000282072, -0.00874845, -0.5526, 2.6659e-05, 2.41035e-05, -0.000149975, 0.497544, 0.435559, 0.285094, 0.00290919, 0.0047914, 0.013204
0.00187486, -0.00928146, -0.552805, 2.72159e-05, 2.94661e-05, -0.000146909, 0.486555, 0.44033, 0.284543, 0.00290806, 0.0047344, 0.0131963
0.00309957, -0.00980691, -0.551817, 2.73256e-05, 3.27736e-05, -0.000143737, 0.479569, 0.445673, 0.284188, 0.0029075, 0.00470534, 0.0131906
0.00433184, -0.0101922, -0.551828, 2.68558e-05, 3.43772e-05, -0.000140566, 0.476389, 0.451321, 0.283969, 0.00290702, 0.0046948, 0.0131864
0.0051811, -0.0103891, -0.552141, 2.60654e-05, 3.35669e-05, -0.000136922, 0.476714, 0.456854, 0.283792, 0.00290613, 0.00469313, 0.0131828
0.00553936, -0.0108006, -0.55348, 2.51267e-05, 3.07937e-05, -0.000133108, 0.479821, 0.46161, 0.283719, 0.00290445, 0.0046889, 0.0131788
0.00571291, -0.0110317, -0.554848, 2.48378e-05, 2.93456e-05, -0.000132054, 0.484837, 0.464721, 0.283844, 0.00290172, 0.00467257, 0.013174
0.00590282, -0.0114837, -0.556498, 2.44747e-05, 3.13925e-05, -0.000132879, 0.490983, 0.46539, 0.284094, 0.00289743, 0.00463243, 0.0131701
0.00601051, -0.0123427, -0.55594, 2.238e-05, 3.38659e-05, -0.000133348, 0.497218, 0.463014, 0.284439, 0.00289073, 0.00455701, 0.0131673
0.00650357, -0.0130626, -0.556962, 2.08587e-05, 4.10524e-05, -0.000135237, 0.502397, 0.45741, 0.284889, 0.00288058, 0.0044395, 0.0131645
0.00699504, -0.0142034, -0.556481, 1.77319e-05, 4.67429e-05, -0.000135267, 0.505727, 0.44914, 0.285303, 0.00286658, 0.00428203, 0.0131619
0.00746046, -0.0151488, -0.555606, 1.51703e-05, 5.16759e-05, -0.000134552, 0.507023, 0.439209, 0.285462, 0.00285019, 0.00409807, 0.0131598
0.00775213, -0.0157182, -0.555418, 1.4057e-05, 5.68636e-05, -0.000133653, 0.506684, 0.428393, 0.285391, 0.00283392, 0.00390904, 0.0131564
0.00795427, -0.0157003, -0.556641, 1.3051e-05, 5.60436e-05, -0.000132997, 0.505182, 0.417463, 0.285016, 0.00281805, 0.00373124, 0.0131497
0.00794138, -0.0155313, -0.558159, 1.25715e-05, 5.33725e-05, -0.000132841, 0.502255, 0.407448, 0.284315, 0.00280222, 0.00356819, 0.0131406
0.0075083, -0.015006, -0.558833, 1.28269e-05, 4.84438e-05, -0.000132561, 0.497376, 0.398947, 0.283636, 0.00278556, 0.00341854, 0.0131309
0.00703194, -0.0142103, -0.558221, 1.25221e-05, 4.19901e-05, -0.000135328, 0.490149, 0.392078, 0.283207, 0.00276697, 0.00328032, 0.0131197
0.0117023, -0.0286736, -0.558087, 2.53371e-05, 0.000144921, -2.73088e-05, 0.48069, 0.386514, 0.283088, 0.0027464, 0.00315561, 0.0131083
0.00662471, -0.0186666, -0.557364, 2.08438e-05, 7.61901e-05, -9.79569e-05, 0.4699, 0.381345, 0.283117, 0.00272478, 0.00305128, 0.0131005
0.00359428, -0.011492, -0.556475, 1.00817e-05, 3.44211e-05, -0.000104239, 0.458085, 0.375979, 0.283134, 0.00270152, 0.00296845, 0.013097
-0.00811118, -0.00557347, -0.557463, 1.18711e-05, -2.71775e-05, -5.38482e-05, 0.445384, 0.370767, 0.283099, 0.00267749, 0.00290155, 0.0130948
-0.00615486, -0.00371084, -0.554693, 7.78039e-06, -2.64673e-05, -8.53352e-05, 0.432446, 0.366198, 0.283147, 0.00265371, 0.00284754, 0.0130926
-0.00574026, -0.00247853, -0.552954, 3.27254e-06, -2.83799e-05, -8.03048e-05, 0.420415, 0.36278, 0.283261, 0.0026323, 0.00280552, 0.0130891
-0.0055948, -0.00188121, -0.554591, 1.83684e-06, -2.90166e-05, -7.79442e-05, 0.410338, 0.360807, 0.283243, 0.00261472, 0.00277475, 0.0130842
-0.00629098, -0.00154434, -0.55455, 1.23941e-06, -3.14459e-05, -7.46842e-05, 0.402742, 0.360236, 0.283072, 0.00260151, 0.00275432, 0.0130782
-0.00697469, -0.00140211, -0.552156, 5.87399e-07, -3.30712e-05, -7.21847e-05, 0.397739, 0.360846, 0.282977, 0.0025926, 0.00274307, 0.013071
-0.00797225, -0.00165212, -0.554009, 1.72491e-06, -3.42942e-05, -7.24961e-05, 0.395372, 0.362345, 0.282939, 0.00258705, 0.00273905, 0.0130609
-0.00806807, -0.00200879, -0.555187, 1.88615e-06, -3.43001e-05, -7.53294e-05, 0.395379, 0.364346, 0.282896, 0.00258378, 0.00273864, 0.013046
-0.00787313, -0.00256005, -0.555506, 1.71855e-06, -3.44082e-05, -7.91855e-05, 0.397193, 0.366416, 0.282902, 0.00258248, 0.00273779, 0.0130297
-0.00762078, -0.00327176, -0.557459, 1.51861e-06, -3.48214e-05, -8.30762e-05, 0.400489, 0.368286, 0.282921, 0.00258215, 0.00273312, 0.0130141
-0.00747001, -0.0039905, -0.559034, 9.04346e-07, -3.59256e-05, -8.70315e-05, 0.405005, 0.369807, 0.282881, 0.00258148, 0.00272184, 0.0129991
-0.00744331, -0.00468461, -0.562364, 1.86197e-07, -3.75295e-05, -8.93697e-05, 0.410315, 0.370879, 0.282816, 0.00257956, 0.00270285, 0.0129848
-0.00708951, -0.00556941, -0.565759, -1.68438e-07, -4.20207e-05, -9.10335e-05, 0.41597, 0.371439, 0.282744, 0.00257599, 0.00267688, 0.0129723
-0.00678504, -0.00639399, -0.566596, -3.01315e-07, -4.67206e-05, -9.10741e-05, 0.421556, 0.37146, 0.282612, 0.00257025, 0.00264553, 0.0129634
-0.00671653, -0.00758187, -0.565775, -5.7878e-07, -5.22323e-05, -9.19429e-05, 0.426597, 0.371033, 0.28252, 0.00256185, 0.00261006, 0.012958
-0.00670466, -0.00880204, -0.56352, 1.71778e-07, -5.89112e-05, -9.08697e-05, 0.430648, 0.370209, 0.28247, 0.00255043, 0.00257174, 0.0129549
-0.00659145, -0.00943591, -0.562679, 1.10276e-06, -6.24356e-05, -8.98741e-05, 0.433386, 0.369017, 0.282393, 0.00253567, 0.00253279, 0.0129528
-0.00639211, -0.0102794, -0.561913, 2.58229e-06, -6.64043e-05, -8.94493e-05, 0.434627, 0.367495, 0.282188, 0.00251779, 0.00249558, 0.0129491
-0.00624484, -0.010821, -0.560734, 4.09807e-06, -6.85933e-05, -9.04936e-05, 0.434074, 0.365714, 0.28204, 0.00249769, 0.00245991, 0.0129412
-0.00601926, -0.0106568, -0.559668, 5.07338e-06, -6.7477e-05, -9.32099e-05, 0.431802, 0.363714, 0.281868, 0.00247708, 0.00242764, 0.0129288
-0.00577608, -0.0110409, -0.557757, 6.4835e-06, -6.76442e-05, -9.48668e-05, 0.428012, 0.361601, 0.2816, 0.00245809, 0.00239869, 0.0129151
-0.00495885, -0.0111586, -0.556075, 8.96834e-06, -6.58511e-05, -0.000100303, 0.423005, 0.359515, 0.281305, 0.00244228, 0.00237314, 0.0129017
-0.00366695, -0.0106164, -0.555137, 1.17699e-05, -6.19407e-05, -0.000110537, 0.417452, 0.357713, 0.281045, 0.00243004, 0.00235342, 0.0128843
-0.00613353, -0.0163763, -0.56041, 1.66572e-05, -7.7284e-05, -0.000115911, 0.412202, 0.356627, 0.28085, 0.00242124, 0.00234058, 0.012858
-0.00437152, -0.0124541, -0.557244, 1.24633e-05, -7.1234e-05, -0.000109337, 0.408157, 0.356747, 0.280814, 0.0024146, 0.00233402, 0.0128199
-0.003045, -0.00980214, -0.554233, 1.63354e-05, -6.82411e-05, -0.00014183, 0.405955, 0.35822, 0.280861, 0.00240913, 0.00233144, 0.0127797
-0.00218108, -0.00853458, -0.55235, 1.80926e-05, -6.73654e-05, -0.000155551, 0.405841, 0.360788, 0.280798, 0.00240483, 0.00233058, 0.0127505
-0.00197691, -0.00752376, -0.55097, 1.86708e-05, -6.73564e-05, -0.000162911, 0.407633, 0.363941, 0.280687, 0.00240175, 0.00232966, 0.0127359
-0.00262307, -0.00688638, -0.551873, 1.87783e-05, -6.76336e-05, -0.000165498, 0.411089, 0.367317, 0.280564, 0.00239963, 0.00232668, 0.0127318
-0.00319093, -0.0071852, -0.553994, 1.80022e-05, -6.69619e-05, -0.000163767, 0.415976, 0.370772, 0.280439, 0.00239801, 0.00231921, 0.0127305
-0.00363544, -0.00770243, -0.556506, 1.70429e-05, -6.51195e-05, -0.000162635, 0.421849, 0.374176, 0.280353, 0.00239633, 0.00230593, 0.0127272
-0.00378206, -0.00859139, -0.555867, 1.56032e-05, -6.28455e-05, -0.000165331, 0.428246, 0.377417, 0.280299, 0.00239411, 0.00228685, 0.0127217
-0.00397907, -0.00960645, -0.555013, 1.44466e-05, -5.91531e-05, -0.000167072, 0.434682, 0.380301, 0.280251, 0.00239112, 0.00226344, 0.0127144
-0.00421143, -0.010825, -0.554126, 1.39551e-05, -5.39678e-05, -0.000168664, 0.440635, 0.382523, 0.280187, 0.00238762, 0.00223823, 0.0127048
-0.00405389, -0.0116253, -0.555541, 1.31513e-05, -5.10455e-05, -0.000169439, 0.445472, 0.383737, 0.280128, 0.00238343, 0.00221361, 0.012694
-0.00415336, -0.0120042, -0.555415, 1.34806e-05, -4.96072e-05, -0.000168992, 0.448566, 0.383746, 0.280093, 0.00237784, 0.00219023, 0.0126844
-0.0046259, -0.0122215, -0.55491, 1.44905e-05, -4.91879e-05, -0.000167103, 0.449067, 0.38234, 0.280187, 0.00237037, 0.00216782, 0.0126786
-0.00555756, -0.0122789, -0.552682, 1.55767e-05, -5.11169e-05, -0.000163616, 0.446527, 0.37948, 0.280384, 0.0023608, 0.00214554, 0.0126754
-0.00602408, -0.0117308, -0.551741, 1.51734e-05, -5.36103e-05, -0.000160451, 0.440995, 0.375346, 0.280625, 0.00234894, 0.00212296, 0.0126731
-0.00689828, -0.0110655, -0.552698, 1.56426e-05, -5.62803e-05, -0.000158039, 0.432888, 0.370264, 0.280852, 0.00233435, 0.00210048, 0.0126701
-0.00757616, -0.0104521, -0.555026, 1.58185e-05, -5.84222e-05, -0.000156186, 0.423198, 0.364777, 0.280885, 0.00231731, 0.00207913, 0.0126632
-0.00873192, -0.00998175, -0.556208, 1.63813e-05, -6.13893e-05, -0.000155281, 0.413053, 0.359599, 0.280792, 0.00229977, 0.00205987, 0.0126516
-0.00942122, -0.00919188, -0.555911, 1.53499e-05, -6.34845e-05, -0.000152389, 0.403731, 0.35537, 0.280675, 0.00228463, 0.00204372, 0.0126389
-0.00981284, -0.00826928, -0.555193, 1.38549e-05, -6.48597e-05, -0.000149448, 0.396094, 0.352417, 0.280635, 0.00227322, 0.00203152, 0.012628
-0.0107882, -0.00858054, -0.556534, 1.50273e-05, -6.61992e-05, -0.000151815, 0.390617, 0.350778, 0.280667, 0.00226545, 0.0020237, 0.0126194
-0.010723, -0.00846377, -0.558848, 1.47425e-05, -6.60234e-05, -0.000151882, 0.387381, 0.350318, 0.280758, 0.00226095, 0.0020197, 0.0126137
-0.0105198, -0.00823716, -0.560215, 1.40556e-05, -6.59093e-05, -0.000150651, 0.386225, 0.350828, 0.280862, 0.00225872, 0.00201822, 0.0126102
-0.010341, -0.00816249, -0.562964, 1.37424e-05, -6.54814e-05, -0.000150727, 0.386862, 0.352097, 0.280986, 0.00225765, 0.00201741, 0.0126079
-0.0096069, -0.00833783, -0.564773, 1.28668e-05, -6.59948e-05, -0.000148894, 0.388946, 0.353839, 0.281013, 0.00225681, 0.00201554, 0.0126063
-0.00940437, -0.00880998, -0.564223, 1.16862e-05, -6.60704e-05, -0.000147703, 0.392289, 0.35594, 0.280966, 0.0022552, 0.0020112, 0.0126047
-0.00929375, -0.00942039, -0.565467, 1.05921e-05, -6.64604e-05, -0.000145987, 0.396663, 0.358289, 0.280943, 0.00225231, 0.00200315, 0.0126026
-0.00925134, -0.00975543, -0.566525, 9.78043e-06, -6.70585e-05, -0.000145287, 0.401642, 0.360616, 0.280874, 0.0022482, 0.00199132, 0.0126004
-0.00890257, -0.0100992, -0.565295, 9.78192e-06, -6.92313e-05, -0.000144879, 0.406735, 0.362685, 0.280873, 0.00224306, 0.001976, 0.0125974
-0.00849052, -0.0108396, -0.564587, 9.69689e-06, -7.25903e-05, -0.000142035, 0.411413, 0.364257, 0.280907, 0.00223745, 0.00195799, 0.0125933
-0.00860521, -0.0112938, -0.564078, 9.2566e-06, -7.38667e-05, -0.000142347, 0.415217, 0.365149, 0.280899, 0.00223177, 0.00193861, 0.0125891
-0.00831461, -0.0116219, -0.563798, 9.99355e-06, -7.51935e-05, -0.00014258, 0.417724, 0.365239, 0.28077, 0.00222589, 0.00191918, 0.0125859
-0.00777233, -0.012025, -0.563532, 1.13619e-05, -7.64867e-05, -0.000142836, 0.418574, 0.364454, 0.280586, 0.00221928, 0.00190115, 0.012584
-0.00104842, -0.0237449, -0.569171, 3.6324e-05, -0.000105896, -0.000181466, 0.417606, 0.362822, 0.280396, 0.00221156, 0.00188467, 0.0125828
0.0224769, -0.067629, -0.563551, 0.000104222, -0.000184611, -0.000189747, 0.414823, 0.360465, 0.280264, 0.00220303, 0.00187087, 0.012581
0.0425247, -0.0950737, -0.554512, 0.000149764, -0.0002113, -0.000184487, 0.410589, 0.357747, 0.280267, 0.00219453, 0.0018607, 0.0125753
0.0519825, -0.107421, -0.545886, 0.00016448, -0.000216975, -0.000153824, 0.405829, 0.355312, 0.280493, 0.00218675, 0.00185395, 0.0125592
0.0401428, -0.0988873, -0.537369, 0.000149327, -0.000224381, -0.000155656, 0.401826, 0.353812, 0.280851, 0.00217984, 0.00184972, 0.0125323
-0.0126234, -0.0379781, -0.549733, 0.000111295, -0.00023384, -0.000381586, 0.399321, 0.353464, 0.281163, 0.002174, 0.00184733, 0.0125048
-0.0459558, -0.000151194, -0.556333, 8.68392e-05, -0.000233457, -0.000469022, 0.398179, 0.353886, 0.281161, 0.0021696, 0.00184578, 0.0124879
-0.0663069, 0.0231283, -0.559738, 7.14099e-05, -0.000223128, -0.000490948, 0.397997, 0.354625, 0.280913, 0.00216565, 0.0018439, 0.0124745
-0.078695, 0.0363059, -0.562901, 6.29153e-05, -0.000210625, -0.000499934, 0.397891, 0.355106, 0.280593, 0.00216281, 0.00184048, 0.012467
-0.0866043, 0.0424041, -0.564901, 5.89494e-05, -0.000201979, -0.00050947, 0.397441, 0.355191, 0.280303, 0.00216153, 0.00183528, 0.0124643
-0.08997, 0.0424832, -0.567032, 5.71984e-05, -0.000201811, -0.000511561, 0.397038, 0.355165, 0.280035, 0.00216116, 0.00182911, 0.0124605
-0.0906113, 0.040238, -0.566047, 5.75215e-05, -0.000204903, -0.000522595, 0.39705, 0.355227, 0.2798, 0.00216067, 0.00182253, 0.0124469
-0.0890098, 0.0359092, -0.565128, 5.94501e-05, -0.000212655, -0.000549398, 0.397647, 0.355517, 0.27968, 0.0021592, 0.00181602, 0.0124181
-0.0854521, 0.0313139, -0.563567, 6.21773e-05, -0.00022138, -0.000589917, 0.398942, 0.356091, 0.279748, 0.00215638, 0.00180968, 0.0123747
-0.0801957, 0.0264254, -0.56279, 6.45363e-05, -0.000232687, -0.000641101, 0.400895, 0.356832, 0.280089, 0.00215217, 0.00180291, 0.012321
-0.0730954, 0.0218617, -0.560222, 6.59904e-05, -0.000241457, -0.000701111, 0.403459, 0.357489, 0.280815, 0.0021471, 0.00179461, 0.0122662
-0.0657363, 0.0180377, -0.556052, 6.58809e-05, -0.000243272, -0.000755164, 0.406359, 0.357783, 0.282023, 0.00214206, 0.00178344, 0.0122217
-0.0587249, 0.0143259, -0.553007, 6.30867e-05, -0.00024275, -0.000787845, 0.408768, 0.357608, 0.283402, 0.00213832, 0.00177265, 0.012198
-0.0519644, 0.0111249, -0.551388, 5.78604e-05, -0.000241196, -0.000798946, 0.410022, 0.35701, 0.284667, 0.0021352, 0.00176276, 0.0121871
-0.0451944, 0.00812387, -0.551135, 5.04418e-05, -0.000238907, -0.000792829, 0.409779, 0.356071, 0.285747, 0.00213171, 0.0017529, 0.0121805
-0.0387112, 0.00513999, -0.552151, 4.18222e-05, -0.000235872, -0.00077482, 0.407866, 0.354888, 0.286655, 0.00212707, 0.00174245, 0.0121709
-0.0320963, 0.00313575, -0.554264, 3.16944e-05, -0.00023384, -0.000747625, 0.404368, 0.35364, 0.287452, 0.00212102, 0.00173135, 0.0121531
-0.0273263, 0.00133561, -0.556336, 2.35642e-05, -0.000231503, -0.000721254, 0.399558, 0.352491, 0.288231, 0.00211358, 0.00171966, 0.0121249
-0.0234052, -0.000182404, -0.558378, 1.65653e-05, -0.000229335, -0.000696629, 0.393825, 0.351586, 0.289084, 0.00210514, 0.00170767, 0.0120861
-0.0210968, -0.00126477, -0.560453, 1.23972e-05, -0.000228445, -0.000683397, 0.387531, 0.351042, 0.289951, 0.00209598, 0.00169621, 0.0120365
-0.018663, -0.00175027, -0.563167, 9.8347e-06, -0.000227841, -0.000682772, 0.381195, 0.350966, 0.290538, 0.00208601, 0.00168708, 0.0119717
-0.0176869, -0.00186757, -0.56492, 9.81391e-06, -0.000227576, -0.000692075, 0.375842, 0.351408, 0.290998, 0.00207443, 0.00168047, 0.0118866
-0.0181285, -0.00177495, -0.565779, 1.10755e-05, -0.000228166, -0.00070431, 0.372229, 0.352342, 0.291754, 0.00206168, 0.00167602, 0.0117887
-0.0199784, -0.00175029, -0.566666, 1.30777e-05, -0.000229287, -0.000719926, 0.37046, 0.353679, 0.292906, 0.00204877, 0.00167339, 0.011688
-0.0207785, -0.00248224, -0.566486, 1.15514e-05, -0.000228875, -0.000712112, 0.370337, 0.355293, 0.294325, 0.00203672, 0.00167209, 0.0115927
-0.0208888, -0.00323643, -0.565781, 9.40208e-06, -0.000228281, -0.000700043, 0.371551, 0.357039, 0.295791, 0.00202626, 0.00167136, 0.0115086
-0.0209527, -0.0044485, -0.565115, 6.46962e-06, -0.000227556, -0.000682906, 0.3738, 0.358784, 0.297071, 0.00201761, 0.00167043, 0.0114372
-0.0215235, -0.00547323, -0.563433, 3.82137e-06, -0.000226696, -0.000667379, 0.377073, 0.360465, 0.297945, 0.00201023, 0.00166841, 0.0113743
-0.023971, -0.00685922, -0.562973, 1.08648e-06, -0.000222714, -0.000648553, 0.381168, 0.362097, 0.298256, 0.00200365, 0.00166451, 0.0113155
-0.0266484, -0.00809346, -0.56196, -1.16166e-06, -0.000218183, -0.000631607, 0.385572, 0.363638, 0.297892, 0.00199826, 0.001659, 0.0112648
-0.0293964, -0.00926227, -0.561009, -2.64687e-06, -0.000213468, -0.000619385, 0.390111, 0.365036, 0.296824, 0.00199417, 0.00165174, 0.0112242
-0.0325396, -0.0101717, -0.560765, -3.10291e-06, -0.000207072, -0.000612831, 0.394626, 0.366288, 0.295161, 0.00199113, 0.00164214, 0.0111927
-0.0355525, -0.0105868, -0.560079, -2.34839e-06, -0.000202196, -0.000615461, 0.398708, 0.367435, 0.293117, 0.00198876, 0.00163016, 0.0111678
-0.0377469, -0.0108598, -0.560404, -1.61826e-06, -0.00019778, -0.000617156, 0.401781, 0.368425, 0.29094, 0.00198695, 0.00161698, 0.0111487
-0.0398478, -0.0109257, -0.560348, -6.12318e-07, -0.000195525, -0.000621336, 0.403388, 0.369194, 0.288889, 0.00198561, 0.00160394, 0.0111344
-0.0422563, -0.0108583, -0.561764, 1.3095e-07, -0.000190834, -0.000620141, 0.403363, 0.369748, 0.287226, 0.00198462, 0.00159098, 0.0111235
-0.0450131, -0.0109148, -0.563769, 1.14473e-07, -0.000186611, -0.00061241, 0.401736, 0.370086, 0.286077, 0.00198381, 0.00157984, 0.0111133
-0.0481449, -0.0105662, -0.563903, -7.99897e-08, -0.00018763, -0.000608482, 0.399147, 0.370119, 0.285504, 0.00198264, 0.00157273, 0.0110973
-0.0507895, -0.0096559, -0.562515, 1.99605e-08, -0.000190544, -0.000611006, 0.396793, 0.369807, 0.285708, 0.00198074, 0.0015687, 0.0110712
-0.0521168, -0.00906914, -0.559971, 1.02768e-06, -0.000193058, -0.000624081, 0.395665, 0.369277, 0.286776, 0.00197831, 0.00156661, 0.011039
-0.0521936, -0.00853289, -0.560339, -6.61694e-07, -0.000192966, -0.000615232, 0.39589, 0.368646, 0.288468, 0.00197592, 0.00156543, 0.0110075
-0.0577184, -0.00777546, -0.559413, 7.23534e-07, -0.000192765, -0.000624156, 0.398117, 0.367823, 0.290688, 0.00197283, 0.00156521, 0.0109709
-0.0556112, -0.00735478, -0.561302, -2.57525e-06, -0.000193256, -0.000603014, 0.401152, 0.367018, 0.292821, 0.00197007, 0.00156446, 0.0109391
-0.0543042, -0.00713027, -0.561559, -3.75248e-06, -0.000194095, -0.000596105, 0.40412, 0.366443, 0.294361, 0.00196815, 0.0015627, 0.0109176
-0.0528877, -0.00740582, -0.561403, -4.42931e-06, -0.000195564, -0.000592535, 0.40674, 0.366177, 0.295086, 0.00196693, 0.00156001, 0.0109043
-0.0511858, -0.00815169, -0.560731, -5.02881e-06, -0.000197945, -0.00058901, 0.409242, 0.366073, 0.295019, 0.0019659, 0.00155692, 0.0108932
-0.0492667, -0.00902111, -0.560424, -5.30164e-06, -0.000200502, -0.000586651, 0.411879, 0.366044, 0.294275, 0.00196493, 0.00155374, 0.0108825
-0.0475432, -0.00970095, -0.560251, -5.51864e-06, -0.000202731, -0.000584009, 0.414298, 0.36615, 0.292899, 0.00196406, 0.0015506, 0.0108724
-0.046114, -0.0104539, -0.559822, -5.74783e-06, -0.00020419, -0.000581152, 0.416481, 0.366383, 0.291144, 0.00196332, 0.0015466, 0.0108637
-0.0444197, -0.0107405, -0.559104, -5.96328e-06, -0.000204976, -0.000577254, 0.417873, 0.366795, 0.289236, 0.00196262, 0.00154092, 0.0108563
-0.0432633, -0.010737, -0.55818, -6.16549e-06, -0.000204147, -0.000573723, 0.417921, 0.367455, 0.287465, 0.00196172, 0.00153302, 0.0108487
-0.0410515, -0.0103319, -0.55704, -5.64625e-06, -0.000202467, -0.000572978, 0.41628, 0.368408, 0.286131, 0.00196039, 0.00152274, 0.0108396
-0.0391604, -0.00923485, -0.556041, -4.2906e-06, -0.000200124, -0.00057756, 0.412862, 0.369762, 0.285402, 0.0019582, 0.00151139, 0.0108259
-0.0379279, -0.00817083, -0.555417, -2.41151e-06, -0.000198272, -0.000587277, 0.408015, 0.371655, 0.285249, 0.00195416, 0.00150122, 0.0108003
-0.0372582, -0.00696297, -0.556066, 7.27715e-07, -0.000198429, -0.000607984, 0.402714, 0.374092, 0.285599, 0.00194771, 0.00149376, 0.0107584
-0.0373738, -0.00559628, -0.55652, 4.04898e-06, -0.000198482, -0.000632165, 0.398135, 0.376944, 0.286451, 0.00193948, 0.00148882, 0.0107041
-0.0382846, -0.00467339, -0.558288, 6.94854e-06, -0.000199645, -0.000659863, 0.39562, 0.380035, 0.287778, 0.00193049, 0.00148692, 0.0106432
-0.0383247, -0.00432251, -0.559785, 8.62731e-06, -0.000199829, -0.00067948, 0.395539, 0.383115, 0.289572, 0.00192224, 0.0014865, 0.0105862
-0.0379749, -0.00488682, -0.562095, 8.88221e-06, -0.000200148, -0.000689665, 0.397682, 0.386031, 0.291676, 0.00191523, 0.00148614, 0.0105356
-0.0375505, -0.00553951, -0.561838, 7.60353e-06, -0.000200459, -0.000684938, 0.401083, 0.388787, 0.293746, 0.00190931, 0.00148494, 0.0104903
-0.0379542, -0.00691405, -0.560338, 5.09899e-06, -0.000199751, -0.000671659, 0.405212, 0.391416, 0.29544, 0.0019042, 0.00148249, 0.0104492
-0.038806, -0.00799771, -0.558691, 3.79864e-06, -0.000198153, -0.000665601, 0.410144, 0.393932, 0.296582, 0.00189965, 0.00147821, 0.0104112
-0.0392501, -0.00902267, -0.556727, 3.48854e-06, -0.000197452, -0.000665055, 0.415288, 0.396198, 0.296937, 0.00189589, 0.00147277, 0.01038
-0.0407228, -0.00964056, -0.555985, 3.96841e-06, -0.000194462, -0.000668701, 0.420642, 0.398212, 0.296538, 0.0018927, 0.00146562, 0.0103542
-0.0429704, -0.0100036, -0.556162, 4.84211e-06, -0.00018978, -0.000671885, 0.425226, 0.399893, 0.295346, 0.00189002, 0.00145829, 0.0103338
-0.0497153, -0.011292, -0.548502, 1.10054e-05, -0.000192913, -0.000704799, 0.428304, 0.40108, 0.29355, 0.00188802, 0.00145109, 0.0103196
-0.0485155, -0.0103511, -0.552728, 9.0311e-06, -0.000186392, -0.000690613, 0.429122, 0.401653, 0.291431, 0.00188663, 0.00144453, 0.01031
-0.0490706, -0.009044, -0.55617, 6.04531e-06, -0.000182523, -0.000667431, 0.427251, 0.401301, 0.289311, 0.00188512, 0.00144007, 0.0102956
-0.0497492, -0.00715454, -0.558224, 2.11595e-06, -0.000181524, -0.000640176, 0.423817, 0.399804, 0.287771, 0.00188194, 0.00143733, 0.0102606
-0.048616, -0.00522562, -0.56017, -2.67894e-06, -0.000180247, -0.000610842, 0.420887, 0.397537, 0.287333, 0.00187688, 0.00143543, 0.0102048
-0.0480624, -0.00439965, -0.560698, -5.09378e-06, -0.000179858, -0.000598, 0.419543, 0.39514, 0.287973, 0.00187137, 0.00143411, 0.0101451
-0.0463559, -0.00405121, -0.558452, -3.98397e-06, -0.000181692, -0.000606623, 0.419592, 0.393111, 0.289225, 0.00186698, 0.0014328, 0.0100971
-0.047527, -0.00330241, -0.558917, -7.39197e-06, -0.000180542, -0.000594402, 0.421776, 0.391462, 0.290987, 0.00186346, 0.00143184, 0.0100592
-0.0528976, -0.00217301, -0.551041, -5.29718e-06, -0.000181781, -0.000608081, 0.425236, 0.390258, 0.292789, 0.00186121, 0.00142995, 0.0100349
-0.051237, -0.00342506, -0.552158, -6.59472e-06, -0.000183237, -0.000605804, 0.429237, 0.389611, 0.294234, 0.00186026, 0.00142682, 0.0100243
-0.0515507, -0.00463908, -0.551843, -6.91883e-06, -0.000182472, -0.000607455, 0.434397, 0.38941, 0.295389, 0.00185984, 0.00142197, 0.0100205
-0.0594433, -0.00310734, -0.541023, -1.03848e-05, -0.000169002, -0.000590757, 0.439353, 0.389693, 0.295819, 0.00185955, 0.00141689, 0.0100188
-0.0553801, -0.00508852, -0.5475, -7.97544e-06, -0.000176685, -0.000603817, 0.443465, 0.390372, 0.295409, 0.0018589, 0.00141272, 0.0100142
-0.0539418, -0.00654504, -0.552075, -6.89334e-06, -0.000182138, -0.000611097, 0.446761, 0.391289, 0.294447, 0.00185791, 0.00140833, 0.0100067
-0.0530828, -0.00749909, -0.556116, -5.77945e-06, -0.000187586, -0.000618836, 0.448037, 0.392528, 0.29303, 0.0018564, 0.00140387, 0.00999513
-0.0524872, -0.00781521, -0.558215, -5.05797e-06, -0.000190901, -0.000623485, 0.446753, 0.394108, 0.291582, 0.00185425, 0.00139744, 0.00997903
-0.0498627, -0.00765233, -0.559109, -3.74155e-06, -0.000191502, -0.000630212, 0.442342, 0.39617, 0.290261, 0.00185094, 0.0013899, 0.00995501
-0.048606, -0.00724341, -0.559155, -2.63695e-06, -0.000190651, -0.00063705, 0.435543, 0.398721, 0.289262, 0.00184638, 0.00138186, 0.0099237
-0.0473796, -0.00620107, -0.559114, -2.03682e-07, -0.000189268, -0.000652868, 0.427747, 0.401758, 0.288812, 0.00184066, 0.00137349, 0.00988645
-0.046356, -0.00499373, -0.558846, 2.72208e-06, -0.000187781, -0.000672441, 0.420673, 0.405288, 0.288908, 0.00183353, 0.00136683, 0.00984084
-0.0461277, -0.00364536, -0.557994, 5.7368e-06, -0.000186368, -0.000692941, 0.415183, 0.409118, 0.289646, 0.00182574, 0.00136165, 0.00979095
-0.046065, -0.00294452, -0.557462, 7.37298e-06, -0.00018552, -0.000706274, 0.411596, 0.413075, 0.29094, 0.00181786, 0.00135782, 0.00973933
-0.0466301, -0.00304463, -0.558199, 7.44452e-06, -0.000186206, -0.000711773, 0.410144, 0.417025, 0.292608, 0.00181031, 0.00135525, 0.0096876
-0.045122, -0.00349751, -0.556775, 6.65048e-06, -0.000184995, -0.000710119, 0.41056, 0.420833, 0.294439, 0.00180356, 0.00135313, 0.00963867
-0.0443597, -0.003894, -0.554555, 5.95765e-06, -0.000183314, -0.000706859, 0.41226, 0.424322, 0.296204, 0.00179815, 0.00135075, 0.00959714
-0.0441484, -0.00420188, -0.552511, 6.0867e-06, -0.00018111, -0.000707627, 0.413064, 0.426948, 0.297715, 0.00179506, 0.00134746, 0.00957241
-0.0444092, -0.00457742, -0.549955, 6.93928e-06, -0.000177886, -0.000712531, 0.412896, 0.428488, 0.298899, 0.00179345, 0.00134373, 0.0095587
-0.0454443, -0.00487005, -0.547834, 8.02113e-06, -0.000175271, -0.000718387, 0.412727, 0.429125, 0.299663, 0.00179236, 0.00134083, 0.009549
-0.0473666, -0.00505273, -0.546944, 8.64842e-06, -0.000173883, -0.000720766, 0.412885, 0.428975, 0.299917, 0.00179142, 0.00133921, 0.00954068
-0.0496819, -0.0052985, -0.547311, 8.84515e-06, -0.000173084, -0.000719805, 0.413472, 0.42837, 0.299528, 0.00179054, 0.00133862, 0.00953302
-0.0515277, -0.00536751, -0.547064, 9.37827e-06, -0.000172474, -0.000721771, 0.414251, 0.427665, 0.29846, 0.00178979, 0.00133815, 0.00952655
-0.0538401, -0.00521585, -0.545951, 1.0205e-05, -0.000172416, -0.000725961, 0.415034, 0.427245, 0.29666, 0.00178925, 0.00133661, 0.00952197
-0.0565301, -0.00450117, -0.544374, 1.10419e-05, -0.00017313, -0.000729567, 0.41563, 0.427288, 0.294308, 0.00178892, 0.00133324, 0.00951896
-0.0590464, -0.00363274, -0.544111, 1.17083e-05, -0.000172644, -0.00073095, 0.415796, 0.428058, 0.291463, 0.00178872, 0.00132719, 0.00951787
-0.0605371, -0.00239547, -0.546266, 1.24514e-05, -0.000168642, -0.00073163, 0.415348, 0.42959, 0.288422, 0.00178828, 0.0013186, 0.00951733
-0.060887, -0.000908745, -0.549592, 1.34054e-05, -0.000162696, -0.000733877, 0.414377, 0.431579, 0.28562, 0.00178742, 0.00130884, 0.00951545
-0.0616717, 0.000628524, -0.550936, 1.43359e-05, -0.000160031, -0.00073566, 0.412995, 0.433836, 0.283256, 0.00178613, 0.00129874, 0.00951149
-0.0621472, 0.00186992, -0.553104, 1.5293e-05, -0.000156, -0.000739363, 0.411409, 0.436172, 0.281442, 0.00178462, 0.001289, 0.00950632
-0.0631602, 0.00258125, -0.552971, 1.55804e-05, -0.000156002, -0.000739496, 0.409738, 0.438491, 0.280177, 0.00178306, 0.00128005, 0.00950066
-0.0632152, 0.00310901, -0.554701, 1.6383e-05, -0.000153205, -0.000744135, 0.408135, 0.440596, 0.279452, 0.00178174, 0.00127248, 0.00949574
-0.0625402, 0.00351068, -0.556862, 1.7309e-05, -0.000150269, -0.000750122, 0.40669, 0.442349, 0.279189, 0.00178079, 0.00126692, 0.00949183
-0.0623534, 0.00312227, -0.559122, 1.77212e-05, -0.000147654, -0.000754483, 0.405195, 0.443801, 0.279237, 0.00178001, 0.00126272, 0.00948779
-0.061565, 0.00225873, -0.560495, 1.79579e-05, -0.000146306, -0.00075664, 0.403486, 0.44477, 0.279497, 0.00177944, 0.00125945, 0.00948354
-0.0600186, 5.96369e-05, -0.562754, 1.82119e-05, -0.000144407, -0.000756659, 0.401378, 0.445155, 0.279905, 0.00177902, 0.00125677, 0.00947823
-0.0579408, -0.0031873, -0.56626, 1.89043e-05, -0.0001421, -0.000754772, 0.398804, 0.444659, 0.280329, 0.00177882, 0.00125499, 0.00947359
-0.0556074, -0.00720868, -0.567979, 1.98894e-05, -0.000140964, -0.000749109, 0.3958, 0.443178, 0.280623, 0.00177859, 0.00125375, 0.00947084
-0.0535839, -0.0118568, -0.567393, 2.10537e-05, -0.000140495, -0.000739945, 0.392626, 0.441211, 0.280796, 0.00177818, 0.00125252, 0.00946853
-0.0515113, -0.0164506, -0.567157, 2.26287e-05, -0.000139857, -0.000732602, 0.389595, 0.438949, 0.280788, 0.0017775, 0.00125128, 0.00946652
-0.0502323, -0.020079, -0.565454, 2.45048e-05, -0.000139025, -0.000732644, 0.38689, 0.436313, 0.280514, 0.00177629, 0.00124981, 0.00946429
-0.0492883, -0.0233564, -0.563962, 2.64289e-05, -0.000138274, -0.000735586, 0.384752, 0.433897, 0.280199, 0.0017751, 0.00124846, 0.00946181
-0.0485812, -0.0263372, -0.563574, 2.75423e-05, -0.000138117, -0.000735161, 0.383313, 0.432454, 0.280001, 0.00177456, 0.00124769, 0.00946019
-0.0481354, -0.0282484, -0.560434, 2.77286e-05, -0.000137521, -0.000733398, 0.382557, 0.432036, 0.279893, 0.00177442, 0.00124735, 0.00945841
-0.0478154, -0.0294777, -0.559708, 2.75239e-05, -0.000137566, -0.000731232, 0.382451, 0.432653, 0.279918, 0.00177423, 0.00124731, 0.00945506
-0.0475543, -0.0298859, -0.558601, 2.73092e-05, -0.000137844, -0.000730226, 0.382966, 0.434369, 0.280107, 0.0017733, 0.00124709, 0.0094476
-0.0479306, -0.0296648, -0.557793, 2.76287e-05, -0.000137905, -0.000731952, 0.384046, 0.436782, 0.280361, 0.00177152, 0.00124654, 0.0094382
-0.048704, -0.0291142, -0.557558, 2.82889e-05, -0.000137533, -0.000734757, 0.385538, 0.439313, 0.280535, 0.00176964, 0.0012458, 0.00943237
-0.0497051, -0.0279212, -0.557987, 2.95215e-05, -0.000136818, -0.000738129, 0.387357, 0.441882, 0.280639, 0.00176785, 0.00124481, 0.00942953
-0.05082, -0.0258849, -0.556724, 3.16058e-05, -0.000136074, -0.000740747, 0.389429, 0.444556, 0.280582, 0.00176602, 0.00124362, 0.00942799
-0.0521604, -0.0233635, -0.554527, 3.47502e-05, -0.00013474, -0.000744649, 0.391832, 0.447586, 0.280381, 0.0017638, 0.00124201, 0.00942645
-0.0540776, -0.0202771, -0.55242, 3.89048e-05, -0.0001328, -0.000747586, 0.394672, 0.450875, 0.280144, 0.00176144, 0.00123991, 0.00942529
-0.0557712, -0.0167063, -0.551841, 4.30815e-05, -0.000131699, -0.000743887, 0.397989, 0.454246, 0.279965, 0.0017594, 0.00123738, 0.0094242
-0.0573019, -0.0133587, -0.553997, 4.63676e-05, -0.000131066, -0.000734668, 0.401726, 0.457676, 0.279889, 0.00175773, 0.00123453, 0.00942254
-0.0584897, -0.00998635, -0.556294, 4.95537e-05, -0.000130651, -0.000724055, 0.405714, 0.461166, 0.279918, 0.00175633, 0.00123151, 0.00942032
-0.0595163, -0.00687163, -0.557762, 5.22108e-05, -0.000130277, -0.000713404, 0.409778, 0.464598, 0.280047, 0.00175526, 0.00122848, 0.00941736
-0.0607818, -0.00412774, -0.555581, 5.40172e-05, -0.000130334, -0.000702134, 0.413757, 0.467837, 0.28018, 0.0017545, 0.00122583, 0.00941351
-0.0617995, -0.00152523, -0.555836, 5.54161e-05, -0.000130077, -0.00069249, 0.417467, 0.470894, 0.280285, 0.00175381, 0.00122378, 0.00941005
-0.0626122, 0.000265005, -0.559613, 5.60003e-05, -0.000129429, -0.000686766, 0.420722, 0.473682, 0.280356, 0.00175309, 0.00122239, 0.00940726
-0.0632563, 0.00216051, -0.561141, 5.64924e-05, -0.000129259, -0.000682468, 0.42333, 0.4759, 0.280332, 0.00175245, 0.00122158, 0.00940449
-0.0637901, 0.00315016, -0.563816, 5.63874e-05, -0.000129285, -0.000680424, 0.425214, 0.477474, 0.280261, 0.001752, 0.00122112, 0.00940277
-0.0640689, 0.0030546, -0.566308, 5.62453e-05, -0.000129397, -0.00068081, 0.426333, 0.478439, 0.280196, 0.00175167, 0.00122088, 0.00940179
-0.0639628, 0.00223857, -0.56751, 5.62018e-05, -0.000129544, -0.000681131, 0.426649, 0.478872, 0.280177, 0.00175135, 0.00122077, 0.00940036
-0.0638232, 0.000798709, -0.568317, 5.61779e-05, -0.000129763, -0.000680168, 0.426174, 0.478701, 0.280187, 0.00175101, 0.00122065, 0.00939792
-0.0634351, -0.00130717, -0.568794, 5.63755e-05, -0.000130117, -0.000678211, 0.424994, 0.477856, 0.280244, 0.00175067, 0.00122041, 0.00939514
-0.0625463, -0.00408189, -0.56846, 5.68913e-05, -0.000130541, -0.000674651, 0.42311, 0.476449, 0.280312, 0.00175033, 0.00121995, 0.00939169
-0.061773, -0.00769228, -0.568352, 5.76746e-05, -0.000131121, -0.000668243, 0.420489, 0.474498, 0.280345, 0.00174994, 0.00121918, 0.00938751
-0.060756, -0.0119397, -0.57029, 5.92786e-05, -0.000131701, -0.000662802, 0.417155, 0.471701, 0.280283, 0.00174931, 0.00121798, 0.00938467
-0.0593661, -0.0164533, -0.571771, 6.21437e-05, -0.000131883, -0.000663709, 0.413324, 0.467863, 0.280099, 0.00174797, 0.00121633, 0.00938339
-0.0575858, -0.0212566, -0.571803, 6.60339e-05, -0.000131325, -0.000670021, 0.409476, 0.463443, 0.279881, 0.00174589, 0.00121451, 0.00938183
-0.055757, -0.0257904, -0.569285, 7.02955e-05, -0.000129976, -0.000680684, 0.405954, 0.458856, 0.279676, 0.00174323, 0.00121278, 0.00937867
-0.0540364, -0.0299026, -0.566694, 7.39814e-05, -0.000128668, -0.000690505, 0.403, 0.454695, 0.27951, 0.0017407, 0.00121136, 0.00937489
-0.0531067, -0.0332969, -0.563866, 7.66993e-05, -0.000127959, -0.000698388, 0.400749, 0.451161, 0.279415, 0.00173855, 0.0012104, 0.00937072
-0.0527593, -0.0358953, -0.563129, 7.84496e-05, -0.000127996, -0.000703228, 0.399189, 0.448463, 0.2794, 0.00173706, 0.0012099, 0.00936669
-0.0519446, -0.0382544, -0.562102, 7.92284e-05, -0.000128142, -0.000702771, 0.398217, 0.447091, 0.279417, 0.0017366, 0.0012096, 0.00936473
-0.051504, -0.0397236, -0.559042, 7.90188e-05, -0.000128399, -0.000698687, 0.397791, 0.447121, 0.279422, 0.00173651, 0.00120944, 0.00936185
-0.0515541, -0.0403519, -0.557554, 7.87144e-05, -0.000128548, -0.000696141, 0.397913, 0.448318, 0.279437, 0.00173598, 0.00120932, 0.00935522
-0.0520017, -0.0405493, -0.557181, 7.87104e-05, -0.00012853, -0.000696543, 0.398617, 0.450528, 0.279507, 0.00173438, 0.00120905, 0.00934345
-0.052463, -0.0404603, -0.557157, 7.90124e-05, -0.000128327, -0.000698549, 0.399894, 0.453499, 0.279607, 0.00173155, 0.00120846, 0.0093287
-0.0529523, -0.0398068, -0.556307, 8.02283e-05, -0.000128031, -0.000704311, 0.401664, 0.456941, 0.279688, 0.00172792, 0.00120754, 0.00931502
-0.0540868, -0.0385835, -0.554758, 8.24108e-05, -0.000127365, -0.000712782, 0.403843, 0.46062, 0.279783, 0.00172398, 0.00120621, 0.00930417
-0.0553018, -0.0370437, -0.552607, 8.51866e-05, -0.000126384, -0.000721165, 0.406329, 0.464243, 0.279786, 0.00172048, 0.00120473, 0.00929796
-0.0566662, -0.0350604, -0.550549, 8.85861e-05, -0.000124963, -0.00072823, 0.409117, 0.467846, 0.279671, 0.00171727, 0.00120294, 0.0092943
-0.0580585, -0.0324952, -0.549934, 9.23193e-05, -0.000123769, -0.000731842, 0.412302, 0.471517, 0.279542, 0.00171427, 0.00120074, 0.00929188
-0.0594648, -0.0296364, -0.550112, 9.60608e-05, -0.000122825, -0.000731355, 0.415914, 0.475295, 0.279461, 0.00171151, 0.00119819, 0.00929
-0.0604331, -0.0266103, -0.549691, 0.000100307, -0.000122493, -0.00073009, 0.419882, 0.479249, 0.279424, 0.00170884, 0.00119538, 0.00928813
-0.0612972, -0.0238494, -0.55027, 0.000104061, -0.000122286, -0.000728146, 0.424115, 0.483365, 0.279454, 0.00170629, 0.00119243, 0.00928671
-0.0619755, -0.0212651, -0.553389, 0.000107007, -0.000121821, -0.000725296, 0.428495, 0.487471, 0.279535, 0.00170414, 0.00118938, 0.00928592
-0.0631878, -0.018792, -0.554918, 0.000109204, -0.000121058, -0.0007186, 0.432815, 0.49119, 0.27958, 0.00170285, 0.00118665, 0.00928428
-0.0640839, -0.0163549, -0.557016, 0.000110285, -0.000120971, -0.000708324, 0.436823, 0.494239, 0.279578, 0.00170233, 0.00118447, 0.00928004
-0.0652522, -0.01423, -0.560141, 0.000110472, -0.000120906, -0.000698221, 0.440259, 0.496504, 0.27954, 0.00170216, 0.00118294, 0.00927377
-0.065942, -0.0127702, -0.563148, 0.000110259, -0.000121497, -0.000692115, 0.442846, 0.497988, 0.279439, 0.00170208, 0.00118196, 0.00926798
-0.0660237, -0.0123931, -0.565515, 0.000110279, -0.000121964, -0.000691887, 0.444547, 0.499255, 0.279347, 0.00170195, 0.00118148, 0.00926683
-0.0659881, -0.0126624, -0.566104, 0.000110339, -0.000122009, -0.000692567, 0.445342, 0.499925, 0.279292, 0.00170185, 0.00118133, 0.00926631
-0.0657729, -0.0136583, -0.566104, 0.000110427, -0.000122009, -0.000693166, 0.445266, 0.499894, 0.279282, 0.00170175, 0.00118132, 0.00926551
-0.0653456, -0.0157559, -0.566566, 0.000110525, -0.000122107, -0.00069127, 0.444301, 0.499377, 0.279304, 0.00170161, 0.00118125, 0.0092633
-0.0649834, -0.0190218, -0.567985, 0.000110442, -0.000122358, -0.000682901, 0.442456, 0.498574, 0.279379, 0.0017014, 0.00118094, 0.00925712
-0.0643183, -0.022518, -0.56856, 0.000110474, -0.000122674, -0.000671323, 0.439621, 0.497108, 0.27948, 0.00170123, 0.00118021, 0.00924903
-0.0632764, -0.0273563, -0.573021, 0.000111941, -0.000122979, -0.000660996, 0.435666, 0.494341, 0.279472, 0.00170097, 0.0011789, 0.0092447
-0.0617571, -0.0324102, -0.572834, 0.000114884, -0.000122493, -0.00065923, 0.430976, 0.490122, 0.279358, 0.00169985, 0.00117695, 0.00924377
-0.0602319, -0.0376846, -0.572536, 0.000119237, -0.000121674, -0.000666268, 0.42624, 0.484826, 0.279237, 0.00169732, 0.00117473, 0.00924209
-0.0590259, -0.042507, -0.570895, 0.000124108, -0.000120697, -0.000680728, 0.421932, 0.478885, 0.279122, 0.00169326, 0.00117261, 0.00923556
-0.0583082, -0.0460686, -0.568383, 0.000128176, -0.000119844, -0.000697087, 0.418351, 0.472841, 0.27902, 0.00168817, 0.00117086, 0.00922237
-0.0575062, -0.0489482, -0.566698, 0.000131312, -0.000119189, -0.000710419, 0.415656, 0.467648, 0.278967, 0.00168372, 0.0011697, 0.00920858
-0.0566448, -0.0513028, -0.565698, 0.000133285, -0.00011882, -0.000718111, 0.413843, 0.464098, 0.278978, 0.00168127, 0.00116905, 0.00920112
-0.0563009, -0.0529416, -0.561712, 0.000133927, -0.000118932, -0.00072014, 0.412907, 0.462477, 0.279, 0.00168064, 0.00116882, 0.00919948
-0.0563158, -0.0533615, -0.556731, 0.000133986, -0.00011889, -0.000720686, 0.41289, 0.462623, 0.279016, 0.0016806, 0.00116881, 0.00919886
-0.0563028, -0.0528935, -0.553296, 0.000134465, -0.000118619, -0.00072338, 0.413808, 0.464444, 0.279026, 0.00167973, 0.00116864, 0.00919485
-0.0564573, -0.0520515, -0.55179, 0.000135806, -0.000118295, -0.000729546, 0.415608, 0.467716, 0.279023, 0.0016766, 0.00116788, 0.00918309
-0.0565488, -0.0507769, -0.549808, 0.000138582, -0.000117793, -0.000741165, 0.418173, 0.471885, 0.279, 0.00167128, 0.00116628, 0.00916546
-0.0567364, -0.0492368, -0.549499, 0.000142784, -0.000117348, -0.000758141, 0.42137, 0.476642, 0.278974, 0.00166384, 0.0011638, 0.00914059
-0.0569334, -0.0477576, -0.549679, 0.000147525, -0.000116844, -0.000777266, 0.425127, 0.481573, 0.278951, 0.00165431, 0.00116035, 0.00910219
-0.0569017, -0.0466268, -0.551328, 0.000151069, -0.000116628, -0.000790939, 0.429399, 0.486141, 0.278935, 0.00164205, 0.00115597, 0.00903603
-0.0569604, -0.0452399, -0.553662, 0.000155231, -0.000116265, -0.000806275, 0.434153, 0.489666, 0.278944, 0.00162681, 0.00115099, 0.00892795
-0.0568275, -0.043846, -0.555362, 0.000156759, -0.00011665, -0.000805844, 0.439285, 0.49161, 0.278953, 0.0016091, 0.00114604, 0.00877426
-0.0565622, -0.0419746, -0.558195, 0.000156961, -0.00011767, -0.000794315, 0.444651, 0.492063, 0.278966, 0.00158929, 0.00114165, 0.00858347
-0.055607, -0.0400175, -0.56148, 0.000153201, -0.000119701, -0.000758108, 0.450046, 0.491592, 0.279022, 0.00156989, 0.00113821, 0.00838685
-0.0549309, -0.038629, -0.563069, 0.000150663, -0.000120815, -0.00073497, 0.455127, 0.490833, 0.279112, 0.00155437, 0.00113585, 0.00822543
-0.0542353, -0.0383044, -0.565709, 0.00014938, -0.000121283, -0.000724445, 0.459461, 0.490225, 0.279227, 0.0015448, 0.00113447, 0.00812427
-0.0530789, -0.0387969, -0.569358, 0.000148193, -0.000121439, -0.000717971, 0.462643, 0.489775, 0.279346, 0.00154052, 0.00113382, 0.00807735
-0.0519407, -0.0396524, -0.571262, 0.000147585, -0.000121491, -0.00071616, 0.46426, 0.489371, 0.279411, 0.00153953, 0.00113364, 0.00806583
-0.0515243, -0.0411583, -0.570622, 0.00014802, -0.000121466, -0.000718864, 0.463943, 0.488946, 0.279416, 0.0015392, 0.00113363, 0.00806352
-0.0517979, -0.0429685, -0.569138, 0.000148378, -0.000121558, -0.000718218, 0.461333, 0.488349, 0.279361, 0.00153551, 0.00113351, 0.00802891
-0.0532646, -0.044805, -0.567264, 0.000146739, -0.000122046, -0.000700236, 0.456582, 0.487155, 0.279276, 0.00152305, 0.00113306, 0.00790455
-0.0562108, -0.045197, -0.566183, 0.000140751, -0.000123219, -0.000651459, 0.451067, 0.485014, 0.279247, 0.00149992, 0.00113225, 0.00766955
-0.0593562, -0.0448073, -0.565474, 0.000132886, -0.000124673, -0.000589961, 0.446485, 0.482144, 0.279358, 0.00146899, 0.00113123, 0.00735099
-0.0621517, -0.0443363, -0.564447, 0.000125466, -0.000126086, -0.000530754, 0.443875, 0.479039, 0.279647, 0.00143521, 0.00113021, 0.00699772
-0.0646816, -0.0443096, -0.562751, 0.000118965, -0.00012752, -0.000475725, 0.443467, 0.476263, 0.280113, 0.00140263, 0.00112933, 0.00664946
-0.0667565, -0.0442335, -0.560082, 0.000114863, -0.000128749, -0.000434877, 0.444982, 0.474026, 0.280741, 0.00137303, 0.00112863, 0.00632436
-0.0687605, -0.0439327, -0.557204, 0.000110957, -0.000129825, -0.000395056, 0.448026, 0.472421, 0.281507, 0.00134705, 0.00112812, 0.00602981
-0.0733269, -0.0184035, -0.566533, 9.69085e-05, -0.000127578, -0.000321298, 0.452138, 0.471542, 0.282386, 0.00132532, 0.0011278, 0.00577329
-0.0732472, -0.0286044, -0.560215, 9.71358e-05, -0.00012916, -0.000304361, 0.456824, 0.471362, 0.283332, 0.00130841, 0.0011276, 0.0055658
-0.0732222, -0.0351501, -0.556372, 9.58905e-05, -0.000129793, -0.000288571, 0.46162, 0.471734, 0.284272, 0.00129659, 0.0011275, 0.00541467
-0.0795707, 0.00356986, -0.554797, 0.000111348, -0.00013095, -0.000355975, 0.466148, 0.472651, 0.285109, 0.00128931, 0.00112746, 0.0053171
-0.0771564, -0.0187303, -0.551921, 0.000102797, -0.000130392, -0.000316586, 0.470013, 0.473917, 0.285696, 0.00128551, 0.00112744, 0.00526459
-0.0754263, -0.0346568, -0.549408, 9.69701e-05, -0.000129616, -0.000295889, 0.472748, 0.475372, 0.286013, 0.00128429, 0.00112739, 0.00524788
-0.0745287, -0.0448711, -0.548839, 9.37942e-05, -0.000128841, -0.000288996, 0.47406, 0.476658, 0.28602, 0.00128402, 0.00112729, 0.00524665
-0.0809652, 0.000648403, -0.551229, 0.000105545, -0.000132648, -0.000294986, 0.473794, 0.477532, 0.285734, 0.00128325, 0.0011271, 0.00524275
-0.0775219, -0.0261788, -0.550081, 0.000100004, -0.000129865, -0.000302341, 0.471988, 0.477871, 0.285128, 0.00128093, 0.00112676, 0.00522244
-0.0747265, -0.044525, -0.549765, 9.71999e-05, -0.000127317, -0.000312685, 0.468768, 0.477391, 0.284347, 0.00127574, 0.0011263, 0.00517018
-0.0719461, -0.0555532, -0.550063, 9.50225e-05, -0.000125753, -0.000313244, 0.464615, 0.476126, 0.283435, 0.00126709, 0.00112574, 0.00507704
-0.0692733, -0.0611856, -0.55244, 9.38073e-05, -0.000125074, -0.000303608, 0.460325, 0.474366, 0.282447, 0.00125509, 0.00112509, 0.00494205
-0.0669363, -0.0633229, -0.554536, 9.22455e-05, -0.000125155, -0.000285947, 0.456765, 0.472433, 0.281489, 0.00124095, 0.00112443, 0.00477662
-0.0651851, -0.0626029, -0.557181, 9.16606e-05, -0.000125675, -0.000266836, 0.454491, 0.470516, 0.280701, 0.0012259, 0.00112377, 0.00459306
-0.0634239, -0.0594706, -0.559602, 9.04299e-05, -0.000126686, -0.000239412, 0.453735, 0.468701, 0.280154, 0.00121078, 0.00112315, 0.00440208
-0.0620284, -0.0549323, -0.560863, 8.83899e-05, -0.000127838, -0.000209902, 0.454524, 0.467141, 0.279895, 0.00119672, 0.00112266, 0.00421427
-0.0611664, -0.0507961, -0.563493, 8.89212e-05, -0.000128538, -0.000191304, 0.456701, 0.466027, 0.27998, 0.00118471, 0.00112227, 0.00404193
-0.0598805, -0.0465366, -0.565835, 8.85921e-05, -0.000129253, -0.000167771, 0.459881, 0.465372, 0.280376, 0.00117511, 0.00112195, 0.00389666
-0.0589635, -0.0429649, -0.568387, 8.93737e-05, -0.000129789, -0.000153735, 0.463628, 0.465054, 0.281018, 0.00116774, 0.00112171, 0.00378356
-0.0582756, -0.0410289, -0.570541, 9.03955e-05, -0.000130061, -0.000147241, 0.46759, 0.46504, 0.281859, 0.00116243, 0.00112152, 0.0037019
-0.0570923, -0.0391511, -0.574314, 9.22515e-05, -0.00013039, -0.000140952, 0.471416, 0.465325, 0.282758, 0.00115898, 0.00112137, 0.003649
-0.0560504, -0.0372783, -0.576109, 9.29738e-05, -0.000130649, -0.000136938, 0.474766, 0.465903, 0.283549, 0.00115709, 0.00112124, 0.00362002
-0.0549447, -0.036313, -0.575228, 9.24762e-05, -0.000130812, -0.000133011, 0.47737, 0.46672, 0.284139, 0.00115619, 0.00112112, 0.00360746
-0.0542523, -0.0360634, -0.573111, 9.19687e-05, -0.000130849, -0.000131425, 0.478977, 0.467732, 0.284461, 0.00115575, 0.00112101, 0.0036039
-0.0544426, -0.0359559, -0.571564, 9.18446e-05, -0.00013077, -0.000131183, 0.47936, 0.468833, 0.284437, 0.00115529, 0.00112089, 0.00360161
-0.0560735, -0.0355274, -0.57035, 9.13371e-05, -0.000130439, -0.000127375, 0.478506, 0.46982, 0.284047, 0.00115424, 0.00112075, 0.0035926
-0.0578427, -0.0353127, -0.56997, 9.03521e-05, -0.000130175, -0.000120417, 0.476696, 0.470573, 0.283388, 0.00115218, 0.00112057, 0.00357067
-0.0596562, -0.0353972, -0.5692, 8.93057e-05, -0.000130038, -0.000111772, 0.474372, 0.471075, 0.282608, 0.00114902, 0.00112036, 0.0035334
-0.0603776, -0.0366779, -0.567122, 8.97363e-05, -0.000130371, -0.00010949, 0.471938, 0.471415, 0.2818, 0.00114494, 0.00112018, 0.0034798
-0.0611837, -0.0380389, -0.565316, 9.00887e-05, -0.000130682, -0.000106009, 0.469829, 0.471661, 0.281089, 0.00114017, 0.00112004, 0.00341113
-0.0630428, -0.0387401, -0.565448, 8.81581e-05, -0.000130596, -9.16282e-05, 0.468421, 0.471817, 0.280602, 0.00113487, 0.00111989, 0.00333159
-0.0645474, -0.0400137, -0.563947, 8.77948e-05, -0.000130736, -8.09991e-05, 0.467923, 0.47194, 0.280316, 0.00112936, 0.00111983, 0.00324532
-0.0659919, -0.0410233, -0.562684, 8.7321e-05, -0.000130776, -6.95893e-05, 0.46847, 0.472093, 0.280293, 0.00112392, 0.00111981, 0.00315806
-0.0675571, -0.0416734, -0.56079, 8.74178e-05, -0.000130736, -5.78268e-05, 0.470007, 0.472319, 0.280575, 0.00111888, 0.00111981, 0.00307768
-0.0692417, -0.0423392, -0.558242, 8.80501e-05, -0.000130586, -4.59708e-05, 0.472324, 0.47269, 0.281152, 0.00111456, 0.0011198, 0.00300969
-0.0737678, -0.00336665, -0.553653, 9.92273e-05, -0.000132967, -4.6521e-05, 0.47512, 0.473201, 0.282016, 0.0011111, 0.00111978, 0.00295667
-0.0737028, -0.0217673, -0.552192, 9.55855e-05, -0.000131281, -3.40155e-05, 0.478058, 0.47377, 0.283003, 0.00110837, 0.00111971, 0.00291663
-0.0761723, 0.00731757, -0.557802, 9.81809e-05, -0.000134255, -3.57016e-05, 0.48083, 0.474513, 0.284007, 0.00110671, 0.0011196, 0.00289309
-0.0742249, -0.0206343, -0.556162, 9.28871e-05, -0.00013008, -2.88297e-05, 0.483226, 0.475374, 0.284847, 0.00110572, 0.00111943, 0.00288046
-0.0725818, -0.0403821, -0.554747, 8.91782e-05, -0.000126558, -2.43628e-05, 0.484997, 0.476323, 0.285469, 0.0011053, 0.00111923, 0.00287673
-0.0711175, -0.0536901, -0.552151, 8.68472e-05, -0.000123869, -2.178e-05, 0.486008, 0.477263, 0.28573, 0.00110505, 0.00111903, 0.0028765
-0.0702051, -0.0614165, -0.550937, 8.53988e-05, -0.000122043, -2.00002e-05, 0.486215, 0.478082, 0.285643, 0.00110457, 0.00111877, 0.00287537
-0.069776, -0.0650187, -0.549826, 8.45905e-05, -0.000121108, -1.92134e-05, 0.485685, 0.478696, 0.285174, 0.00110363, 0.00111849, 0.00287005
-0.0695807, -0.0659305, -0.549073, 8.41934e-05, -0.000120797, -1.87898e-05, 0.48462, 0.479072, 0.284431, 0.00110213, 0.00111819, 0.00285917
-0.0695486, -0.0648719, -0.549718, 8.44932e-05, -0.000121137, -1.84488e-05, 0.483241, 0.479227, 0.283551, 0.00110017, 0.00111789, 0.00284237
-0.0696189, -0.0623344, -0.549902, 8.47223e-05, -0.000121641, -1.77063e-05, 0.481794, 0.479217, 0.282641, 0.00109777, 0.00111766, 0.00281836
-0.068946, -0.0588467, -0.550857, 8.49837e-05, -0.000122389, -1.32958e-05, 0.480576, 0.479057, 0.281767, 0.00109475, 0.00111743, 0.00278605
-0.068417, -0.0558027, -0.554359, 8.71848e-05, -0.00012317, -1.01345e-05, 0.479869, 0.478795, 0.281007, 0.00109121, 0.00111719, 0.00274664
-0.0679369, -0.0518477, -0.556396, 8.84533e-05, -0.00012408, -4.8593e-06, 0.479853, 0.478529, 0.280453, 0.00108751, 0.00111692, 0.00270361
-0.0672071, -0.0481177, -0.558842, 8.99187e-05, -0.000125023, 1.97347e-06, 0.480596, 0.478362, 0.280211, 0.00108397, 0.00111665, 0.00266065
-0.0595885, -0.0764298, -0.559325, 8.48251e-05, -0.000122756, 1.62727e-05, 0.482039, 0.478334, 0.280314, 0.00108069, 0.00111637, 0.00262115
-0.0612639, -0.0604951, -0.562601, 8.91462e-05, -0.000124675, 1.993e-05, 0.484024, 0.4784, 0.280728, 0.00107762, 0.0011161, 0.00258635
-0.0620635, -0.049139, -0.56577, 9.29029e-05, -0.000125491, 2.2347e-05, 0.486324, 0.478645, 0.281383, 0.00107524, 0.00111586, 0.00256143
-0.0625288, -0.0415962, -0.568332, 9.56453e-05, -0.000125494, 2.21435e-05, 0.488637, 0.479025, 0.282118, 0.00107361, 0.00111567, 0.00254584
-0.0624554, -0.0366923, -0.569437, 9.68599e-05, -0.000125185, 2.23256e-05, 0.490661, 0.479523, 0.282768, 0.00107271, 0.00111549, 0.00253827
-0.062495, -0.0342221, -0.569782, 9.73223e-05, -0.000124913, 2.20022e-05, 0.492127, 0.480123, 0.283146, 0.00107234, 0.00111531, 0.00253632
-0.0626777, -0.0332745, -0.570097, 9.74732e-05, -0.00012479, 2.18771e-05, 0.492924, 0.480781, 0.283169, 0.00107214, 0.00111511, 0.00253625
-0.0629161, -0.0337404, -0.570446, 9.73134e-05, -0.000124871, 2.22164e-05, 0.493155, 0.481466, 0.282897, 0.00107175, 0.00111491, 0.00253458
-0.0635508, -0.034844, -0.570114, 9.69632e-05, -0.000125003, 2.35212e-05, 0.493022, 0.48214, 0.282445, 0.00107097, 0.0011147, 0.00252921
-0.0642219, -0.0364324, -0.569045, 9.67129e-05, -0.00012529, 2.50589e-05, 0.492719, 0.482764, 0.28189, 0.0010698, 0.00111444, 0.00252002
-0.0651139, -0.0381765, -0.568092, 9.63668e-05, -0.000125619, 2.73688e-05, 0.492427, 0.483329, 0.281301, 0.00106831, 0.00111417, 0.00250801
-0.0663982, -0.0400519, -0.567084, 9.58567e-05, -0.000125968, 3.0864e-05, 0.492315, 0.483851, 0.280783, 0.00106663, 0.0011139, 0.00249467
-0.0675634, -0.0419443, -0.565954, 9.55085e-05, -0.000126373, 3.36803e-05, 0.492485, 0.484362, 0.280398, 0.00106488, 0.0011136, 0.00248146
-0.0692052, -0.0435414, -0.56555, 9.46491e-05, -0.000126659, 3.75499e-05, 0.492939, 0.484869, 0.280196, 0.00106318, 0.00111325, 0.00246901
-0.0705768, -0.0444097, -0.565597, 9.3856e-05, -0.000126712, 4.06651e-05, 0.49359, 0.485345, 0.280172, 0.0010616, 0.00111286, 0.00245739
-0.0457329, -0.0418643, -0.56227, 0.000107702, -0.000129685, -2.05568e-05, 0.494408, 0.485834, 0.280312, 0.0010602, 0.00111246, 0.00244679
-0.0594015, -0.0440373, -0.56092, 0.000101803, -0.000128723, 6.74374e-06, 0.495395, 0.486409, 0.28061, 0.00105904, 0.00111192, 0.00243724
-0.0692235, -0.0452399, -0.561036, 9.75578e-05, -0.000127376, 2.26861e-05, 0.496466, 0.487116, 0.281045, 0.00105811, 0.00111125, 0.00243015
-0.0757875, -0.0458333, -0.560287, 9.53242e-05, -0.000126642, 3.03235e-05, 0.497525, 0.487907, 0.281548, 0.00105739, 0.00111057, 0.00242527
-0.079895, -0.0459488, -0.56237, 9.33854e-05, -0.00012517, 3.36452e-05, 0.498494, 0.488751, 0.282117, 0.00105687, 0.00110981, 0.00242206
-0.0823271, -0.0457255, -0.563194, 9.24877e-05, -0.000124326, 3.48977e-05, 0.499353, 0.489628, 0.28274, 0.00105646, 0.00110893, 0.00241997
-0.082862, -0.0458187, -0.562707, 9.24402e-05, -0.000124422, 3.47969e-05, 0.500205, 0.490511, 0.283284, 0.00105614, 0.00110815, 0.00241913
-0.0820293, -0.045865, -0.562551, 9.26638e-05, -0.00012465, 3.49175e-05, 0.501056, 0.491297, 0.283694, 0.00105586, 0.00110748, 0.00241901
-0.0811126, -0.0456101, -0.563746, 9.2904e-05, -0.000124599, 3.49166e-05, 0.501821, 0.491922, 0.283751, 0.00105559, 0.00110707, 0.00241834
-0.0794276, -0.0460319, -0.566597, 9.32773e-05, -0.000125225, 3.59681e-05, 0.50243, 0.492423, 0.283477, 0.00105527, 0.00110667, 0.0024154
-0.0770832, -0.0460465, -0.564365, 9.36139e-05, -0.000124649, 3.66273e-05, 0.502706, 0.492898, 0.282786, 0.0010549, 0.00110587, 0.00240913
-0.0745745, -0.0452345, -0.559806, 9.36955e-05, -0.00012205, 3.5379e-05, 0.502717, 0.493475, 0.281876, 0.00105445, 0.00110442, 0.00239939
-0.0724417, -0.0452446, -0.558121, 9.36258e-05, -0.000121285, 3.69724e-05, 0.502813, 0.494302, 0.281088, 0.0010539, 0.00110281, 0.00238607
-0.105982, -0.0459, -0.561565, 8.90885e-05, -0.000118509, 1.29574e-05, 0.503126, 0.495447, 0.280576, 0.00105321, 0.00110136, 0.00236983
-0.145779, -0.0503276, -0.562986, 8.19226e-05, -0.000114489, -5.03037e-06, 0.503443, 0.496855, 0.280264, 0.00105246, 0.0010999, 0.0023518
-0.168632, -0.0456644, -0.562557, 8.02424e-05, -0.000110059, -4.0574e-05, 0.503708, 0.498341, 0.280115, 0.00105179, 0.00109863, 0.00233548
-0.113059, -0.046143, -0.559919, 8.7815e-05, -0.000115014, 5.23298e-06, 0.504014, 0.499734, 0.280075, 0.00105127, 0.00109776, 0.00232438
-0.074767, -0.0464661, -0.55904, 9.27995e-05, -0.000119051, 3.37687e-05, 0.504477, 0.500898, 0.280207, 0.00105094, 0.00109731, 0.00231985
-0.0498039, -0.0466409, -0.559436, 9.60099e-05, -0.000122476, 5.00379e-05, 0.50515, 0.501839, 0.280428, 0.0010507, 0.00109708, 0.00231854
-0.034795, -0.0470346, -0.559463, 9.76959e-05, -0.000125038, 5.85443e-05, 0.505989, 0.502558, 0.280661, 0.00105054, 0.00109685, 0.002318
-0.0276567, -0.0472611, -0.559263, 9.84171e-05, -0.000126411, 6.19307e-05, 0.506843, 0.503019, 0.280876, 0.00105045, 0.00109647, 0.00231668
-0.0261503, -0.047582, -0.559599, 9.85993e-05, -0.000126586, 6.2062e-05, 0.5076, 0.503215, 0.281048, 0.00105039, 0.00109583, 0.0023136
-0.0282392, -0.0478491, -0.560914, 9.83243e-05, -0.000125602, 6.09237e-05, 0.508203, 0.503213, 0.281197, 0.00105034, 0.00109488, 0.00230837
-0.0330949, -0.0477557, -0.561258, 9.76433e-05, -0.000124643, 6.05379e-05, 0.508669, 0.503152, 0.281362, 0.00105027, 0.00109368, 0.00230146
-0.0397386, -0.0472305, -0.562, 9.65521e-05, -0.000123167, 6.19371e-05, 0.508993, 0.50313, 0.281626, 0.00105015, 0.00109221, 0.00229338
-0.0469754, -0.0466109, -0.562425, 9.53774e-05, -0.00012192, 6.44931e-05, 0.50914, 0.503182, 0.282045, 0.00104999, 0.00109049, 0.00228427
-0.0542535, -0.0461362, -0.563633, 9.41316e-05, -0.000120192, 6.71972e-05, 0.509083, 0.503343, 0.282688, 0.0010498, 0.00108849, 0.00227447
-0.0609146, -0.0459585, -0.564918, 9.31271e-05, -0.000118521, 6.95153e-05, 0.50884, 0.503664, 0.283593, 0.00104959, 0.00108624, 0.00226456
-0.0666909, -0.0459094, -0.567662, 9.20306e-05, -0.000115663, 7.18544e-05, 0.508412, 0.504167, 0.284806, 0.00104938, 0.00108371, 0.00225494
-0.0720548, -0.0457663, -0.568893, 9.13897e-05, -0.000114354, 7.4431e-05, 0.507934, 0.504849, 0.286189, 0.00104915, 0.0010814, 0.00224612
-0.076988, -0.0456934, -0.568326, 9.1332e-05, -0.000114638, 7.67048e-05, 0.507453, 0.505728, 0.287734, 0.00104894, 0.0010792, 0.00223874
-0.0805254, -0.0455048, -0.569377, 9.102e-05, -0.000113639, 7.86313e-05, 0.507056, 0.506784, 0.28936, 0.00104877, 0.0010772, 0.00223313
-0.0828912, -0.045624, -0.569909, 9.09529e-05, -0.000113114, 7.94628e-05, 0.506774, 0.507898, 0.290963, 0.00104863, 0.00107548, 0.00222967
-0.0839304, -0.0454984, -0.573009, 9.0428e-05, -0.000111152, 8.02631e-05, 0.506637, 0.508952, 0.292362, 0.00104847, 0.00107426, 0.00222798
-0.0843248, -0.0454279, -0.574609, 9.01879e-05, -0.000110375, 8.05213e-05, 0.506689, 0.509927, 0.293447, 0.00104828, 0.0010735, 0.00222751
-0.0844198, -0.045333, -0.575733, 9.00901e-05, -0.000110044, 8.05751e-05, 0.507008, 0.510807, 0.29404, 0.00104806, 0.00107319, 0.00222737
-0.0836395, -0.0455912, -0.576418, 8.98615e-05, -0.000110032, 8.08101e-05, 0.507588, 0.51156, 0.294171, 0.00104777, 0.00107307, 0.00222594
-0.0828326, -0.045659, -0.575267, 8.97749e-05, -0.00011006, 8.0885e-05, 0.508271, 0.512173, 0.293711, 0.00104739, 0.00107298, 0.00222186
-0.081625, -0.0459632, -0.573959, 8.9542e-05, -0.000109806, 8.15341e-05, 0.508897, 0.512738, 0.292615, 0.00104692, 0.00107254, 0.00221454
-0.0804603, -0.0465054, -0.57311, 8.91512e-05, -0.000109528, 8.31024e-05, 0.509461, 0.513413, 0.291111, 0.00104637, 0.00107146, 0.002204
-0.0788313, -0.046825, -0.57109, 8.86075e-05, -0.000108519, 8.46262e-05, 0.510033, 0.514305, 0.28952, 0.00104571, 0.00106985, 0.00219026
-0.077902, -0.0469322, -0.570756, 8.83756e-05, -0.000108501, 8.54542e-05, 0.51073, 0.515468, 0.288164, 0.00104499, 0.00106812, 0.00217442
-0.0769944, -0.0471144, -0.569453, 8.79811e-05, -0.000107757, 8.66425e-05, 0.511399, 0.516848, 0.286998, 0.0010443, 0.00106619, 0.00215915
-0.0764069, -0.0476956, -0.568012, 8.74291e-05, -0.000106849, 8.88546e-05, 0.512052, 0.518326, 0.286103, 0.00104372, 0.00106436, 0.00214646
-0.075518, -0.0482381, -0.564306, 8.64135e-05, -0.000104339, 9.11685e-05, 0.512569, 0.519762, 0.285338, 0.00104323, 0.0010625, 0.00213726
-0.0754538, -0.048607, -0.561635, 8.57091e-05, -0.000102607, 9.22867e-05, 0.513141, 0.521084, 0.284758, 0.00104284, 0.00106095, 0.00213174
-0.0758377, -0.048706, -0.560422, 8.54304e-05, -0.000101869, 9.23322e-05, 0.51383, 0.522182, 0.284285, 0.00104255, 0.00105981, 0.00212952
-0.0765677, -0.0492045, -0.560686, 8.54127e-05, -0.000101834, 9.22065e-05, 0.514736, 0.523003, 0.283935, 0.00104233, 0.0010592, 0.00212901
-0.0774135, -0.0497167, -0.561933, 8.55859e-05, -0.000101902, 9.17025e-05, 0.515829, 0.523556, 0.283686, 0.00104217, 0.00105893, 0.00212858
-0.0773114, -0.0503605, -0.563148, 8.5722e-05, -0.000101962, 9.11262e-05, 0.516999, 0.523878, 0.283507, 0.00104208, 0.00105878, 0.00212705
-0.0776201, -0.0507996, -0.564152, 8.57856e-05, -0.000101791, 9.04751e-05, 0.518171, 0.524045, 0.283415, 0.00104203, 0.00105859, 0.00212369
-0.0774798, -0.051397, -0.564277, 8.58049e-05, -0.000101814, 8.94458e-05, 0.519286, 0.524153, 0.283402, 0.001042, 0.00105831, 0.00211852
-0.0776896, -0.0512936, -0.563676, 8.58185e-05, -0.000101927, 8.96778e-05, 0.520331, 0.524314, 0.28349, 0.00104195, 0.00105793, 0.00211199
-0.0780657, -0.0507464, -0.56361, 8.57836e-05, -0.000101828, 9.07723e-05, 0.521292, 0.524595, 0.283741, 0.00104185, 0.00105736, 0.00210448
-0.0784487, -0.0500211, -0.563749, 8.57125e-05, -0.000101639, 9.24355e-05, 0.522109, 0.525012, 0.284242, 0.00104167, 0.0010565, 0.00209621
-0.0781061, -0.0490511, -0.565049, 8.54602e-05, -0.000100884, 9.44045e-05, 0.522725, 0.525564, 0.285001, 0.00104144, 0.00105537, 0.00208748
-0.0780141, -0.0482135, -0.566882, 8.4958e-05, -9.96341e-05, 9.61339e-05, 0.523093, 0.526259, 0.286045, 0.00104116, 0.00105393, 0.00207871
-0.0770882, -0.0475319, -0.569107, 8.44359e-05, -9.81186e-05, 9.726e-05, 0.523198, 0.527098, 0.287343, 0.00104089, 0.00105224, 0.00207044
-0.0757973, -0.047029, -0.570618, 8.41276e-05, -9.71419e-05, 9.78357e-05, 0.523094, 0.52806, 0.288744, 0.00104063, 0.00105061, 0.00206301
-0.0753315, -0.0464927, -0.570399, 8.42236e-05, -9.73427e-05, 9.88482e-05, 0.522868, 0.529159, 0.29017, 0.00104041, 0.00104914, 0.00205675
-0.0740959, -0.0455278, -0.571485, 8.40399e-05, -9.67402e-05, 0.000100141, 0.522605, 0.530357, 0.291578, 0.00104025, 0.00104784, 0.00205208
-0.0730867, -0.0450415, -0.573254, 8.37179e-05, -9.58077e-05, 0.000100591, 0.522363, 0.531531, 0.292861, 0.00104012, 0.00104679, 0.00204926
-0.0719684, -0.0446497, -0.573572, 8.3619e-05, -9.57099e-05, 0.000100695, 0.522225, 0.532583, 0.293898, 0.00103999, 0.00104609, 0.00204806
-0.0709139, -0.0448732, -0.573891, 8.34299e-05, -9.5602e-05, 0.000100515, 0.522231, 0.53344, 0.294667, 0.00103986, 0.00104564, 0.00204794
-0.0697757, -0.0445685, -0.573756, 8.331e-05, -9.57125e-05, 0.000100328, 0.522366, 0.534008, 0.294988, 0.00103969, 0.00104547, 0.00204768
-0.068337, -0.044898, -0.571548, 8.29532e-05, -9.56653e-05, 0.000100712, 0.522578, 0.534253, 0.294652, 0.00103945, 0.00104541, 0.0020459
-0.0671831, -0.045207, -0.570111, 8.25866e-05, -9.54094e-05, 0.000101344, 0.522817, 0.534283, 0.293821, 0.0010391, 0.00104517, 0.00204146
-0.0663703, -0.0455711, -0.567683, 8.21609e-05, -9.43733e-05, 0.000102298, 0.523039, 0.534344, 0.29244, 0.0010386, 0.00104434, 0.00203406
-0.064878, -0.0457883, -0.564377, 8.14345e-05, -9.24053e-05, 0.000103325, 0.523207, 0.534606, 0.290687, 0.00103795, 0.00104266, 0.00202384
-0.0639254, -0.0464138, -0.563368, 8.0819e-05, -9.16411e-05, 0.000105547, 0.523357, 0.535164, 0.288844, 0.00103712, 0.00104017, 0.00201136
-0.0633392, -0.0468344, -0.562923, 8.04185e-05, -9.12904e-05, 0.000107155, 0.523552, 0.536048, 0.287167, 0.00103621, 0.00103719, 0.00199778
-0.0632924, -0.0477109, -0.563034, 8.0148e-05, -9.12255e-05, 0.000109553, 0.523643, 0.537132, 0.285716, 0.00103536, 0.00103386, 0.00198498
-0.0637587, -0.0484669, -0.562244, 8.00524e-05, -9.02015e-05, 0.000110997, 0.523517, 0.538282, 0.284482, 0.00103463, 0.0010302, 0.00197448
-0.0635755, -0.0491867, -0.560143, 7.9642e-05, -8.79814e-05, 0.000112539, 0.523334, 0.539422, 0.283497, 0.001034, 0.00102659, 0.00196691
-0.0637225, -0.050086, -0.558728, 7.93382e-05, -8.64989e-05, 0.000113958, 0.523394, 0.540501, 0.282821, 0.00103343, 0.00102366, 0.0019622
-0.064367, -0.050599, -0.557048, 7.92658e-05, -8.49777e-05, 0.000114307, 0.523688, 0.541448, 0.282321, 0.00103299, 0.00102141, 0.00196011
-0.065511, -0.0510723, -0.555877, 7.93818e-05, -8.39483e-05, 0.000114232, 0.524343, 0.542237, 0.281909, 0.00103261, 0.0010199, 0.00195969
-0.0668364, -0.0515729, -0.55552, 7.96225e-05, -8.33862e-05, 0.000113905, 0.525411, 0.542911, 0.281514, 0.00103226, 0.00101894, 0.00195952
-0.0678416, -0.0522866, -0.55468, 7.96994e-05, -8.27294e-05, 0.000113109, 0.526931, 0.543634, 0.281165, 0.00103193, 0.00101831, 0.00195819
-0.068571, -0.0533273, -0.556207, 7.98881e-05, -8.22689e-05, 0.000111857, 0.528767, 0.544541, 0.280879, 0.00103167, 0.00101772, 0.001955
-0.0693599, -0.0540526, -0.558069, 7.99099e-05, -8.15949e-05, 0.000111059, 0.530707, 0.545625, 0.280619, 0.00103149, 0.00101707, 0.00194963
-0.0693864, -0.054264, -0.559778, 7.96649e-05, -8.11859e-05, 0.000110539, 0.532621, 0.546826, 0.280445, 0.00103128, 0.00101634, 0.00194236
-0.0690654, -0.0545872, -0.561561, 7.91571e-05, -8.06638e-05, 0.000109369, 0.53443, 0.548077, 0.28043, 0.00103098, 0.00101559, 0.00193369
-0.0688637, -0.0542249, -0.562836, 7.87769e-05, -8.03191e-05, 0.00010977, 0.536031, 0.549278, 0.280636, 0.00103057, 0.00101486, 0.00192483
-0.0618124, -0.0218847, -0.57299, 7.85526e-05, -8.0423e-05, 0.000163242, 0.537322, 0.55032, 0.281033, 0.00103004, 0.00101421, 0.00191724
-0.0520412, 0.0139291, -0.581259, 7.8119e-05, -7.90784e-05, 0.000210516, 0.53829, 0.551131, 0.28158, 0.00102937, 0.00101354, 0.00191114
-0.0358138, 0.051955, -0.577378, 8.30145e-05, -8.01893e-05, 0.000246489, 0.538847, 0.551607, 0.282231, 0.00102859, 0.00101283, 0.0019067
-0.0592947, -0.00819724, -0.569498, 8.54341e-05, -9.17064e-05, 0.000199704, 0.538819, 0.551593, 0.282907, 0.00102778, 0.00101205, 0.00190392
-0.0781798, -0.0517799, -0.564425, 8.87918e-05, -0.000104595, 0.000173923, 0.538033, 0.551075, 0.283498, 0.0010273, 0.0010113, 0.00190316
-0.0918751, -0.0806426, -0.565046, 9.1159e-05, -0.000114673, 0.000159525, 0.536556, 0.550037, 0.28393, 0.00102689, 0.00101049, 0.00190235
-0.100923, -0.0984937, -0.564876, 9.27718e-05, -0.000122223, 0.000152218, 0.534722, 0.548701, 0.284136, 0.00102647, 0.00100968, 0.00190053
-0.105593, -0.108078, -0.564191, 9.33942e-05, -0.000126654, 0.000150243, 0.532904, 0.547303, 0.284267, 0.00102604, 0.00100879, 0.00189775
-0.106966, -0.111479, -0.564023, 9.35565e-05, -0.00012823, 0.000150552, 0.531263, 0.545942, 0.284453, 0.00102558, 0.00100781, 0.0018944
-0.10593, -0.110471, -0.565686, 9.37668e-05, -0.000127291, 0.000150511, 0.529809, 0.544637, 0.284661, 0.00102504, 0.00100682, 0.00189117
-0.103267, -0.106555, -0.568327, 9.41103e-05, -0.000124919, 0.000149305, 0.528524, 0.5434, 0.284758, 0.00102441, 0.00100591, 0.00188848
-0.0998981, -0.100791, -0.56851, 9.46742e-05, -0.000121906, 0.000146866, 0.52745, 0.542335, 0.284775, 0.00102369, 0.00100502, 0.00188635
-0.096643, -0.0943063, -0.56811, 9.53755e-05, -0.000118707, 0.000143485, 0.526685, 0.541569, 0.284785, 0.00102298, 0.00100418, 0.0018847
-0.0933387, -0.0875319, -0.567675, 9.64029e-05, -0.000115485, 0.00013989, 0.52632, 0.54121, 0.284828, 0.0010223, 0.00100341, 0.00188345
-0.089933, -0.0813705, -0.565929, 9.79531e-05, -0.000112742, 0.000136885, 0.526496, 0.541414, 0.284866, 0.00102165, 0.00100271, 0.00188256
-0.0873761, -0.0750193, -0.565843, 9.97511e-05, -0.000110285, 0.000134013, 0.527255, 0.542206, 0.284929, 0.00102104, 0.00100208, 0.00188197
-0.0857233, -0.0694161, -0.566482, 0.000101649, -0.000108669, 0.000131673, 0.528522, 0.543491, 0.284875, 0.0010205, 0.00100159, 0.00188158
-0.0849733, -0.0645546, -0.566335, 0.000103456, -0.000107665, 0.000129718, 0.530169, 0.545174, 0.284628, 0.00101998, 0.00100106, 0.00188119
-0.0841297, -0.0609034, -0.56616, 0.000105062, -0.00010741, 0.000128435, 0.532121, 0.547191, 0.284287, 0.00101943, 0.00100039, 0.00188095
-0.0832229, -0.0580666, -0.565026, 0.000106391, -0.000107434, 0.000127462, 0.534342, 0.549471, 0.283946, 0.0010188, 0.000999625, 0.00188075
-0.0834611, -0.0559986, -0.56546, 0.000107524, -0.000107584, 0.000127024, 0.536674, 0.551886, 0.283536, 0.00101808, 0.000998669, 0.00188052
-0.0831209, -0.054404, -0.56488, 0.000108241, -0.000107813, 0.000126579, 0.539002, 0.554316, 0.28307, 0.0010173, 0.000997544, 0.00188025
-0.0832478, -0.053867, -0.563652, 0.000108424, -0.000107435, 0.000126616, 0.541299, 0.556703, 0.282597, 0.00101641, 0.000996295, 0.00187992
-0.0831538, -0.0539134, -0.563379, 0.000108325, -0.000107344, 0.000126556, 0.543476, 0.55897, 0.282099, 0.00101541, 0.000994868, 0.00187956
-0.0822286, -0.0537759, -0.563162, 0.000107907, -0.000107678, 0.000126154, 0.545415, 0.561008, 0.281578, 0.00101431, 0.000993236, 0.00187925
-0.0823446, -0.0540727, -0.564584, 0.00010799, -0.000108195, 0.000126157, 0.547046, 0.562762, 0.281059, 0.00101313, 0.000991398, 0.00187896
-0.0830606, -0.0550848, -0.566601, 0.000108312, -0.000108428, 0.000126371, 0.548427, 0.564232, 0.280595, 0.00101193, 0.000989578, 0.00187873
-0.0823675, -0.0560014, -0.565605, 0.000107677, -0.000107602, 0.000126155, 0.549623, 0.565467, 0.28019, 0.00101071, 0.00098783, 0.00187855
-0.0821428, -0.0573758, -0.565784, 0.000107422, -0.000106968, 0.000126014, 0.55054, 0.566404, 0.279824, 0.00100954, 0.000986157, 0.0018784
-0.0812278, -0.0588561, -0.564657, 0.000106793, -0.000105794, 0.000125758, 0.551175, 0.567031, 0.279519, 0.00100844, 0.000984607, 0.00187829
-0.0807093, -0.0604507, -0.565018, 0.000106524, -0.000105176, 0.000125494, 0.55166, 0.567476, 0.279276, 0.00100742, 0.000983208, 0.00187821
-0.0801348, -0.0622526, -0.564663, 0.000106234, -0.000104236, 0.000125215, 0.552023, 0.567773, 0.279084, 0.00100651, 0.000981993, 0.00187816
-0.0797459, -0.0640951, -0.564333, 0.000106093, -0.000103347, 0.000124966, 0.552278, 0.567949, 0.278934, 0.00100572, 0.000980957, 0.00187812
-0.0794973, -0.0658816, -0.563765, 0.000106028, -0.000102499, 0.00012478, 0.552452, 0.568043, 0.278816, 0.00100508, 0.000980108, 0.00187809
-0.0792451, -0.0672791, -0.563551, 0.000105975, -0.000101965, 0.000124669, 0.552571, 0.568083, 0.278722, 0.00100456, 0.000979437, 0.00187808
-0.0792068, -0.0682608, -0.56283, 0.000105999, -0.000101522, 0.000124598, 0.552663, 0.568099, 0.278647, 0.00100417, 0.000978928, 0.00187806
-0.0789651, -0.0693013, -0.561735, 0.000105981, -0.000101077, 0.000124544, 0.552749, 0.568116, 0.278591, 0.00100388, 0.000978556, 0.00187804
-0.0787216, -0.0702937, -0.560719, 0.000105976, -0.000100729, 0.00012451, 0.552847, 0.568152, 0.278548, 0.00100367, 0.000978297, 0.00187803
-0.0783962, -0.07153, -0.560527, 0.000105923, -0.00010049, 0.000124511, 0.552971, 0.568222, 0.278513, 0.00100353, 0.000978125, 0.00187801
-0.078553, -0.0724668, -0.559639, 0.000105989, -0.000100283, 0.000124492, 0.553141, 0.568347, 0.278491, 0.00100343, 0.000978016, 0.00187799
-0.078509, -0.0731567, -0.559735, 0.000105959, -0.000100213, 0.000124508, 0.553359, 0.568529, 0.278474, 0.00100336, 0.000977951, 0.00187798
-0.078734, -0.0735821, -0.558795, 0.000106032, -0.000100135, 0.000124497, 0.553632, 0.568775, 0.278459, 0.0010033, 0.000977912, 0.00187796
-0.0786272, -0.0739833, -0.55861, 0.000106022, -0.000100111, 0.000124513, 0.553962, 0.569088, 0.278452, 0.00100326, 0.000977888, 0.00187795
-0.0784394, -0.0744413, -0.55836, 0.000106003, -0.000100107, 0.000124545, 0.554353, 0.569471, 0.278447, 0.00100322, 0.000977869, 0.00187793
-0.0784301, -0.0747803, -0.558175, 0.00010599, -0.000100102, 0.000124562, 0.554805, 0.569923, 0.278443, 0.00100318, 0.000977848, 0.00187792
-0.0789826, -0.0749415, -0.557562, 0.000106019, -0.000100062, 0.000124559, 0.555319, 0.570445, 0.278446, 0.00100313, 0.000977823, 0.00187791
-0.0789517, -0.0754734, -0.557709, 0.000105956, -0.000100069, 0.000124585, 0.555884, 0.571027, 0.278446, 0.00100308, 0.00097779, 0.0018779
-0.079332, -0.0756377, -0.557243, 0.000105959, -0.000100043, 0.000124591, 0.556506, 0.571671, 0.278451, 0.00100302, 0.00097775, 0.00187788
-0.0795773, -0.0757191, -0.557006, 0.000105955, -0.000100022, 0.000124589, 0.557173, 0.572366, 0.278457, 0.00100296, 0.000977703, 0.00187787
-0.0793626, -0.0760763, -0.557104, 0.00010591, -0.000100059, 0.000124626, 0.55788, 0.573104, 0.278461, 0.0010029, 0.00097765, 0.00187786
-0.0793139, -0.0762236, -0.556799, 0.000105909, -0.00010007, 0.000124615, 0.558623, 0.57388, 0.278464, 0.00100283, 0.000977592, 0.00187785
-0.0794478, -0.0762207, -0.556842, 0.000105899, -0.000100057, 0.000124633, 0.559395, 0.574688, 0.278467, 0.00100276, 0.00097753, 0.00187784
-0.079582, -0.0763287, -0.556826, 0.000105882, -0.000100041, 0.000124635, 0.560194, 0.575523, 0.278474, 0.00100269, 0.000977465, 0.00187783
-0.0797615, -0.0764835, -0.557504, 0.000105843, -0.00010001, 0.000124644, 0.561011, 0.576375, 0.278478, 0.00100261, 0.000977398, 0.00187782
-0.0794061, -0.0765539, -0.557102, 0.000105847, -0.000100069, 0.000124641, 0.561846, 0.577245, 0.278483, 0.00100254, 0.00097733, 0.00187781
-0.0795855, -0.0766958, -0.557463, 0.000105819, -0.000100042, 0.000124657, 0.562686, 0.578118, 0.278486, 0.00100246, 0.000977261, 0.0018778
-0.0797244, -0.0767053, -0.557174, 0.00010582, -0.000100025, 0.000124653, 0.563532, 0.578996, 0.278487, 0.00100239, 0.000977193, 0.0018778
-0.080187, -0.0768581, -0.557684, 0.00010579, -9.99621e-05, 0.000124668, 0.564377, 0.579871, 0.278488, 0.00100232, 0.000977125, 0.00187779
-0.0803852, -0.076976, -0.557569, 0.000105776, -9.99324e-05, 0.000124674, 0.565222, 0.580747, 0.278491, 0.00100224, 0.000977057, 0.00187778
-0.0805933, -0.0771292, -0.557773, 0.00010575, -9.991e-05, 0.000124686, 0.566065, 0.581619, 0.278496, 0.00100217, 0.000976991, 0.00187777
-0.0809796, -0.0772749, -0.558099, 0.000105732, -9.98571e-05, 0.000124687, 0.566904, 0.582486, 0.278501, 0.0010021, 0.000976926, 0.00187777
