-0.999899,-0.0124442, -0.00404862, 0.00557901, 0,0,0, 0.1, 0.1, 0.1, 0.5, 0.5, 0.5
-0.999899,-0.0124442, -0.00404862, 0.00557901, 0,0,0, 0.1, 0.1, 0.1, 0.5, 0.5, 0.5
-0.999899,-0.0123837, -0.00405669, 0.00562185, -0.00800416,-0.00105403,-0.0072201, 0.0997055, 0.0999967, 0.0997064, 0.470964, 0.499735, 0.473529
-0.999899,-0.0123835, -0.00403812, 0.00563457, -0.0109166,-0.00331614,-0.011285, 0.0996864, 0.0999758, 0.0997017, 0.453975, 0.497618, 0.463126
-0.999899,-0.0123764, -0.00402744, 0.00565887, -0.0138412,-0.00519111,-0.0112227, 0.0995978, 0.099917, 0.09967, 0.45007, 0.494729, 0.462665
-0.999899,-0.0124139, -0.00403812, 0.00570225, -0.0121266,-0.00656801,-0.0117186, 0.0993803, 0.0997558, 0.0996076, 0.447871, 0.49232, 0.456212
-0.999897,-0.012489, -0.00413724, 0.00573728, -0.0149064,-0.00517158,-0.0155385, 0.0989436, 0.0995103, 0.0994376, 0.429055, 0.490278, 0.431737
-0.999898,-0.0124446, -0.00423012, 0.00564984, -0.014584,-0.00509885,-0.0205977, 0.0984569, 0.0993062, 0.0992508, 0.393045, 0.489892, 0.400819
-0.999898,-0.0124243, -0.00428714, 0.00554133, -0.0179989,-0.00591163,-0.0252553, 0.0980008, 0.0991722, 0.0990265, 0.353566, 0.48917, 0.372953
-0.999898,-0.012425, -0.00430635, 0.00549693, -0.0208695,-0.00749958,-0.026487, 0.0978438, 0.0990717, 0.098991, 0.337524, 0.48629, 0.364365
-0.999898,-0.0124218, -0.00434922, 0.00546932, -0.0228432,-0.0107199,-0.0268347, 0.0978004, 0.0990156, 0.0989823, 0.335125, 0.482985, 0.36303
-0.999898,-0.0124264, -0.00434708, 0.00547607, -0.0227825,-0.0106414,-0.0262172, 0.0977975, 0.0990078, 0.0989806, 0.334541, 0.480296, 0.36042
-0.999898,-0.0124277, -0.00430171, 0.00548618, -0.0226389,-0.0130379,-0.0249166, 0.097701, 0.0989807, 0.0989176, 0.333378, 0.47675, 0.359212
-0.999899,-0.0124434, -0.00414081, 0.00549573, -0.0228855,-0.0186353,-0.0231083, 0.0975191, 0.0988499, 0.0988671, 0.33166, 0.470128, 0.357171
-0.9999,-0.0124548, -0.00400688, 0.00544369, -0.0237187,-0.0217142,-0.0220154, 0.0971898, 0.0985972, 0.0988507, 0.329112, 0.462938, 0.353011
-0.9999,-0.012453, -0.00394497, 0.00537821, -0.0242364,-0.0224338,-0.0213009, 0.0966517, 0.0982675, 0.0988386, 0.322809, 0.459676, 0.344548
-0.999901,-0.0124556, -0.00393427, 0.00531875, -0.0230214,-0.0221356,-0.0211633, 0.0959503, 0.0979332, 0.0987922, 0.311025, 0.458928, 0.331131
-0.999901,-0.0124316, -0.00397547, 0.00522018, -0.0232802,-0.0224871,-0.0228486, 0.0952368, 0.0976368, 0.0987086, 0.296854, 0.457823, 0.316424
-0.999902,-0.0124094, -0.00400105, 0.00513973, -0.0213713,-0.0226199,-0.0238268, 0.0946576, 0.0974105, 0.0986495, 0.28535, 0.45681, 0.306658
-0.999902,-0.0124061, -0.00403051, 0.00512388, -0.0178841,-0.0250664,-0.0247532, 0.0942464, 0.0972416, 0.0985821, 0.27663, 0.454059, 0.300847
-0.999902,-0.0124144, -0.00407172, 0.0051197, -0.0137278,-0.034493,-0.025448, 0.094019, 0.0970095, 0.0984781, 0.272083, 0.441692, 0.296568
-0.999901,-0.012469, -0.00411768, 0.00511771, -0.0121413,-0.0494521,-0.0253355, 0.0939034, 0.0965939, 0.0982623, 0.271233, 0.413636, 0.288779
-0.9999,-0.0124895, -0.00418641, 0.00509907, -0.0122738,-0.0691937,-0.0242987, 0.0938665, 0.0960439, 0.0979459, 0.271041, 0.374169, 0.27534
-0.9999,-0.0124979, -0.00425237, 0.0050829, -0.0128674,-0.0892759,-0.0235165, 0.0938617, 0.0954036, 0.0975151, 0.270923, 0.332941, 0.259561
-0.9999,-0.0124681, -0.00434638, 0.00509249, -0.0121971,-0.109147,-0.0222021, 0.0938404, 0.0947381, 0.0969848, 0.27086, 0.297854, 0.245791
-0.9999,-0.0124408, -0.00443388, 0.00512817, -0.011067,-0.120101,-0.0215156, 0.0937978, 0.0942212, 0.0965292, 0.270616, 0.27551, 0.23695
-0.999899,-0.012443, -0.00449057, 0.00518117, -0.0107599,-0.124408,-0.0214458, 0.0937472, 0.0938531, 0.096194, 0.270554, 0.264707, 0.232527
-0.999898,-0.0124632, -0.0045114, 0.00523337, -0.010854,-0.125757,-0.0217374, 0.0936615, 0.0935665, 0.0959247, 0.270365, 0.261124, 0.230203
-0.999897,-0.0125177, -0.00451479, 0.00530054, -0.0108006,-0.126295,-0.0220107, 0.0935371, 0.0932729, 0.0956699, 0.269915, 0.260391, 0.227983
-0.999897,-0.0125344, -0.00451431, 0.0053564, -0.0106049,-0.126609,-0.0225794, 0.0933775, 0.092875, 0.0953483, 0.269481, 0.259631, 0.225196
-0.999897,-0.0125261, -0.00452061, 0.00541374, -0.0102234,-0.127256,-0.0230263, 0.0932053, 0.0924126, 0.0950033, 0.269067, 0.257762, 0.221593
-0.999897,-0.012528, -0.00456203, 0.00536134, -0.0100524,-0.129092,-0.0216548, 0.0930276, 0.0920161, 0.094792, 0.268731, 0.253483, 0.216883
-0.999897,-0.0125211, -0.00461155, 0.00528826, -0.00923942,-0.132706,-0.0202136, 0.0928438, 0.091669, 0.0946802, 0.268163, 0.245839, 0.21059
-0.999897,-0.0125259, -0.00464404, 0.00524443, -0.00822521,-0.136557,-0.0196899, 0.0926814, 0.0913368, 0.0945974, 0.267459, 0.236606, 0.203351
-0.999897,-0.0125215, -0.00467241, 0.00519064, -0.00759831,-0.140031,-0.0191223, 0.0925564, 0.0910379, 0.0945463, 0.267056, 0.227451, 0.19581
-0.999897,-0.0125159, -0.00471723, 0.00512883, -0.00730733,-0.143633,-0.0185265, 0.0924719, 0.0907831, 0.0945355, 0.266878, 0.218326, 0.187605
-0.999897,-0.0125183, -0.00479005, 0.00505015, -0.00686255,-0.148007,-0.0175083, 0.0924203, 0.0905671, 0.0945345, 0.26669, 0.209815, 0.179061
-0.999897,-0.0125255, -0.00486107, 0.00498315, -0.00632292,-0.151582,-0.0163803, 0.092382, 0.0903897, 0.0945235, 0.266459, 0.202772, 0.171179
-0.999897,-0.0125379, -0.00491615, 0.00493717, -0.00596074,-0.154228,-0.0154752, 0.0923564, 0.0902565, 0.0945051, 0.266317, 0.197723, 0.164861
-0.999897,-0.0125532, -0.00493551, 0.00492395, -0.00586232,-0.155105,-0.0151343, 0.092338, 0.0901546, 0.09447, 0.26622, 0.194307, 0.160096
-0.999897,-0.0125752, -0.00496945, 0.00490162, -0.00552226,-0.157026,-0.0148621, 0.092322, 0.0900015, 0.0943511, 0.266034, 0.191235, 0.15582
-0.999896,-0.0126234, -0.00499457, 0.00487849, -0.00498139,-0.159053,-0.0150254, 0.0922983, 0.0897258, 0.0940811, 0.265617, 0.18794, 0.151562
-0.999896,-0.012642, -0.00503285, 0.00485712, -0.00448014,-0.160749,-0.0152901, 0.0922738, 0.0894, 0.0937444, 0.265068, 0.185056, 0.147855
-0.999894,-0.0127295, -0.00505714, 0.00484537, -0.00437979,-0.162125,-0.015744, 0.0922573, 0.0890038, 0.0933391, 0.264606, 0.182768, 0.144867
-0.999893,-0.0127992, -0.00512215, 0.00483751, -0.00464662,-0.163527,-0.0160706, 0.0922397, 0.088396, 0.0927049, 0.263995, 0.180469, 0.142113
-0.999892,-0.012862, -0.00516788, 0.00482119, -0.00526375,-0.165624,-0.0167507, 0.0922195, 0.0876149, 0.0918795, 0.263109, 0.177745, 0.139581
-0.999892,-0.0128803, -0.00521413, 0.00480896, -0.00579078,-0.167302,-0.0170624, 0.0922047, 0.0868585, 0.0910709, 0.262276, 0.174741, 0.137802
-0.99989,-0.0129874, -0.00526774, 0.00480814, -0.00611901,-0.168484,-0.0172482, 0.0921919, 0.0861984, 0.090348, 0.261496, 0.171473, 0.136796
-0.999889,-0.0130539, -0.00531045, 0.00479267, -0.00582238,-0.168964,-0.0175424, 0.0921805, 0.0855735, 0.0896622, 0.261043, 0.167538, 0.136187
-0.999889,-0.0130667, -0.00533172, 0.00477148, -0.00564826,-0.16975,-0.0177491, 0.0921626, 0.0849981, 0.089051, 0.260812, 0.162995, 0.135497
-0.999889,-0.0130407, -0.00534539, 0.00475691, -0.00558182,-0.170744,-0.0178437, 0.0921284, 0.0844446, 0.0884945, 0.260469, 0.158046, 0.134438
-0.999888,-0.013127, -0.00537932, 0.00475548, -0.00575498,-0.171761,-0.0176552, 0.0920534, 0.0838867, 0.0879431, 0.259575, 0.152934, 0.133041
-0.999888,-0.0131201, -0.00539252, 0.00472037, -0.00562532,-0.172523,-0.0180548, 0.0920192, 0.0833751, 0.0875008, 0.259459, 0.148161, 0.131538
-0.999888,-0.0131152, -0.00538568, 0.00470075, -0.00555325,-0.173245,-0.0181773, 0.0919891, 0.0829202, 0.0871576, 0.259443, 0.14408, 0.130071
-0.999888,-0.0131568, -0.00537346, 0.00470301, -0.00551894,-0.173603,-0.0181564, 0.0919645, 0.0825085, 0.0868582, 0.259381, 0.140824, 0.128761
-0.999888,-0.0131753, -0.005341, 0.00470283, -0.00563516,-0.173818,-0.0181398, 0.0919547, 0.0821803, 0.086642, 0.25879, 0.138546, 0.12744
-0.999888,-0.0131823, -0.00529811, 0.00471513, -0.00511377,-0.174238,-0.0177691, 0.0919196, 0.0819134, 0.0864499, 0.256557, 0.137206, 0.125884
-0.999888,-0.0131951, -0.00525557, 0.00470183, -0.00484785,-0.174287,-0.0179451, 0.0918748, 0.0817133, 0.0863027, 0.253443, 0.136587, 0.124017
-0.999888,-0.0131926, -0.00522178, 0.00469068, -0.00462592,-0.174331,-0.0181952, 0.091812, 0.0815956, 0.0862197, 0.250728, 0.136392, 0.121707
-0.999889,-0.0131888, -0.00519549, 0.00464899, -0.00463079,-0.174486,-0.0186476, 0.0917252, 0.0815351, 0.0861873, 0.249238, 0.136247, 0.1189
-0.999889,-0.0131765, -0.00517096, 0.00458203, -0.00461643,-0.174818,-0.0191895, 0.0916173, 0.0814943, 0.0861684, 0.248643, 0.13583, 0.115719
-0.99989,-0.0131733, -0.00515281, 0.00452143, -0.00449904,-0.175228,-0.0196758, 0.0915082, 0.0814564, 0.0861476, 0.248515, 0.13497, 0.112404
-0.99989,-0.0131673, -0.00513328, 0.00445689, -0.00441158,-0.175766,-0.0201071, 0.0914108, 0.0814122, 0.0861165, 0.24847, 0.13364, 0.109204
-0.999891,-0.0131731, -0.00511416, 0.00437784, -0.00425913,-0.176589,-0.020572, 0.0913319, 0.0813487, 0.0860567, 0.248251, 0.13188, 0.106234
-0.999891,-0.0131887, -0.00509128, 0.00430369, -0.00385967,-0.17752,-0.0208311, 0.0912666, 0.0812034, 0.0858914, 0.247786, 0.129765, 0.103368
-0.999891,-0.0132224, -0.0050736, 0.00425409, -0.00321198,-0.178284,-0.0208091, 0.0912057, 0.0808745, 0.0854971, 0.247014, 0.127415, 0.100505
-0.999891,-0.013227, -0.00505075, 0.00422962, -0.00271993,-0.178727,-0.0207819, 0.0911425, 0.0804245, 0.0849541, 0.245928, 0.125265, 0.0979513
-0.999891,-0.0132374, -0.00505696, 0.00422938, -0.00245568,-0.17877,-0.0205694, 0.091077, 0.0799175, 0.0843574, 0.244864, 0.123742, 0.0960335
-0.99989,-0.0132588, -0.00508102, 0.00424658, -0.00231805,-0.178708,-0.0202962, 0.0910125, 0.0793393, 0.0836928, 0.244229, 0.122907, 0.0948036
-0.999889,-0.013311, -0.00512981, 0.00428872, -0.00216201,-0.178669,-0.0199471, 0.0909471, 0.0787056, 0.0829672, 0.24398, 0.122549, 0.0941558
-0.999888,-0.0133666, -0.00517046, 0.00434602, -0.00185603,-0.178853,-0.019682, 0.0908852, 0.0780959, 0.0822648, 0.243814, 0.122321, 0.0939269
-0.999887,-0.0133789, -0.00523098, 0.00440098, -0.00158034,-0.179171,-0.0195355, 0.0908352, 0.0775568, 0.0816311, 0.243561, 0.121811, 0.0938712
-0.999886,-0.0133879, -0.00530235, 0.0044585, -0.00111582,-0.179885,-0.019507, 0.0908024, 0.0770763, 0.08106, 0.243392, 0.120673, 0.0936655
-0.999885,-0.0134473, -0.00535943, 0.00451797, -0.000757535,-0.181078,-0.0197036, 0.0907624, 0.0766315, 0.0805079, 0.242765, 0.118782, 0.0929925
-0.999884,-0.01349, -0.00541196, 0.00455795, -0.00059894,-0.182469,-0.0201057, 0.0907385, 0.0762522, 0.0800231, 0.24181, 0.116384, 0.0918629
-0.999883,-0.0135508, -0.005433, 0.00456957, -0.000573924,-0.183365,-0.020401, 0.0907232, 0.0759612, 0.0796388, 0.241142, 0.113891, 0.0904901
-0.999882,-0.0135875, -0.00544646, 0.00456168, -0.00059187,-0.18409,-0.0208138, 0.0907137, 0.0757595, 0.0793575, 0.241021, 0.111707, 0.0891253
-0.999882,-0.0136316, -0.00544656, 0.00454991, -0.000582747,-0.184531,-0.0211532, 0.0907005, 0.0755993, 0.0791279, 0.241002, 0.110016, 0.0878539
-0.999881,-0.0136898, -0.00545358, 0.00454123, -0.000540325,-0.184856,-0.0214663, 0.0906839, 0.0754361, 0.0789013, 0.240952, 0.108833, 0.0867933
-0.99988,-0.013739, -0.00545857, 0.00453196, -0.000473365,-0.185022,-0.021662, 0.0906624, 0.0752966, 0.0787106, 0.24076, 0.108137, 0.0859345
-0.99988,-0.0137646, -0.00545329, 0.00452144, -0.000315237,-0.185133,-0.0218728, 0.0906308, 0.0752194, 0.0786045, 0.240443, 0.107876, 0.0850874
-0.99988,-0.0137773, -0.00544918, 0.00451809, -0.000245708,-0.185135,-0.0219268, 0.0905857, 0.0751853, 0.0785625, 0.240007, 0.107851, 0.0840776
-0.99988,-0.0137849, -0.00544466, 0.00452446, -0.000298896,-0.185151,-0.0218654, 0.0905311, 0.0751649, 0.0785502, 0.239704, 0.10777, 0.0828621
-0.99988,-0.0137861, -0.005445, 0.00453733, -0.000329263,-0.185223,-0.0217589, 0.090476, 0.0751448, 0.0785466, 0.239511, 0.107404, 0.081528
-0.99988,-0.0137856, -0.00544961, 0.00455917, -0.000510836,-0.185451,-0.0215653, 0.0904255, 0.0751218, 0.0785415, 0.239181, 0.106671, 0.080243
-0.99988,-0.0137864, -0.00545944, 0.00458471, -0.00066035,-0.185759,-0.0213375, 0.0903856, 0.0750985, 0.0785325, 0.238795, 0.105633, 0.0791381
-0.999879,-0.013785, -0.00547349, 0.00461357, -0.00089092,-0.186215,-0.0211018, 0.0903571, 0.0750694, 0.0785115, 0.238417, 0.104382, 0.0782305
-0.999877,-0.0139757, -0.00547435, 0.00462057, -0.00116172,-0.18587,-0.0214834, 0.0903331, 0.0749924, 0.0784294, 0.237861, 0.10303, 0.0773978
-0.999873,-0.0142403, -0.00541167, 0.00459006, 0.000194814,-0.183899,-0.0223212, 0.090314, 0.0748113, 0.0782362, 0.237332, 0.101723, 0.0766307
-0.999876,-0.0139998, -0.00555468, 0.00455118, -0.00130345,-0.185327,-0.0216184, 0.090264, 0.0745271, 0.0779294, 0.236756, 0.100619, 0.0760462
-0.999876,-0.0140185, -0.00558215, 0.00457606, -0.00255271,-0.186044,-0.0211259, 0.0902289, 0.0741945, 0.0775685, 0.236026, 0.0998443, 0.0756254
-0.999875,-0.0140644, -0.00560229, 0.00458753, -0.00320483,-0.186419,-0.0208985, 0.0902059, 0.0738562, 0.0772066, 0.235567, 0.0994345, 0.0753608
-0.999874,-0.0141034, -0.00563305, 0.00458405, -0.00344026,-0.18656,-0.0208053, 0.090189, 0.0734775, 0.0767952, 0.235433, 0.0993103, 0.0752074
-0.999873,-0.0141735, -0.00567725, 0.00458386, -0.00352731,-0.186575,-0.0207543, 0.0901713, 0.0730361, 0.0763068, 0.235319, 0.0992948, 0.0751226
-0.999872,-0.0142386, -0.00573777, 0.00457602, -0.00327901,-0.186429,-0.0207217, 0.0901588, 0.0725785, 0.075795, 0.235073, 0.0991594, 0.0750832
-0.99987,-0.014304, -0.00578845, 0.00457218, -0.00281223,-0.18624,-0.0207359, 0.090126, 0.0721457, 0.075298, 0.234162, 0.0987107, 0.0750251
-0.999869,-0.0143613, -0.00584596, 0.00457687, -0.00241287,-0.186095,-0.0207725, 0.0900739, 0.0717388, 0.0748278, 0.232401, 0.0978622, 0.0749047
-0.999868,-0.014413, -0.00588608, 0.00458432, -0.00241488,-0.186086,-0.0207455, 0.0900497, 0.0713452, 0.0743985, 0.231219, 0.0966288, 0.0746973
-0.999867,-0.0144727, -0.00591072, 0.00459239, -0.0024731,-0.186141,-0.0206493, 0.0900301, 0.0709393, 0.0739627, 0.230738, 0.0950526, 0.0743712
-0.999867,-0.014486, -0.00593599, 0.00458583, -0.00237391,-0.186111,-0.0206208, 0.0899977, 0.0705425, 0.0735274, 0.230238, 0.093256, 0.0739065
-0.999867,-0.0145117, -0.00594425, 0.00458365, -0.00226034,-0.186144,-0.0205924, 0.0899736, 0.0702324, 0.0731956, 0.229394, 0.0915751, 0.0734125
-0.999867,-0.0145039, -0.00593285, 0.00458308, -0.00237543,-0.186193,-0.0206328, 0.0899391, 0.070039, 0.0729969, 0.228192, 0.0903302, 0.0729344
-0.999867,-0.0144921, -0.00592472, 0.0045836, -0.00250831,-0.186243,-0.0206501, 0.0899141, 0.0699155, 0.072889, 0.227294, 0.0895949, 0.0725092
-0.999867,-0.0144941, -0.00591136, 0.00458316, -0.00254836,-0.186246,-0.0206581, 0.0898922, 0.0698043, 0.0727969, 0.226858, 0.0892127, 0.0721272
-0.999867,-0.0145061, -0.00590867, 0.00457677, -0.00255967,-0.186208,-0.0207077, 0.0898746, 0.0697061, 0.0727144, 0.226643, 0.0890437, 0.0717641
-0.999867,-0.0145156, -0.00589367, 0.00455805, -0.00262054,-0.186153,-0.0208545, 0.0898622, 0.0696468, 0.0726689, 0.226535, 0.0889828, 0.0713472
-0.999867,-0.0145224, -0.00587981, 0.00454297, -0.00274251,-0.186171,-0.0209634, 0.0898504, 0.0696203, 0.0726482, 0.22642, 0.0888856, 0.0708091
-0.999867,-0.0145296, -0.00587035, 0.00453158, -0.00285237,-0.1863,-0.0211053, 0.0898419, 0.0696102, 0.0726328, 0.226372, 0.0886044, 0.0701456
-0.999867,-0.0145409, -0.00586607, 0.00452184, -0.00291508,-0.186475,-0.0212029, 0.0898306, 0.0696058, 0.0726087, 0.22635, 0.0880598, 0.0694103
-0.999867,-0.0145592, -0.0058669, 0.00450059, -0.00291824,-0.186785,-0.0212697, 0.0898148, 0.0695866, 0.0725596, 0.226346, 0.0872425, 0.0686252
-0.999866,-0.0145848, -0.00586793, 0.00447532, -0.00280682,-0.187102,-0.0212578, 0.0897942, 0.0694998, 0.0724336, 0.226316, 0.086177, 0.0677667
-0.999866,-0.014628, -0.00587109, 0.00446391, -0.00273359,-0.187215,-0.0211819, 0.0897717, 0.0693155, 0.0722028, 0.22622, 0.0849782, 0.0668789
-0.999865,-0.0146633, -0.00585106, 0.00445444, -0.00262384,-0.187313,-0.0211028, 0.089749, 0.0690597, 0.0718981, 0.226024, 0.0838531, 0.0660565
-0.999865,-0.0146967, -0.00585777, 0.00445211, -0.00260234,-0.187251,-0.0210258, 0.0897225, 0.0687763, 0.0715644, 0.225652, 0.0829947, 0.0653809
-0.999865,-0.0147087, -0.00585846, 0.00445206, -0.00249517,-0.187126,-0.0209067, 0.0896904, 0.0685028, 0.0712429, 0.225046, 0.0824861, 0.0649026
-0.999864,-0.0147192, -0.00587275, 0.00445495, -0.00231189,-0.186986,-0.0207953, 0.0896651, 0.0682479, 0.0709504, 0.22441, 0.0822732, 0.0646377
-0.999864,-0.0147288, -0.0058798, 0.00446331, -0.00211151,-0.186905,-0.0207455, 0.0896532, 0.0680149, 0.0706909, 0.224145, 0.0822205, 0.0645499
-0.999864,-0.0147271, -0.00589299, 0.00447384, -0.00194714,-0.186933,-0.0207832, 0.0896423, 0.0678737, 0.0705304, 0.223957, 0.0821269, 0.0645109
-0.999864,-0.0147137, -0.0059106, 0.0044871, -0.00165688,-0.187212,-0.0208559, 0.0896351, 0.0678228, 0.0704633, 0.223798, 0.0817403, 0.0643508
-0.999864,-0.0147166, -0.00591667, 0.00449243, -0.00106677,-0.187633,-0.0209327, 0.0896143, 0.0678058, 0.0704161, 0.223159, 0.0809373, 0.0639061
-0.999864,-0.0147261, -0.00591977, 0.00448889, -0.000335169,-0.188143,-0.0209683, 0.0896058, 0.0677972, 0.0703716, 0.222307, 0.0798554, 0.0632162
-0.999864,-0.0147363, -0.00591846, 0.00447786, 6.3445e-05,-0.18853,-0.0210007, 0.0896024, 0.0677882, 0.0703209, 0.221892, 0.0787742, 0.0624714
-0.999864,-0.0147463, -0.00591309, 0.00446325, 0.000165286,-0.188844,-0.0210226, 0.0895851, 0.0677792, 0.0702602, 0.221827, 0.0778779, 0.0618132
-0.999864,-0.0147567, -0.00590388, 0.00445353, 0.000161665,-0.189025,-0.0210612, 0.0895596, 0.0677686, 0.0702024, 0.221608, 0.0772271, 0.0613154
-0.999864,-0.0147704, -0.00589862, 0.00444498, 0.000133505,-0.189165,-0.021101, 0.0895026, 0.0677441, 0.0701503, 0.220715, 0.0768032, 0.0610172
-0.999863,-0.0147838, -0.00589343, 0.00445951, 9.6858e-05,-0.189265,-0.0211414, 0.0893731, 0.0676869, 0.0701082, 0.21825, 0.0764996, 0.0608905
-0.999863,-0.0147896, -0.00589422, 0.00451253, 6.12995e-05,-0.189398,-0.0211848, 0.0891316, 0.0675799, 0.0700772, 0.213357, 0.0761736, 0.060853
-0.999863,-0.0147992, -0.00589918, 0.00454772, -6.19914e-05,-0.189591,-0.0212336, 0.0888167, 0.067443, 0.0700593, 0.20679, 0.0757424, 0.0608157
-0.999862,-0.0148085, -0.00591047, 0.00459287, -0.000125394,-0.189798,-0.0212618, 0.0884737, 0.0673001, 0.0700489, 0.200319, 0.0752256, 0.060742
-0.999862,-0.0148159, -0.00591543, 0.00463297, -0.000473576,-0.189954,-0.0213043, 0.0881243, 0.067158, 0.0700422, 0.195274, 0.0746881, 0.0606222
-0.999862,-0.0148205, -0.0059316, 0.00469943, -0.000943942,-0.190169,-0.0213238, 0.0877797, 0.0670192, 0.0700377, 0.192143, 0.0741769, 0.0604442
-0.999861,-0.0148226, -0.0059359, 0.00474837, -0.00125263,-0.190305,-0.0213588, 0.0874211, 0.0668737, 0.0700329, 0.190497, 0.0736875, 0.0601873
-0.999861,-0.0148238, -0.00594883, 0.00478863, -0.00150737,-0.190434,-0.021388, 0.0870952, 0.0667412, 0.0700302, 0.189757, 0.073258, 0.0598841
-0.999861,-0.0148231, -0.00596802, 0.00485027, -0.00153627,-0.190523,-0.0214036, 0.0868375, 0.066636, 0.0700289, 0.189027, 0.0729157, 0.0595769
-0.99986,-0.0148239, -0.00598375, 0.00487783, -0.00144919,-0.190557,-0.0214216, 0.0866183, 0.0665501, 0.0700203, 0.187466, 0.0726182, 0.0592786
-0.99986,-0.014827, -0.00598934, 0.00488245, -0.00125587,-0.190521,-0.0214475, 0.0864365, 0.0664842, 0.0700009, 0.184747, 0.0723517, 0.0590213
-0.99986,-0.0148316, -0.00599709, 0.00489827, -0.00114642,-0.190493,-0.0214616, 0.0863194, 0.0664393, 0.0699855, 0.181261, 0.0721209, 0.0588398
-0.99986,-0.0148343, -0.00599924, 0.00489932, -0.00111619,-0.190508,-0.0214743, 0.0862702, 0.0664163, 0.0699758, 0.177392, 0.0719112, 0.0587327
-0.99986,-0.0148398, -0.00599826, 0.0048987, -0.00103669,-0.190499,-0.021504, 0.0862597, 0.0664057, 0.0699714, 0.173208, 0.0716943, 0.0586695
-0.99986,-0.0148435, -0.00600571, 0.00489196, -0.000955842,-0.190566,-0.0214978, 0.0862442, 0.066397, 0.0699677, 0.1686, 0.0714662, 0.0586114
-0.99986,-0.014848, -0.00601403, 0.004873, -0.000840099,-0.19067,-0.0214746, 0.0861889, 0.0663761, 0.0699622, 0.163393, 0.0712311, 0.0585323
-0.99986,-0.0148506, -0.00601954, 0.00487751, -0.0010047,-0.190723,-0.0214961, 0.0860609, 0.066324, 0.0699568, 0.157835, 0.0709714, 0.0584275
-0.99986,-0.0148464, -0.00602996, 0.00491294, -0.00115112,-0.19078,-0.021513, 0.085841, 0.0662319, 0.0699496, 0.152447, 0.0706892, 0.0583081
-0.999859,-0.0148414, -0.00604387, 0.00495423, -0.00136374,-0.190868,-0.021535, 0.0855142, 0.0660871, 0.0699381, 0.147491, 0.0703941, 0.0581902
-0.999859,-0.0148331, -0.00605605, 0.00502351, -0.0016919,-0.190944,-0.0215735, 0.0850579, 0.0658787, 0.0699255, 0.143226, 0.0700894, 0.0580863
-0.999859,-0.0148242, -0.00607607, 0.0051138, -0.00187124,-0.191039,-0.0215871, 0.0845557, 0.0656485, 0.0699142, 0.140043, 0.0698166, 0.0580151
-0.999858,-0.0148239, -0.00611187, 0.00519035, -0.00190915,-0.191112,-0.0215779, 0.0839966, 0.0653994, 0.0698951, 0.137793, 0.0695859, 0.057964
-0.999858,-0.0148248, -0.00613275, 0.00524161, -0.00187655,-0.191156,-0.0215596, 0.0834954, 0.0651812, 0.069871, 0.13641, 0.0694236, 0.0579131
-0.999857,-0.0148249, -0.0061491, 0.00526974, -0.00180689,-0.191169,-0.0215468, 0.0831035, 0.0650008, 0.06986, 0.135681, 0.0693226, 0.0578685
-0.999857,-0.0148214, -0.00615969, 0.00529734, -0.00183566,-0.19118,-0.0215499, 0.0827224, 0.0648189, 0.0698522, 0.134979, 0.0692317, 0.0578279
-0.999857,-0.0148189, -0.00615471, 0.00535533, -0.00181717,-0.191225,-0.0215448, 0.0823319, 0.0646336, 0.0698425, 0.133818, 0.069121, 0.05779
-0.999857,-0.0148115, -0.00615886, 0.00544378, -0.00197346,-0.191271,-0.0215629, 0.08193, 0.0644478, 0.0698261, 0.131976, 0.0689811, 0.0577499
-0.999856,-0.0148065, -0.00617893, 0.0055349, -0.00190481,-0.19133,-0.0215517, 0.0815213, 0.0642546, 0.0698177, 0.129727, 0.0688156, 0.0576987
-0.999856,-0.0148056, -0.0062046, 0.00557998, -0.00181784,-0.191367,-0.0215351, 0.0811473, 0.0640796, 0.0698143, 0.127598, 0.0686555, 0.0576228
-0.999855,-0.0147993, -0.00620784, 0.00565805, -0.00184491,-0.19139,-0.021541, 0.0808802, 0.063959, 0.0698099, 0.12594, 0.0685548, 0.0575266
-0.999855,-0.0148021, -0.00620771, 0.00570286, -0.00179256,-0.191406,-0.0215347, 0.0806839, 0.0638776, 0.0697988, 0.124855, 0.0685129, 0.0574148
-0.999855,-0.0148113, -0.00621055, 0.00572433, -0.0016919,-0.191418,-0.0215215, 0.0804814, 0.063802, 0.0697779, 0.124152, 0.0684805, 0.0572957
-0.999854,-0.0148141, -0.00622047, 0.00573425, -0.00166096,-0.191429,-0.0215173, 0.0802993, 0.0637291, 0.0697722, 0.123803, 0.0684198, 0.0572152
-0.999855,-0.0148111, -0.00622115, 0.00572632, -0.00163927,-0.191452,-0.0215032, 0.080122, 0.0636589, 0.0697611, 0.1237, 0.0683059, 0.0571658
-0.999854,-0.0148956, -0.00616797, 0.00566557, -0.00206292,-0.190802,-0.0218117, 0.0799744, 0.0636063, 0.0697409, 0.123597, 0.0681269, 0.0571179
-0.999854,-0.0148401, -0.00622552, 0.00570159, -0.00200669,-0.191333,-0.0216192, 0.0799165, 0.0635897, 0.0697309, 0.123378, 0.067876, 0.0570765
-0.999854,-0.0148213, -0.0062376, 0.00571468, -0.00227667,-0.191798,-0.0215355, 0.0799058, 0.0635834, 0.0697277, 0.122773, 0.0675235, 0.0570467
-0.999854,-0.0147925, -0.00621645, 0.00580351, -0.00184394,-0.192431,-0.0213787, 0.0798828, 0.0635669, 0.0697259, 0.121578, 0.067068, 0.0570149
-0.999854,-0.0148143, -0.00626962, 0.00577725, -0.00226261,-0.19251,-0.0213951, 0.0798037, 0.0635249, 0.069721, 0.119785, 0.0665365, 0.0569676
-0.999854,-0.0148189, -0.00629458, 0.00580274, -0.00245367,-0.192592,-0.021403, 0.0796399, 0.0634411, 0.0697145, 0.117625, 0.0659798, 0.0569121
-0.999854,-0.0148153, -0.00629846, 0.00580338, -0.00258269,-0.192634,-0.0214112, 0.0794124, 0.0633207, 0.0697089, 0.115527, 0.0654688, 0.0568728
-0.999853,-0.0148037, -0.00632149, 0.00586702, -0.00256216,-0.192692,-0.021409, 0.0791146, 0.0631655, 0.069701, 0.113778, 0.0650556, 0.0568524
-0.999853,-0.0147963, -0.00635161, 0.00593895, -0.00255007,-0.192728,-0.0214096, 0.0787364, 0.0629682, 0.0696912, 0.112511, 0.0647639, 0.0568364
-0.999853,-0.0147856, -0.00634421, 0.00597651, -0.00241536,-0.192762,-0.0214058, 0.0782727, 0.0627243, 0.0696777, 0.111742, 0.0645928, 0.056823
-0.999852,-0.0147718, -0.00636445, 0.00605727, -0.00234508,-0.192769,-0.0214014, 0.0777848, 0.0624697, 0.069665, 0.111396, 0.0645209, 0.0568111
-0.999852,-0.0147632, -0.0063813, 0.00612821, -0.00231029,-0.192775,-0.0213968, 0.0773761, 0.0622551, 0.0696563, 0.111312, 0.0645074, 0.0567994
-0.999852,-0.0147597, -0.00638094, 0.0061782, -0.00225575,-0.192784,-0.021393, 0.0770205, 0.062068, 0.0696489, 0.111204, 0.0644891, 0.0567838
-0.999851,-0.0147562, -0.00639829, 0.00624393, -0.00222538,-0.192807,-0.0213939, 0.0767, 0.0619, 0.0696366, 0.110807, 0.0644095, 0.0567543
-0.999851,-0.0147534, -0.0064218, 0.00628339, -0.00215784,-0.192811,-0.0213919, 0.0764315, 0.0617581, 0.0696254, 0.110033, 0.0642457, 0.0567161
-0.99985,-0.014753, -0.00643192, 0.00632443, -0.00204216,-0.192851,-0.0213816, 0.0762123, 0.0616417, 0.0696174, 0.108971, 0.0640168, 0.056683
-0.99985,-0.0147495, -0.00644388, 0.00635717, -0.00197917,-0.192914,-0.021374, 0.0760336, 0.061545, 0.0696108, 0.107797, 0.0637604, 0.0566589
-0.99985,-0.0147475, -0.00644436, 0.00638426, -0.00196794,-0.192993,-0.021371, 0.0758822, 0.0614596, 0.0696075, 0.10673, 0.0635132, 0.0566521
-0.99985,-0.0147498, -0.00643276, 0.00639464, -0.00186866,-0.193056,-0.0213661, 0.0757566, 0.0613865, 0.0696044, 0.105874, 0.0633072, 0.056651
-0.99985,-0.0147513, -0.00642727, 0.00639841, -0.00180191,-0.193079,-0.0213662, 0.0756684, 0.061328, 0.0696025, 0.105298, 0.0631633, 0.0566472
-0.99985,-0.0147515, -0.00642282, 0.00640563, -0.00174837,-0.193099,-0.0213691, 0.0756189, 0.0612842, 0.0695996, 0.105014, 0.063085, 0.0566424
-0.99985,-0.0147525, -0.00641298, 0.00640062, -0.00170568,-0.193099,-0.0213714, 0.075585, 0.061245, 0.0695908, 0.104915, 0.0630507, 0.0566274
-0.99985,-0.0147514, -0.00640161, 0.00639642, -0.00169548,-0.19309,-0.0213756, 0.0755774, 0.0612122, 0.0695799, 0.104906, 0.0630402, 0.0566078
-0.99985,-0.0147509, -0.00638149, 0.00638858, -0.00171602,-0.193074,-0.0213825, 0.0755733, 0.061181, 0.0695669, 0.104863, 0.0630275, 0.056592
-0.999851,-0.0147477, -0.0063674, 0.00638772, -0.00178377,-0.193065,-0.0213962, 0.0755591, 0.061145, 0.0695545, 0.10469, 0.0629938, 0.0565764
-0.999851,-0.0147396, -0.0063663, 0.00640584, -0.00185949,-0.193094,-0.0214123, 0.0754758, 0.0610707, 0.0695421, 0.104319, 0.062928, 0.0565577
-0.999851,-0.0147768, -0.00649587, 0.00611425, -0.00210607,-0.192829,-0.0213761, 0.0752411, 0.0609147, 0.0695286, 0.103699, 0.0628162, 0.0565348
-0.999849,-0.014726, -0.00646125, 0.00654382, -0.00176995,-0.19308,-0.0213927, 0.07483, 0.0606638, 0.0695086, 0.102859, 0.0626536, 0.0565008
-0.999849,-0.0146994, -0.00644851, 0.00667706, -0.00149943,-0.19323,-0.0213794, 0.074322, 0.0603653, 0.0694934, 0.102035, 0.0624819, 0.0564692
-0.999848,-0.014691, -0.00646598, 0.00677051, -0.00139966,-0.193303,-0.0213722, 0.0737874, 0.0600627, 0.069481, 0.101414, 0.0623412, 0.0564566
-0.999848,-0.0146799, -0.00648896, 0.00688147, -0.00133317,-0.193334,-0.0213668, 0.0732907, 0.0597853, 0.0694684, 0.101029, 0.06225, 0.0564443
-0.999847,-0.0146685, -0.0065141, 0.00698429, -0.00128023,-0.193313,-0.0213715, 0.0728146, 0.0595227, 0.0694543, 0.100756, 0.0621826, 0.056422
-0.999846,-0.014659, -0.00651601, 0.0070797, -0.00128963,-0.193303,-0.0213889, 0.0723405, 0.0592665, 0.0694403, 0.100401, 0.0620978, 0.0563857
-0.999845,-0.0146547, -0.00652424, 0.00719026, -0.00134105,-0.193317,-0.0214081, 0.0719136, 0.0590371, 0.0694339, 0.0998697, 0.0619732, 0.0563458
-0.999845,-0.0146511, -0.00653377, 0.00726592, -0.00139133,-0.193391,-0.0214112, 0.0715394, 0.0588374, 0.0694309, 0.0991419, 0.0618029, 0.0563084
-0.999844,-0.0146517, -0.00654925, 0.00731875, -0.00146253,-0.193468,-0.0214105, 0.0712293, 0.0586733, 0.0694282, 0.0983107, 0.0616052, 0.0562721
-0.999844,-0.0146549, -0.00656629, 0.00735464, -0.00155523,-0.193544,-0.0214066, 0.0709975, 0.0585496, 0.0694234, 0.0975467, 0.061424, 0.0562342
-0.999844,-0.0146594, -0.00656107, 0.00739116, -0.00156215,-0.193598,-0.0213991, 0.0708485, 0.0584594, 0.0694198, 0.0970048, 0.0612996, 0.0562039
-0.999844,-0.0146597, -0.00656814, 0.00738878, -0.00157833,-0.193607,-0.0213973, 0.0707583, 0.0583911, 0.0694178, 0.0967236, 0.0612405, 0.056186
-0.999844,-0.0146592, -0.00657435, 0.0073876, -0.00158237,-0.193608,-0.0213961, 0.0707126, 0.0583442, 0.0694114, 0.0966249, 0.0612299, 0.0561843
-0.999844,-0.0146614, -0.0065987, 0.00737449, -0.00148741,-0.193609,-0.0213809, 0.0706937, 0.0583092, 0.0694028, 0.0965497, 0.0612233, 0.0561784
-0.999844,-0.0146607, -0.00661082, 0.00737065, -0.0014471,-0.193626,-0.0213705, 0.0706877, 0.0582783, 0.0693975, 0.0963634, 0.0611728, 0.0561637
-0.999844,-0.0146579, -0.00660553, 0.00736823, -0.00144898,-0.19366,-0.0213613, 0.0706669, 0.0582401, 0.0693944, 0.0959573, 0.0610414, 0.0561451
-0.999844,-0.0146504, -0.00659314, 0.00737258, -0.00145291,-0.193697,-0.0213592, 0.0705959, 0.0581808, 0.0693892, 0.0953184, 0.0608187, 0.0561361
-0.999844,-0.01464, -0.00658994, 0.00740157, -0.00138691,-0.193753,-0.0213559, 0.0704487, 0.058088, 0.0693805, 0.0944684, 0.060527, 0.0561307
-0.999843,-0.0146296, -0.00660622, 0.00746388, -0.00138616,-0.19382,-0.0213581, 0.0702382, 0.0579666, 0.0693723, 0.0935652, 0.0602206, 0.0561256
-0.999843,-0.0146251, -0.0066234, 0.0075315, -0.00142004,-0.193883,-0.0213612, 0.0699859, 0.0578267, 0.0693667, 0.0927937, 0.0599572, 0.0561199
-0.999842,-0.0146185, -0.00663348, 0.00757981, -0.00132919,-0.193899,-0.0213569, 0.0696963, 0.0576667, 0.069362, 0.0922588, 0.0597703, 0.0561155
-0.999842,-0.0146138, -0.00664564, 0.00763495, -0.0013433,-0.193909,-0.0213596, 0.069393, 0.0574967, 0.0693578, 0.0919774, 0.0596683, 0.0561126
-0.999841,-0.0146095, -0.006662, 0.0076984, -0.00136085,-0.193921,-0.0213624, 0.0690928, 0.0573268, 0.0693541, 0.0918921, 0.0596333, 0.0561115
-0.999841,-0.0146079, -0.00667195, 0.00775311, -0.00138337,-0.193926,-0.0213662, 0.0688105, 0.0571668, 0.0693514, 0.0918842, 0.0596279, 0.0561103
-0.99984,-0.0146099, -0.00669823, 0.0078087, -0.00137379,-0.19394,-0.0213657, 0.0685686, 0.0570276, 0.0693496, 0.0918249, 0.0596095, 0.0561049
-0.999839,-0.0146164, -0.00670706, 0.00789785, -0.00139751,-0.193974,-0.0213749, 0.0683396, 0.0568936, 0.0693474, 0.0916217, 0.0595494, 0.0560937
-0.999839,-0.0146261, -0.0067377, 0.00793947, -0.00141982,-0.193993,-0.0213815, 0.0681165, 0.0567595, 0.0693402, 0.0912406, 0.0594313, 0.0560821
-0.999838,-0.0146329, -0.00676966, 0.00799932, -0.00142461,-0.19401,-0.0213843, 0.0679314, 0.0566465, 0.069338, 0.0907074, 0.0592692, 0.0560721
-0.999838,-0.0146357, -0.00677702, 0.00803199, -0.00135597,-0.194045,-0.0213805, 0.0677661, 0.0565483, 0.0693292, 0.0901002, 0.0590917, 0.0560696
-0.999837,-0.0146375, -0.00677948, 0.00804906, -0.00125777,-0.194083,-0.0213712, 0.067633, 0.0564648, 0.0693204, 0.0895024, 0.0589223, 0.0560634
-0.999837,-0.0146367, -0.00678406, 0.00806169, -0.0012474,-0.194105,-0.0213654, 0.0675401, 0.0563993, 0.069318, 0.0890135, 0.0587858, 0.0560531
-0.999837,-0.0146362, -0.00678263, 0.00806578, -0.00120896,-0.194108,-0.02136, 0.0674839, 0.0563554, 0.0693143, 0.0886887, 0.0586979, 0.0560416
-0.999837,-0.014636, -0.00677968, 0.0080663, -0.00117417,-0.194104,-0.0213541, 0.0674646, 0.056333, 0.0693114, 0.0885368, 0.0586604, 0.0560333
-0.999838,-0.0146152, -0.00680705, 0.00801152, -0.000768636,-0.194049,-0.0212459, 0.0674608, 0.0563184, 0.0693077, 0.0884843, 0.0586517, 0.05603
-0.99984,-0.0144636, -0.00680155, 0.00803783, -0.00122422,-0.193591,-0.021178, 0.0674498, 0.0562911, 0.0693035, 0.0884511, 0.0586428, 0.0560281
-0.999842,-0.0143168, -0.00676767, 0.00809741, -0.00277522,-0.193279,-0.0213185, 0.0673605, 0.0561882, 0.0692672, 0.0882991, 0.058592, 0.0560169
-0.999842,-0.0142516, -0.00670358, 0.0082061, -0.00379459,-0.193169,-0.0215019, 0.0671272, 0.0559875, 0.069195, 0.0878937, 0.0584703, 0.0559821
-0.999841,-0.0143252, -0.00654752, 0.00836405, -0.00227928,-0.192953,-0.0212253, 0.0668211, 0.0557405, 0.0691367, 0.08735, 0.0583088, 0.055938
-0.999841,-0.0145522, -0.00625422, 0.00824452, 0.00467449,-0.192462,-0.0197533, 0.0665166, 0.0555139, 0.0691122, 0.0869136, 0.0581725, 0.0559066
-0.99984,-0.014616, -0.00612984, 0.00825142, 0.00807336,-0.192172,-0.0192215, 0.0662378, 0.0553495, 0.0690954, 0.0866896, 0.0581012, 0.0558934
-0.99984,-0.0146448, -0.00604837, 0.00824224, 0.00915622,-0.192216,-0.0192508, 0.0660366, 0.0552403, 0.0690539, 0.0865896, 0.0580828, 0.055878
-0.999841,-0.0146409, -0.00598289, 0.00823744, 0.0091553,-0.192543,-0.0194338, 0.0659393, 0.0551839, 0.0690112, 0.0864323, 0.058056, 0.0558596
-0.999841,-0.0146219, -0.00595181, 0.00824919, 0.00894524,-0.192934,-0.0195867, 0.0658938, 0.0551458, 0.0689728, 0.0860416, 0.0579497, 0.0558422
-0.999842,-0.0145981, -0.00592965, 0.00828486, 0.00907447,-0.193096,-0.0196402, 0.0658517, 0.0551075, 0.0689249, 0.0853923, 0.057753, 0.0558134
-0.999841,-0.0145874, -0.00594781, 0.00832459, 0.00932102,-0.193089,-0.0196048, 0.0657861, 0.0550715, 0.0688424, 0.0845227, 0.0574871, 0.0557511
-0.999841,-0.0145649, -0.00596855, 0.00837146, 0.00988511,-0.192873,-0.0194208, 0.0656993, 0.0550377, 0.0687359, 0.083528, 0.0571892, 0.0556518
-0.99984,-0.0145694, -0.0059946, 0.00843244, 0.0105087,-0.192531,-0.0191199, 0.0655795, 0.0550075, 0.068595, 0.0825129, 0.0569079, 0.05552
-0.99984,-0.0145522, -0.00601128, 0.008503, 0.0113463,-0.192089,-0.0186939, 0.0654122, 0.0549817, 0.0684047, 0.0815242, 0.0566742, 0.0553662
-0.999839,-0.0145332, -0.00603417, 0.00857956, 0.0120473,-0.191662,-0.0181831, 0.0651868, 0.0549631, 0.0681497, 0.0805862, 0.0565131, 0.055202
-0.999838,-0.0145525, -0.00605139, 0.00864498, 0.012377,-0.191411,-0.017711, 0.064913, 0.0549527, 0.0678447, 0.0796722, 0.0564276, 0.0550363
-0.999838,-0.0145578, -0.00605021, 0.0086661, 0.012631,-0.19128,-0.0174487, 0.0647862, 0.0549478, 0.0677085, 0.0791001, 0.0563947, 0.0549651
-0.999838,-0.0145686, -0.00603843, 0.0086576, 0.0127868,-0.191231,-0.0173962, 0.0647227, 0.0549449, 0.0676406, 0.0788348, 0.0563866, 0.0549559
-0.999838,-0.0145798, -0.00602219, 0.00864113, 0.0128414,-0.191244,-0.0174941, 0.0646795, 0.0549423, 0.0675917, 0.0787111, 0.0563822, 0.0549396
-0.999838,-0.0145896, -0.00600749, 0.00861635, 0.0127729,-0.19131,-0.0176892, 0.0646537, 0.0549395, 0.0675574, 0.0786213, 0.0563647, 0.0548707
-0.999839,-0.014588, -0.00599983, 0.00859503, 0.0126217,-0.191441,-0.0179616, 0.0646409, 0.0549352, 0.0675345, 0.0785082, 0.0563239, 0.0547275
-0.999839,-0.0145886, -0.00599918, 0.00858388, 0.0124232,-0.191566,-0.0181853, 0.0646343, 0.0549281, 0.067518, 0.0783452, 0.0562565, 0.0545127
-0.999839,-0.0145859, -0.00600553, 0.00857831, 0.0122061,-0.19169,-0.0183822, 0.0646271, 0.0549174, 0.0675052, 0.0781294, 0.0561677, 0.0542428
-0.999839,-0.0145789, -0.00601815, 0.00858388, 0.0120178,-0.191783,-0.0185096, 0.0646042, 0.0549025, 0.0674844, 0.0778531, 0.05607, 0.0539071
-0.999838,-0.0145724, -0.00603931, 0.00861801, 0.0117422,-0.191896,-0.0186703, 0.0644846, 0.0548839, 0.0673661, 0.0774477, 0.0559784, 0.0534162
-0.999838,-0.0145748, -0.00605399, 0.00867839, 0.0115478,-0.191953,-0.0187455, 0.064247, 0.0548636, 0.0671257, 0.0768802, 0.055903, 0.0527796
-0.999837,-0.014584, -0.00606113, 0.00873806, 0.0114849,-0.191963,-0.0187149, 0.0640005, 0.054845, 0.0668795, 0.0763217, 0.055846, 0.0521618
-0.999836,-0.0145914, -0.00606628, 0.00881115, 0.0114572,-0.191944,-0.0185833, 0.0637626, 0.0548306, 0.0666381, 0.0758975, 0.0558036, 0.0516721
-0.999835,-0.0146042, -0.00606447, 0.00889481, 0.0114526,-0.191939,-0.0185302, 0.0635354, 0.0548216, 0.0663984, 0.0756336, 0.0557728, 0.0513433
-0.999834,-0.014625, -0.00606261, 0.00896756, 0.011463,-0.191944,-0.0185197, 0.0633268, 0.054817, 0.0661693, 0.0754943, 0.0557502, 0.0511636
-0.999834,-0.0146413, -0.00606054, 0.00904108, 0.0114552,-0.191953,-0.0185166, 0.0631442, 0.0548152, 0.0659618, 0.0754205, 0.055733, 0.0510938
-0.999833,-0.0146442, -0.0060563, 0.00911283, 0.0114513,-0.191956,-0.0184984, 0.0629454, 0.0548143, 0.0657339, 0.0753285, 0.0557174, 0.0510704
-0.999832,-0.0146657, -0.00604905, 0.00916692, 0.0112859,-0.191924,-0.0185198, 0.0627551, 0.0548128, 0.0655176, 0.0751713, 0.0556996, 0.0510491
-0.999832,-0.014664, -0.00604558, 0.00919129, 0.0110803,-0.191888,-0.0185968, 0.0626262, 0.0548104, 0.065378, 0.0749684, 0.0556795, 0.0509924
-0.999832,-0.0146745, -0.00604516, 0.00920085, 0.0108435,-0.191853,-0.0187274, 0.062513, 0.0548068, 0.0652618, 0.0747186, 0.0556592, 0.0508708
-0.999832,-0.0146767, -0.00604497, 0.00920681, 0.0105394,-0.191808,-0.0189273, 0.0623945, 0.0548015, 0.065143, 0.0744247, 0.0556424, 0.0506898
-0.999832,-0.0146688, -0.0060483, 0.00920377, 0.0102625,-0.191773,-0.0191245, 0.062288, 0.0547947, 0.0650389, 0.07412, 0.0556288, 0.0504638
-0.999832,-0.0146733, -0.00604724, 0.00919553, 0.0100636,-0.191742,-0.0193018, 0.0622201, 0.0547876, 0.0649778, 0.0738711, 0.0556178, 0.0501931
-0.999832,-0.014669, -0.00604793, 0.00917924, 0.00994306,-0.191717,-0.0194631, 0.0621851, 0.0547809, 0.0649522, 0.0737254, 0.0556093, 0.0498657
-0.999832,-0.0146738, -0.00604212, 0.00915158, 0.00982481,-0.191681,-0.0196854, 0.062161, 0.0547755, 0.0649374, 0.0736587, 0.0556018, 0.0494958
-0.999832,-0.0146859, -0.0060333, 0.00912776, 0.00980023,-0.191643,-0.019936, 0.0621254, 0.0547713, 0.0649083, 0.0736522, 0.0555942, 0.0490367
-0.999832,-0.0146963, -0.00603142, 0.00916567, 0.0098642,-0.191623,-0.0202019, 0.0619614, 0.0547673, 0.0647327, 0.073587, 0.0555837, 0.0483749
-0.999831,-0.0146969, -0.00603314, 0.0092486, 0.00984736,-0.191622,-0.020451, 0.0616752, 0.0547622, 0.0644192, 0.0733483, 0.0555713, 0.0475584
-0.99983,-0.0146757, -0.00603867, 0.00933585, 0.00967966,-0.19164,-0.0205921, 0.0613455, 0.0547563, 0.0640572, 0.0730193, 0.0555591, 0.0467556
-0.999829,-0.0146994, -0.00604035, 0.00944573, 0.00971187,-0.191655,-0.020607, 0.0610619, 0.0547503, 0.0637441, 0.0727732, 0.0555492, 0.046141
-0.999827,-0.0147825, -0.00602293, 0.0095344, 0.00954924,-0.191638,-0.0210901, 0.0606256, 0.054745, 0.0632555, 0.0725156, 0.0555392, 0.045655
-0.999827,-0.014731, -0.00602909, 0.00964311, 0.00972248,-0.191652,-0.020981, 0.0603761, 0.0547407, 0.062976, 0.0723918, 0.0555334, 0.0454159
-0.999826,-0.0147416, -0.00603251, 0.0096863, 0.00977132,-0.191658,-0.0209469, 0.0602454, 0.054739, 0.062828, 0.0723399, 0.0555299, 0.0453607
-0.999826,-0.0147443, -0.0060341, 0.00971246, 0.00982375,-0.191662,-0.0209533, 0.0601703, 0.0547386, 0.062742, 0.0722448, 0.0555276, 0.0453595
-0.999826,-0.0147485, -0.00603271, 0.00972786, 0.00991504,-0.191659,-0.0210072, 0.0601075, 0.0547384, 0.0626704, 0.0720727, 0.0555256, 0.045312
-0.999826,-0.0147515, -0.00602904, 0.00973402, 0.010004,-0.191649,-0.0210979, 0.0600433, 0.0547374, 0.0625989, 0.0718712, 0.0555222, 0.0451825
-0.999826,-0.0147538, -0.00602411, 0.00973712, 0.0100784,-0.191635,-0.0212022, 0.0600012, 0.0547355, 0.0625543, 0.0716852, 0.055516, 0.0449549
-0.999826,-0.014755, -0.00601964, 0.00973601, 0.0101457,-0.191621,-0.0212934, 0.0599492, 0.054733, 0.0625, 0.0715684, 0.055507, 0.0446759
-0.999826,-0.0147568, -0.0060144, 0.00973424, 0.0102046,-0.191601,-0.0213961, 0.0599051, 0.0547304, 0.0624559, 0.0715165, 0.0554954, 0.0443757
-0.999826,-0.0147619, -0.00601068, 0.00973222, 0.0102172,-0.191586,-0.0214515, 0.0598735, 0.0547281, 0.0624264, 0.0714981, 0.0554826, 0.044074
-0.999826,-0.0147614, -0.0060057, 0.00971848, 0.0101966,-0.191558,-0.0215528, 0.0598523, 0.0547255, 0.0624098, 0.0714718, 0.0554694, 0.0437837
-0.999826,-0.0147614, -0.00600125, 0.00970436, 0.0101375,-0.191529,-0.021633, 0.059838, 0.0547216, 0.0624041, 0.0714197, 0.0554556, 0.0434823
-0.999826,-0.0147665, -0.00599918, 0.00970874, 0.0100772,-0.191508,-0.0216916, 0.0597852, 0.0547146, 0.0623619, 0.0713298, 0.0554382, 0.0431257
-0.999825,-0.0147717, -0.00600589, 0.00974097, 0.0100039,-0.191494,-0.0217419, 0.0596322, 0.0547048, 0.062215, 0.0711666, 0.0554128, 0.0426845
-0.999824,-0.0147822, -0.00601272, 0.0098169, 0.00994716,-0.19149,-0.02175, 0.0594025, 0.0546946, 0.0619874, 0.0709404, 0.0553814, 0.0422094
-0.999822,-0.0148206, -0.0060242, 0.00995256, 0.00982944,-0.191519,-0.0217165, 0.0590107, 0.0546875, 0.061577, 0.0706583, 0.0553486, 0.0417096
-0.99982,-0.0148523, -0.006031, 0.0101179, 0.00969873,-0.191543,-0.021747, 0.0586027, 0.0546841, 0.0611417, 0.0703953, 0.0553214, 0.0412854
-0.999818,-0.0148881, -0.00603149, 0.0102685, 0.00954549,-0.191567,-0.0218157, 0.0582067, 0.0546832, 0.0607077, 0.070177, 0.0553046, 0.0409879
-0.999817,-0.0149072, -0.00603107, 0.0103665, 0.00957137,-0.191584,-0.021851, 0.0579403, 0.0546831, 0.0604111, 0.0700396, 0.0552958, 0.0408483
-0.999816,-0.0149342, -0.0060311, 0.0104448, 0.00957558,-0.19161,-0.0218458, 0.057752, 0.054683, 0.0601998, 0.0699174, 0.0552917, 0.0408132
-0.999815,-0.0149526, -0.00603148, 0.0105059, 0.00950353,-0.191628,-0.0218487, 0.0575734, 0.0546826, 0.0600002, 0.0697136, 0.0552892, 0.0408063
-0.999814,-0.014961, -0.00603258, 0.0105459, 0.00943206,-0.191638,-0.0218633, 0.0574705, 0.0546815, 0.0598866, 0.0694571, 0.0552873, 0.0407741
-0.999814,-0.0149609, -0.00602885, 0.0105753, 0.0092671,-0.191634,-0.0219339, 0.0573656, 0.054679, 0.0597712, 0.0691536, 0.0552845, 0.0406866
-0.999814,-0.0149606, -0.00601898, 0.0105679, 0.00906197,-0.191608,-0.0220731, 0.0573228, 0.0546755, 0.0597278, 0.0689136, 0.0552786, 0.0405169
-0.999816,-0.0148805, -0.00602016, 0.010544, 0.00873933,-0.191532,-0.022429, 0.0573056, 0.0546712, 0.0597134, 0.068778, 0.0552692, 0.0402519
-0.999815,-0.014935, -0.00600355, 0.0105339, 0.00874756,-0.191527,-0.0223985, 0.0572913, 0.0546636, 0.0597003, 0.0687388, 0.0552575, 0.0398685
-0.999814,-0.014954, -0.00599507, 0.0105892, 0.00887709,-0.191509,-0.022458, 0.0571764, 0.0546554, 0.0595731, 0.0686655, 0.0552418, 0.0392839
-0.999812,-0.0149829, -0.00599131, 0.0107107, 0.0090451,-0.191511,-0.0225173, 0.0568785, 0.0546472, 0.0592398, 0.0683509, 0.0552249, 0.0384852
-0.99981,-0.0150241, -0.00598818, 0.0108553, 0.0091941,-0.191542,-0.0224356, 0.0565185, 0.0546405, 0.0588369, 0.0678861, 0.0552104, 0.0376441
-0.999809,-0.0150218, -0.00598727, 0.0109719, 0.00923843,-0.191565,-0.0224146, 0.0562026, 0.0546359, 0.0584841, 0.0675188, 0.0551996, 0.0369548
-0.999809,-0.0150534, -0.00599693, 0.0109156, 0.00913252,-0.191573,-0.0222647, 0.0559694, 0.0546327, 0.0582229, 0.0673572, 0.0551927, 0.0365069
-0.999805,-0.0150892, -0.00599923, 0.0112819, 0.00910607,-0.191618,-0.0224253, 0.0556194, 0.0546305, 0.0578298, 0.0672375, 0.0551868, 0.0362101
-0.999804,-0.0151286, -0.00600849, 0.0112883, 0.00876408,-0.191602,-0.022584, 0.0553639, 0.0546289, 0.0575434, 0.0671453, 0.0551836, 0.0360707
-0.999802,-0.0150951, -0.00601399, 0.0114466, 0.00886238,-0.191628,-0.0225888, 0.0552012, 0.0546276, 0.0573601, 0.0670352, 0.0551823, 0.0360365
-0.999801,-0.015116, -0.00601729, 0.0115252, 0.00881985,-0.19164,-0.0226058, 0.0549851, 0.0546261, 0.057118, 0.0668162, 0.0551804, 0.0360283
-0.9998,-0.0151638, -0.00601995, 0.0115911, 0.00845537,-0.191702,-0.0224531, 0.0549095, 0.0546247, 0.0570341, 0.0666004, 0.0551787, 0.036006
-0.999801,-0.0151318, -0.00601989, 0.0115498, 0.00851291,-0.191671,-0.0225869, 0.0548866, 0.0546244, 0.0570097, 0.0664354, 0.0551768, 0.0359123
-0.999801,-0.0151257, -0.00602102, 0.0115521, 0.00852169,-0.191669,-0.0226682, 0.054854, 0.0546234, 0.0569754, 0.0663324, 0.0551727, 0.0357493
-0.999801,-0.0151172, -0.006023, 0.0115498, 0.00852254,-0.191673,-0.0227399, 0.0548445, 0.0546203, 0.0569682, 0.0662995, 0.0551644, 0.0355072
-0.999801,-0.0151106, -0.00602452, 0.0115479, 0.00853334,-0.191673,-0.0227945, 0.0548361, 0.054615, 0.0569623, 0.0662876, 0.055152, 0.0352231
-0.999801,-0.0151089, -0.00602176, 0.0115539, 0.00846518,-0.191649,-0.0229321, 0.0548127, 0.0546078, 0.0569396, 0.0662314, 0.0551349, 0.0348791
-0.999801,-0.0151079, -0.00602045, 0.0115793, 0.00840626,-0.191636,-0.0229965, 0.054739, 0.0546007, 0.0568634, 0.0660814, 0.0551151, 0.0344843
-0.9998,-0.0151216, -0.00601946, 0.0116265, 0.00832388,-0.191619,-0.023061, 0.0546294, 0.054593, 0.0567534, 0.0658622, 0.055096, 0.034094
-0.999799,-0.0151547, -0.00601664, 0.0116911, 0.00825094,-0.191603,-0.0231195, 0.0544179, 0.0545833, 0.0565392, 0.0656252, 0.0550778, 0.0337153
-0.999798,-0.0151747, -0.00601198, 0.0117655, 0.00823059,-0.19159,-0.02314, 0.0542016, 0.0545723, 0.0563238, 0.0654444, 0.0550607, 0.0334095
-0.999796,-0.0151879, -0.00600987, 0.0118589, 0.00821527,-0.191591,-0.02316, 0.0539874, 0.0545618, 0.0561076, 0.0653446, 0.055046, 0.0331962
-0.999794,-0.0152229, -0.00601184, 0.0119624, 0.00820434,-0.191607,-0.0231736, 0.0537645, 0.0545536, 0.0558744, 0.0653095, 0.0550346, 0.0330634
-0.999793,-0.015255, -0.00600608, 0.012057, 0.00818083,-0.191627,-0.0232245, 0.0535718, 0.0545477, 0.0556673, 0.0652905, 0.0550268, 0.0329985
-0.999793,-0.0152452, -0.00599913, 0.0120971, 0.00813789,-0.191644,-0.0232369, 0.0534386, 0.0545435, 0.0555222, 0.0652327, 0.0550215, 0.0329807
-0.999793,-0.0152422, -0.0059945, 0.0120963, 0.00802027,-0.19165,-0.0232497, 0.0534307, 0.0545411, 0.0555126, 0.0650413, 0.0550191, 0.0329717
-0.999793,-0.0152364, -0.00599112, 0.0120913, 0.00780558,-0.191648,-0.0232999, 0.0534263, 0.0545403, 0.0555064, 0.0646452, 0.0550179, 0.0328978
-0.999793,-0.0152319, -0.00599042, 0.0120856, 0.00760922,-0.191638,-0.023382, 0.0534163, 0.05454, 0.0554957, 0.0641697, 0.0550163, 0.0327435
-0.999793,-0.0152313, -0.0059916, 0.0120797, 0.00752077,-0.191624,-0.0234835, 0.053398, 0.0545394, 0.0554778, 0.0637363, 0.0550136, 0.0325257
-0.999793,-0.0152339, -0.00599296, 0.0120738, 0.00752359,-0.191608,-0.0235859, 0.0533775, 0.0545377, 0.0554597, 0.0634447, 0.0550097, 0.0322865
-0.999793,-0.015232, -0.00599675, 0.012072, 0.0074931,-0.191593,-0.0236715, 0.0533563, 0.0545346, 0.0554406, 0.0632997, 0.0550042, 0.0320601
-0.999793,-0.0152283, -0.00600048, 0.0120723, 0.0074473,-0.191579,-0.0237682, 0.053344, 0.0545313, 0.0554276, 0.0632638, 0.0549994, 0.0318762
-0.999793,-0.0152291, -0.00599853, 0.0120707, 0.0074245,-0.191564,-0.0238607, 0.0533352, 0.0545232, 0.0554148, 0.0632546, 0.054996, 0.0317382
-0.999793,-0.0152304, -0.00598262, 0.0120613, 0.00740384,-0.191548,-0.0239274, 0.0533269, 0.0545027, 0.0554099, 0.0631927, 0.0549921, 0.0316526
-0.999794,-0.0152346, -0.0059497, 0.0120489, 0.00727759,-0.191534,-0.0239545, 0.0533076, 0.0544683, 0.0554077, 0.0630161, 0.0549852, 0.0316073
-0.999794,-0.0152377, -0.00591527, 0.0120369, 0.00706001,-0.191528,-0.0239506, 0.0532789, 0.054428, 0.0554055, 0.0627399, 0.0549743, 0.0315849
-0.999794,-0.015239, -0.00589406, 0.0120229, 0.0069538,-0.191517,-0.0239482, 0.0532488, 0.0543911, 0.0554036, 0.0623811, 0.0549602, 0.0315745
-0.999794,-0.0152387, -0.0058708, 0.0120151, 0.0067795,-0.191516,-0.0239321, 0.0532203, 0.0543601, 0.0554028, 0.0619671, 0.054946, 0.0315676
-0.999795,-0.0152403, -0.00586311, 0.0120093, 0.00678679,-0.191512,-0.0239274, 0.0531973, 0.054338, 0.0554012, 0.0615221, 0.0549342, 0.0315579
-0.999795,-0.0152377, -0.00585307, 0.0120087, 0.00664829,-0.191509,-0.0239088, 0.0531822, 0.0543248, 0.0553997, 0.0610967, 0.0549255, 0.0315433
-0.999795,-0.0152344, -0.00584848, 0.0120091, 0.00649003,-0.191508,-0.0238941, 0.0531764, 0.0543202, 0.0553987, 0.0607551, 0.0549197, 0.0315267
-0.999795,-0.0152314, -0.00584666, 0.0120124, 0.00634459,-0.191515,-0.0238749, 0.0531746, 0.0543197, 0.0553967, 0.0604639, 0.0549166, 0.0315061
-0.999795,-0.015231, -0.00584491, 0.0120126, 0.00625832,-0.191515,-0.0238726, 0.0531666, 0.054313, 0.0553922, 0.060207, 0.0549149, 0.031481
-0.999795,-0.0152332, -0.00583748, 0.0119967, 0.00612278,-0.191503,-0.0238729, 0.0531319, 0.0542814, 0.0553819, 0.0599706, 0.0549133, 0.0314504
-0.999796,-0.0152342, -0.00582382, 0.0119453, 0.00594867,-0.191472,-0.0238641, 0.0530533, 0.054194, 0.0553795, 0.0598095, 0.0549081, 0.0314247
-0.999797,-0.0152397, -0.00578549, 0.0118604, 0.00585522,-0.191422,-0.023857, 0.0529062, 0.0540337, 0.0553777, 0.0597139, 0.0548945, 0.0314075
-0.999798,-0.0152474, -0.00572946, 0.0117507, 0.00581273,-0.191356,-0.0238486, 0.0527013, 0.0538142, 0.0553765, 0.0596395, 0.054872, 0.0313949
-0.9998,-0.015255, -0.00567404, 0.0116406, 0.00576034,-0.191285,-0.023835, 0.0524701, 0.0535733, 0.055372, 0.0595808, 0.0548446, 0.0313878
-0.999801,-0.0152671, -0.00563386, 0.0115652, 0.00570229,-0.191233,-0.0238224, 0.0522332, 0.0533492, 0.0553461, 0.0595111, 0.0548171, 0.0313835
-0.999802,-0.0152689, -0.00560535, 0.0114956, 0.00565248,-0.191188,-0.0238081, 0.052049, 0.0531674, 0.0553369, 0.0594417, 0.0547947, 0.0313798
-0.999802,-0.0152724, -0.00558885, 0.0114392, 0.00563616,-0.191152,-0.023798, 0.0519226, 0.053038, 0.0553361, 0.0594047, 0.0547798, 0.031378
-0.999803,-0.0152754, -0.00557176, 0.0114122, 0.00560864,-0.191147,-0.0237956, 0.0518498, 0.0529636, 0.0553348, 0.0593903, 0.0547725, 0.0313771
-0.999803,-0.0152801, -0.00556657, 0.0114067, 0.00561208,-0.191144,-0.0237973, 0.051814, 0.0529355, 0.0553237, 0.0593862, 0.0547712, 0.0313736
-0.999802,-0.0152885, -0.00556352, 0.0114166, 0.00563249,-0.191145,-0.0238037, 0.0517875, 0.0529311, 0.0552958, 0.0593596, 0.0547708, 0.0313639
-0.999802,-0.0152887, -0.00556205, 0.0114203, 0.00564334,-0.191142,-0.0238022, 0.0517742, 0.052928, 0.055283, 0.0593175, 0.0547658, 0.0313542
-0.999803,-0.0152893, -0.00555477, 0.0114155, 0.00562794,-0.191138,-0.0237968, 0.0517515, 0.0529056, 0.0552818, 0.0592828, 0.054753, 0.03135
-0.999803,-0.0152889, -0.0055373, 0.0113985, 0.0055924,-0.191124,-0.0237914, 0.0516975, 0.0528511, 0.0552815, 0.0592485, 0.0547321, 0.0313487
-0.999803,-0.0152898, -0.00551637, 0.0113572, 0.00554697,-0.191081,-0.0237859, 0.0516, 0.0527544, 0.0552763, 0.0592103, 0.0547036, 0.0313468
-0.999804,-0.0152917, -0.00548479, 0.0112935, 0.00545784,-0.191014,-0.0237825, 0.0514493, 0.0526067, 0.055264, 0.0591467, 0.0546659, 0.0313395
-0.999806,-0.0152943, -0.00542937, 0.0111968, 0.00533624,-0.190916,-0.0237813, 0.0512453, 0.0524019, 0.0552527, 0.0590576, 0.0546188, 0.0313273
-0.999807,-0.0153017, -0.00537346, 0.01107, 0.00526711,-0.190792,-0.0237701, 0.0509911, 0.0521426, 0.0552449, 0.0589571, 0.0545643, 0.0313132
-0.999809,-0.0153079, -0.00530581, 0.0109433, 0.00525197,-0.190672,-0.0237555, 0.0507078, 0.0518515, 0.0552413, 0.0588563, 0.0545055, 0.0313016
-0.99981,-0.0153157, -0.00524814, 0.0108131, 0.00524342,-0.190548,-0.0237348, 0.0504254, 0.0515623, 0.0552391, 0.0587581, 0.0544468, 0.0312942
-0.999812,-0.0153228, -0.00520306, 0.0106983, 0.00522919,-0.190437,-0.0237131, 0.0501675, 0.0513002, 0.0552364, 0.0586622, 0.0543928, 0.0312897
-0.999813,-0.0153286, -0.00518207, 0.0106081, 0.005231,-0.190346,-0.0236942, 0.0499517, 0.0510817, 0.055234, 0.0585773, 0.054347, 0.0312858
-0.999814,-0.015333, -0.00515456, 0.010536, 0.00522265,-0.190272,-0.0236773, 0.0497878, 0.0509167, 0.0552322, 0.0585125, 0.0543113, 0.0312824
-0.999814,-0.0153345, -0.00512191, 0.0105011, 0.00519278,-0.190236,-0.0236691, 0.0496832, 0.050813, 0.0552313, 0.0584705, 0.0542862, 0.0312804
-0.999814,-0.0153374, -0.0051084, 0.0104763, 0.00518438,-0.190211,-0.0236655, 0.0496309, 0.0507633, 0.0552274, 0.058448, 0.0542702, 0.0312797
-0.999815,-0.0153374, -0.00510083, 0.0104726, 0.00518367,-0.190218,-0.0236662, 0.0496142, 0.050747, 0.0552255, 0.0584356, 0.0542592, 0.0312794
-0.999814,-0.0153377, -0.00510142, 0.0104763, 0.00518125,-0.19023,-0.0236664, 0.0496121, 0.0507459, 0.0552246, 0.0584294, 0.0542532, 0.031278
-0.999814,-0.01534, -0.00510246, 0.010476, 0.00517943,-0.19023,-0.0236672, 0.0496021, 0.0507391, 0.0552187, 0.0584221, 0.0542498, 0.0312737
-0.999815,-0.0153414, -0.00510194, 0.0104676, 0.00518197,-0.190223,-0.0236679, 0.0495717, 0.0507108, 0.0552118, 0.0584098, 0.054246, 0.0312671
-0.999815,-0.0153445, -0.00509673, 0.0104449, 0.00519128,-0.190205,-0.0236688, 0.0495081, 0.0506493, 0.0552027, 0.0583883, 0.0542386, 0.0312585
-0.999815,-0.0153477, -0.00507712, 0.0104039, 0.00520972,-0.190174,-0.0236704, 0.0494033, 0.0505435, 0.0551948, 0.0583595, 0.0542264, 0.0312502
-0.999816,-0.0153524, -0.00505618, 0.0103358, 0.00522978,-0.190124,-0.023664, 0.0492486, 0.0503829, 0.0551911, 0.0583247, 0.0542087, 0.031244
-0.999817,-0.0153558, -0.00503472, 0.0102453, 0.00523861,-0.190051,-0.0236496, 0.0490396, 0.0501646, 0.0551901, 0.0582802, 0.0541838, 0.0312402
-0.999818,-0.01536, -0.00499774, 0.0101441, 0.00523432,-0.189971,-0.0236246, 0.0487806, 0.0498988, 0.0551853, 0.0582135, 0.0541506, 0.031235
-0.999819,-0.0153617, -0.00494397, 0.0100353, 0.0051894,-0.189885,-0.0235917, 0.0485014, 0.0496132, 0.0551818, 0.0581337, 0.0541119, 0.031227
-0.999821,-0.0153637, -0.00488427, 0.00993704, 0.00508755,-0.189803,-0.0235588, 0.0482323, 0.0493389, 0.055178, 0.058052, 0.0540718, 0.0312171
-0.999822,-0.0153632, -0.00483037, 0.00985344, 0.0049869,-0.189738,-0.0235302, 0.0480012, 0.0491041, 0.0551747, 0.057981, 0.0540359, 0.031208
-0.999823,-0.0153623, -0.00479745, 0.00979002, 0.004919,-0.189691,-0.0235118, 0.0478235, 0.0489237, 0.0551734, 0.0579341, 0.0540088, 0.0312015
-0.999823,-0.0153627, -0.00478495, 0.00974759, 0.00490941,-0.189655,-0.0235002, 0.0476991, 0.0487975, 0.0551728, 0.0579132, 0.0539916, 0.0311977
-0.999823,-0.015365, -0.004767, 0.00971545, 0.00490874,-0.189627,-0.0234905, 0.047619, 0.0487168, 0.055172, 0.0579022, 0.053982, 0.0311951
-0.999824,-0.0153668, -0.00475339, 0.00970232, 0.00491115,-0.189608,-0.0234869, 0.0475764, 0.0486754, 0.0551706, 0.0578952, 0.053978, 0.0311933
-0.999824,-0.015367, -0.00475059, 0.00969943, 0.00491561,-0.189602,-0.0234862, 0.0475626, 0.0486625, 0.0551696, 0.0578896, 0.0539766, 0.0311924
-0.999824,-0.0153686, -0.00475058, 0.00970145, 0.00491577,-0.189602,-0.0234859, 0.0475604, 0.0486612, 0.0551668, 0.0578781, 0.0539742, 0.0311918
-0.999824,-0.0153678, -0.00474839, 0.00970251, 0.00490788,-0.189601,-0.0234847, 0.0475523, 0.0486522, 0.055165, 0.057855, 0.0539667, 0.0311907
-0.999824,-0.0153685, -0.00474136, 0.00969482, 0.0048962,-0.18959,-0.0234811, 0.0475217, 0.0486174, 0.0551641, 0.0578232, 0.0539518, 0.0311889
-0.999824,-0.015366, -0.00472284, 0.00967499, 0.00487199,-0.189569,-0.0234702, 0.0474595, 0.0485502, 0.0551617, 0.0577781, 0.0539279, 0.0311849
-0.999824,-0.0153676, -0.00470018, 0.00964284, 0.00482478,-0.189533,-0.02346, 0.0473645, 0.0484518, 0.055156, 0.0577331, 0.0538978, 0.0311816
-0.999825,-0.0153696, -0.00466874, 0.00959587, 0.00474819,-0.189472,-0.0234525, 0.0472303, 0.048318, 0.055141, 0.0576735, 0.0538613, 0.0311766
-0.999826,-0.0153725, -0.00462878, 0.00952341, 0.00468542,-0.189389,-0.0234412, 0.0470624, 0.0481456, 0.0551321, 0.0575975, 0.0538174, 0.0311702
-0.999827,-0.0153761, -0.00458274, 0.00943289, 0.004638,-0.189289,-0.0234242, 0.0468643, 0.0479401, 0.0551287, 0.0575152, 0.0537672, 0.0311641
-0.999828,-0.0153805, -0.00455212, 0.00932627, 0.00461286,-0.189173,-0.0234001, 0.0466454, 0.0477144, 0.0551272, 0.0574305, 0.0537126, 0.031159
-0.999829,-0.0153853, -0.00452044, 0.009227, 0.00459411,-0.189067,-0.0233758, 0.046419, 0.047485, 0.0551244, 0.0573454, 0.0536564, 0.0311544
-0.99983,-0.0153867, -0.0044822, 0.00913946, 0.00454872,-0.18898,-0.0233528, 0.0462027, 0.0472693, 0.0551189, 0.0572532, 0.0536026, 0.0311484
-0.999831,-0.0153894, -0.00443914, 0.00906636, 0.00450322,-0.188902,-0.0233311, 0.0460224, 0.0470873, 0.0551178, 0.0571735, 0.0535567, 0.0311434
-0.999831,-0.0153914, -0.00441083, 0.00900896, 0.00448583,-0.18884,-0.0233158, 0.0458874, 0.0469516, 0.0551158, 0.0571135, 0.0535219, 0.0311399
-0.999832,-0.0153939, -0.0043799, 0.00897452, 0.00447151,-0.188807,-0.0233078, 0.0458061, 0.0468704, 0.0551147, 0.0570736, 0.0534986, 0.0311382
-0.999832,-0.0153961, -0.00436538, 0.00896114, 0.00449365,-0.188803,-0.0233086, 0.0457704, 0.0468359, 0.0551095, 0.0570468, 0.0534846, 0.0311379
-0.999832,-0.0153975, -0.00436183, 0.00896088, 0.00450629,-0.188806,-0.0233101, 0.0457635, 0.0468301, 0.0551076, 0.0570363, 0.0534794, 0.0311372
-0.999832,-0.0153968, -0.00436118, 0.00896228, 0.00450547,-0.188807,-0.0233107, 0.0457604, 0.0468292, 0.0551034, 0.0570342, 0.0534785, 0.0311351
-0.999832,-0.0153999, -0.0043592, 0.00896054, 0.0045045,-0.188805,-0.0233116, 0.0457431, 0.0468152, 0.055094, 0.0570313, 0.053478, 0.0311305
-0.999832,-0.0154056, -0.00435457, 0.00894529, 0.00450269,-0.188792,-0.0233122, 0.0456985, 0.0467735, 0.0550819, 0.0570203, 0.0534748, 0.0311239
-0.999832,-0.0154138, -0.00435348, 0.00890496, 0.00449584,-0.18876,-0.0233061, 0.0456104, 0.0466883, 0.0550637, 0.0569942, 0.053468, 0.0311146
-0.999833,-0.0154162, -0.00434168, 0.008844, 0.00450242,-0.188715,-0.0232934, 0.0454698, 0.0465409, 0.0550538, 0.0569578, 0.0534542, 0.0311055
-0.999833,-0.0154204, -0.00433109, 0.00874557, 0.00450179,-0.188648,-0.0232667, 0.0452668, 0.0463266, 0.0550521, 0.0569119, 0.0534289, 0.0310995
-0.999835,-0.0154253, -0.00428928, 0.00863746, 0.00446521,-0.188559,-0.023234, 0.0450038, 0.046057, 0.0550445, 0.056836, 0.0533915, 0.0310918
-0.999836,-0.0154252, -0.00424467, 0.00852527, 0.0044083,-0.188463,-0.0232001, 0.0447233, 0.045768, 0.0550406, 0.0567441, 0.0533456, 0.031082
-0.999837,-0.0154236, -0.00420596, 0.00842953, 0.00432809,-0.18838,-0.0231731, 0.0444593, 0.045497, 0.0550341, 0.0566495, 0.0532982, 0.0310707
-0.999837,-0.0154241, -0.0041809, 0.00836476, 0.00424307,-0.188328,-0.0231551, 0.0442384, 0.045273, 0.0550225, 0.0565619, 0.0532572, 0.0310576
-0.999838,-0.0154214, -0.00415812, 0.00831786, 0.00418427,-0.188289,-0.0231395, 0.0440798, 0.0451074, 0.0550198, 0.0565038, 0.0532268, 0.0310478
-0.999838,-0.0154213, -0.00413906, 0.00828719, 0.00415091,-0.188262,-0.0231282, 0.0439777, 0.0449991, 0.0550194, 0.0564768, 0.0532081, 0.0310428
-0.999838,-0.0154226, -0.00412801, 0.0082739, 0.00412237,-0.188246,-0.023124, 0.0439241, 0.0449444, 0.0550172, 0.0564654, 0.0531989, 0.0310393
-0.999838,-0.0154261, -0.00412637, 0.00827569, 0.00408459,-0.188237,-0.0231247, 0.0439071, 0.0449318, 0.0550091, 0.0564602, 0.0531954, 0.0310363
-0.999838,-0.0154249, -0.00412614, 0.00827618, 0.00405337,-0.188228,-0.0231248, 0.0439023, 0.0449303, 0.0550011, 0.0564502, 0.0531917, 0.0310341
-0.999838,-0.0154242, -0.00412379, 0.00826857, 0.00403384,-0.188211,-0.0231236, 0.0438811, 0.0449055, 0.0549975, 0.0564244, 0.0531795, 0.031033
-0.999839,-0.0154233, -0.00412045, 0.00824661, 0.00400661,-0.188176,-0.0231182, 0.0438253, 0.0448395, 0.0549956, 0.0563741, 0.0531553, 0.031032
-0.999839,-0.0154228, -0.00411204, 0.00820835, 0.0039791,-0.188123,-0.0231086, 0.0437331, 0.0447323, 0.054993, 0.0562958, 0.0531194, 0.031029
-0.999839,-0.0154227, -0.00410195, 0.00816414, 0.00394089,-0.188064,-0.0230978, 0.0436165, 0.0445985, 0.0549859, 0.0561755, 0.0530757, 0.0310215
-0.99984,-0.0154223, -0.00409657, 0.00812425, 0.00389707,-0.188021,-0.02309, 0.0434916, 0.0444573, 0.054977, 0.0560128, 0.05303, 0.0310101
-0.99984,-0.0154224, -0.00408735, 0.0080741, 0.00383113,-0.187969,-0.0230791, 0.0433712, 0.0443295, 0.0549691, 0.0558204, 0.052988, 0.0309974
-0.99984,-0.0154229, -0.00408486, 0.00803513, 0.00381321,-0.187926,-0.023074, 0.0432655, 0.0442278, 0.0549659, 0.0556319, 0.0529533, 0.0309889
-0.999841,-0.0154256, -0.00408228, 0.0079881, 0.00381803,-0.187875,-0.0230682, 0.0431796, 0.0441577, 0.0549626, 0.055465, 0.0529281, 0.030984
-0.999841,-0.015431, -0.0040867, 0.00794616, 0.00387643,-0.187835,-0.0230682, 0.0431169, 0.0441174, 0.0549581, 0.0553304, 0.052911, 0.0309805
-0.999841,-0.0154351, -0.00408779, 0.00792637, 0.0039129,-0.187814,-0.0230682, 0.0430776, 0.044098, 0.0549534, 0.0552356, 0.0528994, 0.0309778
-0.999841,-0.0154375, -0.00408265, 0.00791259, 0.00392074,-0.187799,-0.023069, 0.0430569, 0.0440907, 0.0549477, 0.0551782, 0.052892, 0.0309757
-0.999841,-0.015439, -0.00407526, 0.00789956, 0.00391697,-0.187796,-0.02307, 0.0430491, 0.0440883, 0.0549441, 0.0551509, 0.0528895, 0.0309748
-0.999841,-0.0154391, -0.00406975, 0.0078932, 0.00391877,-0.187805,-0.0230686, 0.0430467, 0.0440848, 0.0549428, 0.055144, 0.0528884, 0.0309748
-0.999841,-0.0154386, -0.00406927, 0.00788823, 0.0039121,-0.187801,-0.0230666, 0.0430416, 0.0440783, 0.0549422, 0.0551427, 0.0528856, 0.0309742
-0.999841,-0.0154391, -0.00407094, 0.00787647, 0.00390249,-0.187786,-0.023066, 0.0430293, 0.0440696, 0.0549416, 0.0551319, 0.0528815, 0.0309729
-0.999842,-0.0154392, -0.00407552, 0.00785354, 0.00390548,-0.187764,-0.02307, 0.0430048, 0.0440601, 0.054939, 0.0550966, 0.0528762, 0.0309704
-0.999842,-0.0154439, -0.00408482, 0.00782907, 0.00395335,-0.187748,-0.0230793, 0.0429676, 0.044052, 0.0549361, 0.0550372, 0.0528678, 0.0309675
-0.999842,-0.0154497, -0.00409348, 0.00780652, 0.00402309,-0.187742,-0.0230866, 0.0429207, 0.0440458, 0.0549342, 0.0549693, 0.0528542, 0.0309658
-0.999842,-0.0154551, -0.00409869, 0.00778163, 0.00409078,-0.187737,-0.0230895, 0.0428678, 0.0440416, 0.0549322, 0.0549038, 0.052835, 0.0309649
-0.999842,-0.0154603, -0.00409852, 0.00774928, 0.00415685,-0.187727,-0.0230874, 0.0428134, 0.0440388, 0.0549304, 0.0548486, 0.0528153, 0.0309645
-0.999842,-0.0154649, -0.00409311, 0.00771124, 0.00421147,-0.187704,-0.0230815, 0.0427593, 0.0440362, 0.0549286, 0.0548044, 0.0527971, 0.0309641
-0.999843,-0.0154703, -0.00408396, 0.00767108, 0.0042625,-0.187683,-0.0230738, 0.0427068, 0.0440327, 0.0549265, 0.0547711, 0.0527828, 0.0309636
-0.999841,-0.015514, -0.00410748, 0.00781154, 0.00425435,-0.1878,-0.0230631, 0.0426565, 0.0440271, 0.0549243, 0.0547479, 0.0527726, 0.0309625
-0.999842,-0.0154847, -0.00409817, 0.00773525, 0.00430886,-0.187743,-0.023056, 0.0426188, 0.0440227, 0.0549227, 0.0547314, 0.0527626, 0.030961
-0.999842,-0.0154805, -0.00408535, 0.00768875, 0.00432503,-0.187722,-0.0230474, 0.042585, 0.0440177, 0.0549222, 0.0547217, 0.0527538, 0.0309599
-0.999842,-0.0155067, -0.00409344, 0.0077046, 0.00446648,-0.187544,-0.0230586, 0.0425588, 0.044013, 0.0549213, 0.0547169, 0.0527476, 0.0309592
-0.999842,-0.0154991, -0.00408285, 0.00768725, 0.00443554,-0.187629,-0.0230424, 0.0425522, 0.0440106, 0.0549186, 0.0547145, 0.0527432, 0.0309588
-0.999842,-0.0154979, -0.00407975, 0.00767951, 0.00442633,-0.187703,-0.0230255, 0.0425477, 0.0440095, 0.0549179, 0.0547139, 0.0527411, 0.0309586
-0.999842,-0.0154993, -0.00408114, 0.00768231, 0.00442867,-0.187754,-0.0230089, 0.0425456, 0.0440093, 0.0549162, 0.0547124, 0.0527392, 0.0309583
-0.999843,-0.0154728, -0.00406403, 0.00767348, 0.00437092,-0.187539,-0.0231395, 0.0425449, 0.0440088, 0.0549137, 0.0547079, 0.0527371, 0.0309574
-0.999842,-0.0154984, -0.00407762, 0.00767353, 0.00441086,-0.187661,-0.0230447, 0.042536, 0.0440072, 0.0549105, 0.0546999, 0.0527351, 0.0309558
-0.999842,-0.0155052, -0.00408938, 0.0076693, 0.00441764,-0.187733,-0.0229801, 0.0425256, 0.0440042, 0.05491, 0.0546852, 0.0527328, 0.0309542
-0.999842,-0.0155082, -0.00409359, 0.00765722, 0.0044195,-0.187767,-0.0229457, 0.0425096, 0.0439992, 0.0549089, 0.0546635, 0.0527273, 0.0309528
-0.999842,-0.0155095, -0.00408925, 0.00762952, 0.00441722,-0.187757,-0.0229305, 0.0424843, 0.0439927, 0.0549078, 0.054636, 0.0527142, 0.030952
-0.999842,-0.01551, -0.0040814, 0.00760204, 0.00442999,-0.187735,-0.0229232, 0.042447, 0.0439854, 0.0549071, 0.0546071, 0.0526916, 0.0309514
-0.999843,-0.0155102, -0.00407144, 0.00756818, 0.00444253,-0.187685,-0.0229186, 0.0423951, 0.0439772, 0.054905, 0.0545757, 0.0526569, 0.0309508
-0.999843,-0.0155088, -0.00405935, 0.00753365, 0.00447192,-0.187626,-0.0229106, 0.0423283, 0.0439684, 0.0549023, 0.0545441, 0.0526069, 0.03095
-0.999843,-0.0155097, -0.00404852, 0.00751489, 0.00451286,-0.187591,-0.0229003, 0.0422468, 0.0439604, 0.054901, 0.0545203, 0.0525543, 0.0309488
-0.999844,-0.0155106, -0.00403924, 0.00747494, 0.0045323,-0.18752,-0.0228883, 0.0421539, 0.0439534, 0.0548996, 0.0545015, 0.0525122, 0.0309471
-0.999844,-0.0155142, -0.00402988, 0.00743738, 0.00455903,-0.187463,-0.0228786, 0.0420592, 0.0439479, 0.0548973, 0.0544867, 0.0524814, 0.0309449
-0.999844,-0.0155176, -0.00402376, 0.0074002, 0.0045878,-0.187409,-0.0228686, 0.0419736, 0.0439443, 0.054895, 0.0544749, 0.0524533, 0.0309427
-0.999844,-0.0155197, -0.00402123, 0.00737215, 0.00460545,-0.187367,-0.0228606, 0.0419041, 0.0439412, 0.0548922, 0.0544656, 0.0524252, 0.0309412
-0.999845,-0.0155234, -0.004021, 0.00733039, 0.00462825,-0.187305,-0.0228489, 0.0418552, 0.0439387, 0.05489, 0.0544583, 0.0524013, 0.0309403
-0.999845,-0.0155268, -0.00402164, 0.00731676, 0.00464933,-0.187286,-0.0228443, 0.0418258, 0.0439364, 0.0548884, 0.0544525, 0.0523868, 0.0309396
-0.999845,-0.0155298, -0.004018, 0.0073226, 0.00465925,-0.187301,-0.0228445, 0.0418123, 0.043934, 0.054887, 0.0544478, 0.0523772, 0.0309393
-0.999844,-0.0155309, -0.00401326, 0.00732746, 0.00466083,-0.18732,-0.0228451, 0.0418089, 0.0439311, 0.0548855, 0.0544443, 0.0523706, 0.0309392
-0.999845,-0.0155301, -0.0040097, 0.00732648, 0.00465774,-0.187322,-0.022845, 0.0418081, 0.0439292, 0.0548849, 0.0544423, 0.0523686, 0.0309392
-0.999845,-0.0155289, -0.00400637, 0.00731965, 0.00464731,-0.187315,-0.0228447, 0.0418008, 0.0439277, 0.054883, 0.05444, 0.0523659, 0.030939
-0.999845,-0.0155274, -0.00400425, 0.00731385, 0.00464242,-0.187319,-0.0228433, 0.041781, 0.043926, 0.0548825, 0.0544364, 0.0523567, 0.0309385
-0.999845,-0.0155279, -0.00400311, 0.00730316, 0.00464387,-0.187323,-0.022838, 0.041746, 0.0439238, 0.0548809, 0.0544301, 0.052338, 0.0309372
-0.999845,-0.015527, -0.00400299, 0.00727971, 0.00466274,-0.187297,-0.0228299, 0.0416945, 0.0439223, 0.0548785, 0.0544245, 0.0523149, 0.0309349
-0.999845,-0.0155261, -0.00400225, 0.00725531, 0.0046818,-0.18727,-0.0228208, 0.0416244, 0.0439206, 0.054875, 0.0544184, 0.0522905, 0.0309314
-0.999845,-0.015526, -0.00400002, 0.00725381, 0.00468423,-0.187275,-0.0228127, 0.0415386, 0.0439195, 0.0548713, 0.0544095, 0.052265, 0.0309272
-0.999845,-0.0155262, -0.00399844, 0.00722543, 0.00469576,-0.187252,-0.022804, 0.0414389, 0.0439185, 0.0548704, 0.0544065, 0.0522436, 0.0309247
-0.999846,-0.015524, -0.0039965, 0.00720033, 0.00470074,-0.187232,-0.0228002, 0.041328, 0.043917, 0.0548674, 0.0544054, 0.0522267, 0.0309225
-0.999846,-0.0155246, -0.00399458, 0.00716294, 0.00469806,-0.187204,-0.0227954, 0.0412172, 0.0439159, 0.0548641, 0.0544033, 0.0522111, 0.03092
-0.999846,-0.0155245, -0.00399228, 0.00711594, 0.00468547,-0.187165,-0.0227903, 0.0411172, 0.0439148, 0.054861, 0.0543995, 0.0521954, 0.0309174
-0.999846,-0.0155582, -0.00398695, 0.00702374, 0.00474577,-0.186934,-0.0227376, 0.0410374, 0.0439138, 0.0548607, 0.0543982, 0.0521777, 0.030916
-0.999847,-0.015544, -0.00399039, 0.00701819, 0.00469929,-0.186977,-0.0227328, 0.0409969, 0.0439129, 0.0548556, 0.0543975, 0.0521563, 0.0309155
-0.999846,-0.015556, -0.00397839, 0.0070614, 0.00477783,-0.18695,-0.0227709, 0.0409663, 0.0439122, 0.0548544, 0.0543961, 0.0521384, 0.030915
-0.999846,-0.0155462, -0.00399388, 0.00704498, 0.00467673,-0.187042,-0.0227144, 0.040957, 0.0439116, 0.0548502, 0.0543932, 0.0521226, 0.0309143
-0.999847,-0.0155394, -0.00400553, 0.0070279, 0.004589,-0.187107,-0.0226707, 0.0409513, 0.0439111, 0.0548496, 0.0543895, 0.0521141, 0.0309136
-0.999847,-0.0155366, -0.00401403, 0.00701101, 0.00451342,-0.187146,-0.022651, 0.0409484, 0.0439108, 0.054846, 0.0543855, 0.0521119, 0.0309133
-0.999847,-0.0155354, -0.00402016, 0.00700247, 0.00445644,-0.187173,-0.0226495, 0.040947, 0.0439097, 0.0548414, 0.0543791, 0.0521093, 0.0309131
-0.999847,-0.0155348, -0.00402265, 0.00699989, 0.00442654,-0.187193,-0.0226533, 0.0409421, 0.0439081, 0.0548329, 0.0543711, 0.0521008, 0.0309124
-0.999847,-0.0155357, -0.00402398, 0.007002, 0.00441492,-0.187205,-0.0226552, 0.0409308, 0.0439063, 0.0548256, 0.0543614, 0.0520848, 0.0309111
-0.999847,-0.0155356, -0.00402314, 0.00700054, 0.00442593,-0.187194,-0.0226535, 0.0409095, 0.0439045, 0.054822, 0.0543527, 0.0520689, 0.0309101
-0.999847,-0.0155347, -0.00402122, 0.00700532, 0.00443376,-0.187187,-0.0226535, 0.0408734, 0.0439014, 0.0548201, 0.054348, 0.0520526, 0.0309096
-0.999847,-0.0155316, -0.00401779, 0.00699958, 0.00444194,-0.187163,-0.0226526, 0.0408198, 0.0438981, 0.0548169, 0.0543417, 0.0520299, 0.0309086
-0.999847,-0.0155297, -0.00401546, 0.00696069, 0.00444278,-0.187094,-0.0226465, 0.0407501, 0.0438956, 0.0548165, 0.0543347, 0.0520052, 0.0309075
-0.999847,-0.0155281, -0.00401024, 0.00693889, 0.00445867,-0.187051,-0.022649, 0.0406669, 0.0438929, 0.0548153, 0.0543275, 0.0519858, 0.0309059
-0.999848,-0.0155268, -0.00400404, 0.00690765, 0.00448212,-0.18701,-0.0226554, 0.0405762, 0.0438899, 0.0548134, 0.0543194, 0.0519735, 0.0309032
-0.999848,-0.0155195, -0.00400903, 0.00683721, 0.00440966,-0.187086,-0.0225496, 0.040487, 0.043888, 0.0548122, 0.05431, 0.0519625, 0.0309002
-0.999848,-0.0155319, -0.00399962, 0.00682095, 0.00449472,-0.186993,-0.0225826, 0.0404252, 0.0438873, 0.054809, 0.0542976, 0.0519448, 0.0308984
-0.999848,-0.0155263, -0.00399853, 0.0068003, 0.00454605,-0.186903,-0.022584, 0.0403717, 0.0438861, 0.0548056, 0.0542862, 0.0519215, 0.0308972
-0.999848,-0.0155256, -0.00400101, 0.00678633, 0.00455605,-0.186834,-0.0225744, 0.0403338, 0.0438847, 0.0548031, 0.0542794, 0.0518982, 0.0308965
-0.999848,-0.0155258, -0.00400479, 0.00678495, 0.00454879,-0.186804,-0.0225692, 0.0403125, 0.0438836, 0.0548016, 0.0542753, 0.0518828, 0.030896
-0.999848,-0.0155262, -0.00400605, 0.0067873, 0.00454148,-0.186795,-0.0225695, 0.0403048, 0.0438828, 0.0547996, 0.0542716, 0.0518783, 0.0308959
-0.999848,-0.0155263, -0.00400601, 0.00678907, 0.00453928,-0.186792,-0.0225713, 0.0403029, 0.043882, 0.0547957, 0.0542652, 0.0518776, 0.0308956
-0.999848,-0.0155253, -0.00400576, 0.00678918, 0.00454344,-0.186795,-0.022571, 0.0402996, 0.0438815, 0.0547936, 0.0542591, 0.0518754, 0.0308953
-0.999848,-0.0155232, -0.00400476, 0.00678557, 0.00454813,-0.186798,-0.0225697, 0.0402875, 0.043881, 0.0547917, 0.0542545, 0.0518714, 0.030895
-0.999849,-0.0155215, -0.00400337, 0.00677558, 0.00455827,-0.186798,-0.022567, 0.0402648, 0.0438802, 0.0547904, 0.0542488, 0.0518653, 0.0308945
-0.999849,-0.0155191, -0.00400112, 0.00676538, 0.00457048,-0.186797,-0.0225636, 0.0402344, 0.0438795, 0.0547891, 0.0542427, 0.0518554, 0.0308939
-0.999849,-0.0155164, -0.0039985, 0.00675311, 0.00458396,-0.186795,-0.0225578, 0.0402002, 0.0438784, 0.0547871, 0.0542374, 0.0518405, 0.0308931
-0.999849,-0.0155144, -0.00399638, 0.00674041, 0.00459875,-0.186789,-0.0225521, 0.0401647, 0.0438775, 0.0547861, 0.0542319, 0.0518243, 0.0308922
-0.999849,-0.0155131, -0.00399372, 0.00673334, 0.00461149,-0.186797,-0.0225482, 0.0401294, 0.0438764, 0.0547856, 0.0542247, 0.0518121, 0.0308913
-0.999849,-0.0155122, -0.00399158, 0.0067305, 0.00461506,-0.186805,-0.0225466, 0.0400964, 0.0438736, 0.0547854, 0.0542174, 0.051803, 0.0308904
-0.999848,-0.0155413, -0.00403005, 0.00677009, 0.00466954,-0.186698,-0.0225567, 0.0400674, 0.0438676, 0.0547846, 0.0542107, 0.0517973, 0.0308896
-0.999849,-0.0155247, -0.00401135, 0.00672722, 0.00466155,-0.186754,-0.0225518, 0.0400458, 0.043862, 0.0547805, 0.0542008, 0.0517945, 0.0308882
-0.999849,-0.0155211, -0.00399608, 0.00670503, 0.0046327,-0.186815,-0.0225421, 0.0400295, 0.0438525, 0.0547795, 0.0541846, 0.0517912, 0.0308865
-0.999849,-0.0155196, -0.0039917, 0.00668777, 0.00462019,-0.186863,-0.0225333, 0.0400196, 0.0438397, 0.0547793, 0.0541663, 0.0517859, 0.0308855
-0.999849,-0.0155194, -0.00397496, 0.00668432, 0.00457414,-0.186917,-0.0225246, 0.040014, 0.0438262, 0.054778, 0.054142, 0.0517775, 0.0308848
-0.999849,-0.0155193, -0.00396986, 0.00668078, 0.00454593,-0.186952,-0.0225155, 0.0400098, 0.0438146, 0.0547748, 0.0541072, 0.051765, 0.0308832
-0.999849,-0.0155209, -0.00397201, 0.00668115, 0.00455187,-0.186956,-0.0225141, 0.0400069, 0.0438091, 0.0547726, 0.0540727, 0.051753, 0.0308813
-0.999849,-0.0155195, -0.00397154, 0.00668325, 0.00456024,-0.186946,-0.0225191, 0.0400023, 0.0438083, 0.0547646, 0.0540376, 0.0517435, 0.0308778
-0.999849,-0.0155195, -0.00397518, 0.00668374, 0.00455238,-0.186936,-0.022521, 0.0400001, 0.0438039, 0.0547644, 0.0540201, 0.0517365, 0.0308765
-0.999849,-0.0155191, -0.00399187, 0.00668052, 0.00457246,-0.186921,-0.0225203, 0.0399966, 0.0437889, 0.0547639, 0.0540062, 0.0517319, 0.0308762
-0.999849,-0.0155264, -0.00397182, 0.006691, 0.00453237,-0.186912,-0.0225162, 0.0399859, 0.0437624, 0.0547489, 0.0539675, 0.05173, 0.0308744
-0.999849,-0.0155385, -0.0039278, 0.00670917, 0.00438323,-0.186922,-0.0225105, 0.0399724, 0.0437238, 0.0547288, 0.0538847, 0.0517289, 0.0308684
-0.999849,-0.0155384, -0.00390629, 0.0067157, 0.00434078,-0.186936,-0.0225021, 0.0399651, 0.0436658, 0.0547258, 0.0538095, 0.0517255, 0.0308645
-0.999849,-0.0155249, -0.00394052, 0.00666617, 0.00426006,-0.186862,-0.022568, 0.0399574, 0.0435902, 0.0547224, 0.0537632, 0.0517199, 0.0308637
-0.99985,-0.0154988, -0.00397065, 0.00660217, 0.00412859,-0.186851,-0.0225706, 0.0399506, 0.0435291, 0.0547151, 0.0537236, 0.0517143, 0.0308635
-0.999849,-0.0155471, -0.00399411, 0.00658276, 0.00397061,-0.186934,-0.0225342, 0.0399449, 0.0434916, 0.0546996, 0.0536905, 0.0517097, 0.0308632
-0.999849,-0.0155359, -0.00388111, 0.0066771, 0.00409401,-0.18651,-0.0227122, 0.0399387, 0.0434708, 0.0546838, 0.0536652, 0.0517045, 0.0308618
-0.999849,-0.0155368, -0.00381245, 0.00673038, 0.00419081,-0.186156,-0.0228547, 0.0399325, 0.0434451, 0.0546829, 0.0536519, 0.0516984, 0.0308595
-0.999849,-0.0155373, -0.00378258, 0.00675985, 0.00427761,-0.185921,-0.0229586, 0.0399276, 0.0434257, 0.0546774, 0.0536433, 0.0516921, 0.0308568
-0.999849,-0.015541, -0.00376943, 0.0067759, 0.00435031,-0.185796,-0.0230209, 0.0399242, 0.0434164, 0.0546659, 0.0536331, 0.0516869, 0.0308542
-0.999849,-0.0155422, -0.00376335, 0.00678279, 0.00439262,-0.185744,-0.0230531, 0.0399213, 0.0434138, 0.0546502, 0.0536147, 0.0516823, 0.0308513
-0.999849,-0.0155447, -0.00376194, 0.00678349, 0.00439546,-0.185735,-0.0230578, 0.0399195, 0.0434123, 0.0546368, 0.0535892, 0.051677, 0.0308491
-0.999849,-0.0155457, -0.00375742, 0.00677974, 0.00435861,-0.185756,-0.0230493, 0.0399183, 0.043405, 0.0546268, 0.0535558, 0.0516719, 0.0308478
-0.999849,-0.015545, -0.0037582, 0.00677449, 0.00432943,-0.185785,-0.0230382, 0.0399178, 0.0433877, 0.054621, 0.0535191, 0.0516687, 0.0308472
-0.999849,-0.0155418, -0.00375594, 0.00676742, 0.00428417,-0.185812,-0.0230263, 0.039917, 0.0433594, 0.0546176, 0.0534774, 0.0516668, 0.0308467
-0.999849,-0.0155371, -0.00375662, 0.00676014, 0.00424873,-0.185824,-0.0230186, 0.039916, 0.0433195, 0.0546161, 0.0534318, 0.0516658, 0.0308461
-0.99985,-0.0155327, -0.00374789, 0.00675443, 0.00419511,-0.185814,-0.0230151, 0.0399147, 0.0432698, 0.0546151, 0.0533804, 0.051665, 0.0308455
-0.99985,-0.0155279, -0.00373834, 0.00675104, 0.00414068,-0.185779,-0.0230152, 0.0399126, 0.0432145, 0.054614, 0.0533216, 0.0516626, 0.0308447
-0.99985,-0.0155216, -0.00371149, 0.00675256, 0.00404057,-0.185731,-0.0230157, 0.0399102, 0.0431599, 0.0546118, 0.0532521, 0.0516582, 0.0308439
-0.99985,-0.0155178, -0.00370531, 0.0067504, 0.00400025,-0.185695,-0.0230231, 0.0399091, 0.0431083, 0.0546113, 0.0531981, 0.0516538, 0.0308432
-0.99985,-0.0155155, -0.00371911, 0.00674801, 0.0040129,-0.185672,-0.0230304, 0.0399086, 0.0430664, 0.0546107, 0.0531497, 0.0516514, 0.0308427
-0.99985,-0.0155137, -0.00371375, 0.00674746, 0.00398409,-0.18567,-0.023036, 0.0399083, 0.0430362, 0.05461, 0.0531079, 0.0516504, 0.030842
-0.99985,-0.0155134, -0.00371259, 0.00674743, 0.00396896,-0.185673,-0.0230389, 0.039908, 0.0430199, 0.0546091, 0.0530707, 0.0516488, 0.0308418
-0.99985,-0.015513, -0.00369967, 0.00674791, 0.0039106,-0.185699,-0.0230391, 0.0399078, 0.0430125, 0.0546069, 0.053048, 0.051644, 0.030841
-0.99985,-0.0155132, -0.00369712, 0.00674745, 0.00389007,-0.185718,-0.0230386, 0.0399071, 0.0430099, 0.0546037, 0.0530369, 0.0516344, 0.0308392
-0.99985,-0.0155138, -0.00369837, 0.00674797, 0.00388329,-0.185728,-0.0230384, 0.0399057, 0.0430081, 0.0546022, 0.0530333, 0.0516265, 0.0308373
-0.99985,-0.0155129, -0.00370253, 0.00674672, 0.00388574,-0.185727,-0.0230361, 0.0399046, 0.0429963, 0.0546006, 0.0530303, 0.0516227, 0.0308367
-0.99985,-0.0155125, -0.00369312, 0.00674657, 0.00388325,-0.185724,-0.0230354, 0.0399029, 0.0429689, 0.054598, 0.0530251, 0.0516204, 0.030836
-0.99985,-0.0155134, -0.0036808, 0.00674683, 0.00386698,-0.185724,-0.023032, 0.0398977, 0.0429271, 0.0545863, 0.0529999, 0.0516188, 0.0308337
-0.99985,-0.0155131, -0.00367259, 0.00674544, 0.0038526,-0.185729,-0.0230273, 0.0398928, 0.0428711, 0.0545739, 0.052948, 0.0516165, 0.0308304
-0.99985,-0.0155116, -0.00364742, 0.00674396, 0.00380717,-0.185747,-0.0230231, 0.0398903, 0.0427976, 0.0545688, 0.0528878, 0.0516121, 0.0308286
-0.99985,-0.0155102, -0.00364413, 0.00674318, 0.00380636,-0.185756,-0.0230228, 0.0398879, 0.0427082, 0.0545648, 0.0528445, 0.0516051, 0.0308285
-0.99985,-0.0155088, -0.00362633, 0.00674351, 0.00378205,-0.185767,-0.0230234, 0.0398861, 0.0426235, 0.0545622, 0.0528023, 0.0515994, 0.0308282
-0.999851,-0.0155064, -0.00360783, 0.00674312, 0.00375489,-0.185774,-0.0230228, 0.0398844, 0.0425535, 0.0545601, 0.0527685, 0.0515969, 0.0308271
-0.999851,-0.0155029, -0.00356819, 0.00674473, 0.00367537,-0.185784,-0.0230202, 0.0398821, 0.0425069, 0.0545564, 0.0527299, 0.0515959, 0.0308261
-0.999851,-0.0155009, -0.0035472, 0.0067451, 0.00362166,-0.185789,-0.0230163, 0.0398808, 0.042481, 0.0545548, 0.0526987, 0.0515956, 0.0308247
-0.999851,-0.0155013, -0.00354235, 0.00674501, 0.00359791,-0.185791,-0.0230136, 0.0398792, 0.0424725, 0.0545519, 0.0526742, 0.0515949, 0.0308229
-0.999851,-0.0155021, -0.00354359, 0.00674425, 0.00359693,-0.185794,-0.0230097, 0.0398787, 0.042471, 0.0545506, 0.0526643, 0.0515937, 0.0308202
-0.999851,-0.0155031, -0.00354216, 0.00674356, 0.00359341,-0.1858,-0.0230053, 0.0398779, 0.0424681, 0.0545477, 0.052661, 0.0515922, 0.0308162
-0.999851,-0.0155046, -0.00353606, 0.00674328, 0.00358693,-0.185805,-0.0230051, 0.0398769, 0.0424578, 0.0545437, 0.0526553, 0.0515904, 0.0308112
-0.999851,-0.0155054, -0.00352921, 0.00674309, 0.00357342,-0.185809,-0.0230027, 0.0398757, 0.0424375, 0.0545393, 0.0526428, 0.0515887, 0.0308059
-0.999851,-0.0155079, -0.00352756, 0.00674324, 0.00357252,-0.18581,-0.0230034, 0.0398747, 0.0424069, 0.0545355, 0.0526262, 0.0515869, 0.0308018
-0.999851,-0.015507, -0.00353366, 0.00674352, 0.00358027,-0.18581,-0.0230023, 0.0398734, 0.042369, 0.0545315, 0.0526078, 0.0515848, 0.0307986
-0.999851,-0.0155063, -0.00353525, 0.00674424, 0.00357779,-0.185809,-0.0229999, 0.0398715, 0.0423279, 0.0545257, 0.0525844, 0.0515827, 0.0307956
-0.999851,-0.0155029, -0.00353454, 0.00674594, 0.00357266,-0.185806,-0.0229968, 0.0398684, 0.0422867, 0.054517, 0.0525506, 0.0515811, 0.0307922
-0.999851,-0.0154999, -0.00352108, 0.00674859, 0.00354452,-0.185801,-0.0229954, 0.0398661, 0.0422458, 0.0545102, 0.052512, 0.05158, 0.0307897
-0.999851,-0.0154962, -0.00350289, 0.00675041, 0.0035002,-0.185797,-0.022993, 0.0398637, 0.0422075, 0.0545034, 0.0524679, 0.0515782, 0.030788
-0.999851,-0.0154928, -0.00348068, 0.00675336, 0.00344949,-0.185797,-0.022992, 0.0398618, 0.0421732, 0.054498, 0.052422, 0.0515746, 0.0307869
-0.999851,-0.0154918, -0.00346649, 0.00675544, 0.00342372,-0.185805,-0.0229885, 0.0398602, 0.0421428, 0.0544941, 0.0523895, 0.0515688, 0.0307854
-0.999851,-0.0154892, -0.00346831, 0.00675774, 0.00343274,-0.185806,-0.0229852, 0.0398583, 0.0421184, 0.0544879, 0.0523702, 0.0515633, 0.0307814
-0.999851,-0.0154873, -0.0034612, 0.00675957, 0.00342716,-0.18581,-0.0229762, 0.0398567, 0.0421017, 0.0544821, 0.0523585, 0.051559, 0.0307752
-0.999851,-0.015486, -0.00345207, 0.00675972, 0.00341599,-0.185816,-0.0229698, 0.0398552, 0.0420935, 0.0544778, 0.0523526, 0.051556, 0.0307682
-0.999851,-0.0154858, -0.00345045, 0.00675982, 0.00341541,-0.185818,-0.0229621, 0.0398536, 0.0420912, 0.0544741, 0.052351, 0.0515533, 0.0307614
-0.999851,-0.0154861, -0.00345047, 0.00675863, 0.00341411,-0.185819,-0.0229563, 0.0398526, 0.0420906, 0.0544739, 0.0523495, 0.0515513, 0.030758
-0.999851,-0.0154864, -0.00344823, 0.00675825, 0.00341449,-0.185812,-0.0229531, 0.0398507, 0.0420844, 0.0544737, 0.0523486, 0.0515483, 0.0307561
-0.999851,-0.015484, -0.00343367, 0.00675655, 0.00340508,-0.185801,-0.0229494, 0.0398476, 0.0420685, 0.0544712, 0.0523457, 0.051546, 0.0307542
-0.999851,-0.015483, -0.00342024, 0.00675453, 0.00339482,-0.185796,-0.0229476, 0.0398447, 0.0420372, 0.0544689, 0.0523389, 0.051545, 0.0307529
-0.999852,-0.015481, -0.00339664, 0.00675332, 0.00335353,-0.185796,-0.0229463, 0.0398397, 0.0419964, 0.0544598, 0.0523128, 0.0515447, 0.0307514
-0.999852,-0.0154812, -0.00336281, 0.00675068, 0.00327337,-0.185805,-0.0229426, 0.0398345, 0.0419488, 0.0544476, 0.0522598, 0.0515437, 0.0307498
-0.999852,-0.0154759, -0.00335307, 0.00674772, 0.00324618,-0.185815,-0.0229398, 0.0398309, 0.0418941, 0.0544375, 0.0521904, 0.051539, 0.0307491
-0.999852,-0.0154715, -0.0033486, 0.00674627, 0.00323492,-0.185822,-0.0229392, 0.0398283, 0.0418361, 0.0544283, 0.0521221, 0.0515305, 0.0307488
-0.999852,-0.0154668, -0.00335215, 0.00674563, 0.00323183,-0.185822,-0.022938, 0.0398254, 0.0417851, 0.0544193, 0.0520504, 0.0515223, 0.0307482
-0.999852,-0.0154658, -0.00334794, 0.00674605, 0.00319506,-0.185816,-0.0229348, 0.039821, 0.0417492, 0.0544076, 0.0519656, 0.0515158, 0.030747
-0.999852,-0.0154617, -0.00333706, 0.00674349, 0.00311774,-0.185816,-0.022929, 0.0398167, 0.0417277, 0.0543988, 0.0518802, 0.0515091, 0.0307459
-0.999852,-0.0154581, -0.00333372, 0.00674108, 0.00307022,-0.185817,-0.0229226, 0.0398137, 0.0417155, 0.0543948, 0.051824, 0.0515032, 0.0307442
-0.999852,-0.0154557, -0.00333394, 0.00674056, 0.00302586,-0.185814,-0.0229141, 0.0398113, 0.0417107, 0.0543919, 0.0517872, 0.0515015, 0.0307413
-0.999852,-0.0154551, -0.00333853, 0.00674114, 0.00299862,-0.185812,-0.0229039, 0.0398092, 0.041708, 0.0543906, 0.0517686, 0.0515005, 0.0307374
-0.999852,-0.0154568, -0.00334229, 0.0067426, 0.00298235,-0.185812,-0.022895, 0.0398073, 0.0416992, 0.0543885, 0.0517585, 0.0514974, 0.0307335
-0.999852,-0.0154627, -0.00334864, 0.00674387, 0.00296668,-0.185818,-0.0228863, 0.0398038, 0.0416803, 0.0543825, 0.0517484, 0.0514909, 0.030728
-0.999852,-0.0154691, -0.00333615, 0.00674947, 0.00293468,-0.185816,-0.0228827, 0.0397989, 0.0416512, 0.0543751, 0.0517295, 0.0514865, 0.0307215
-0.999852,-0.0154717, -0.0033166, 0.00675572, 0.00289864,-0.185825,-0.0228786, 0.0397954, 0.0416074, 0.0543687, 0.0517085, 0.0514816, 0.0307174
-0.999852,-0.0154744, -0.00329638, 0.00676076, 0.00287746,-0.185843,-0.0228791, 0.0397913, 0.0415538, 0.0543596, 0.0516871, 0.0514695, 0.0307145
-0.999852,-0.0154775, -0.00327551, 0.00676668, 0.00285669,-0.185873,-0.022879, 0.0397867, 0.0414976, 0.0543498, 0.0516685, 0.0514506, 0.0307122
-0.999852,-0.0154763, -0.00326013, 0.00677039, 0.00284483,-0.185891,-0.0228809, 0.0397811, 0.0414473, 0.0543398, 0.0516538, 0.0514287, 0.0307104
-0.999854,-0.0153476, -0.00316952, 0.00680714, 0.00275249,-0.18577,-0.0229781, 0.0397757, 0.0414094, 0.0543321, 0.0516416, 0.0514087, 0.0307095
-0.999855,-0.0152508, -0.00311453, 0.00684719, 0.00259733,-0.185635,-0.0230364, 0.0397732, 0.0413868, 0.0543184, 0.0516283, 0.0513926, 0.0307091
-0.999855,-0.015222, -0.00312732, 0.00694119, 0.00249417,-0.185341,-0.0230823, 0.0397681, 0.0413736, 0.0542976, 0.0516124, 0.0513794, 0.0307087
-0.999854,-0.0153354, -0.00311715, 0.00680891, 0.00305066,-0.185491,-0.0231324, 0.0397558, 0.0413658, 0.0542711, 0.0515943, 0.0513706, 0.0307079
-0.999854,-0.0154047, -0.00307635, 0.00667978, 0.00359284,-0.185545,-0.0232717, 0.0397485, 0.0413581, 0.0542691, 0.0515773, 0.0513647, 0.0307066
-0.999854,-0.0154499, -0.00303236, 0.00656868, 0.00399397,-0.185527,-0.0234122, 0.0397394, 0.0413494, 0.0542611, 0.051562, 0.0513553, 0.0307031
-0.999855,-0.0154764, -0.00299868, 0.00649547, 0.00424885,-0.185493,-0.0235236, 0.0397248, 0.0413406, 0.0542369, 0.0515455, 0.0513455, 0.0306954
-0.999855,-0.0154838, -0.00297519, 0.00645956, 0.0043678,-0.185467,-0.023587, 0.0397121, 0.0413315, 0.0542169, 0.051532, 0.0513346, 0.0306876
-0.999855,-0.0154829, -0.00296419, 0.0064496, 0.00440352,-0.185453,-0.0236063, 0.0396972, 0.0413195, 0.0541986, 0.0515234, 0.0513232, 0.0306829
-0.999855,-0.0154809, -0.00297419, 0.00644739, 0.00438412,-0.185444,-0.023598, 0.0396805, 0.0413041, 0.0541871, 0.051515, 0.0513158, 0.0306801
-0.999855,-0.0154827, -0.00299673, 0.00645031, 0.00434254,-0.185458,-0.0235806, 0.0396614, 0.0412876, 0.0541786, 0.0515076, 0.0513133, 0.0306783
-0.999855,-0.0154881, -0.00301441, 0.00647092, 0.0042724,-0.185481,-0.0235713, 0.039642, 0.0412706, 0.0541739, 0.0514969, 0.0513114, 0.030677
-0.999854,-0.015495, -0.00303257, 0.00649339, 0.00418931,-0.185497,-0.0235695, 0.0396246, 0.0412538, 0.0541731, 0.0514858, 0.0513094, 0.0306762
-0.999854,-0.0155015, -0.00305211, 0.00651283, 0.00409599,-0.185501,-0.0235715, 0.0396096, 0.0412386, 0.0541726, 0.0514737, 0.0513068, 0.0306754
-0.999854,-0.0155089, -0.00306351, 0.0065321, 0.00400716,-0.185487,-0.0235731, 0.039598, 0.0412266, 0.0541703, 0.05146, 0.0513034, 0.0306746
-0.999854,-0.0155089, -0.00308186, 0.00653625, 0.00392551,-0.185461,-0.0235703, 0.0395895, 0.0412178, 0.054167, 0.051447, 0.0512995, 0.030673
-0.999854,-0.0155089, -0.00309651, 0.00653351, 0.00387736,-0.18543,-0.0235683, 0.0395823, 0.0412126, 0.0541614, 0.0514389, 0.0512972, 0.0306724
-0.999854,-0.0155112, -0.00310298, 0.00652948, 0.00385387,-0.185397,-0.02357, 0.0395734, 0.0412097, 0.0541466, 0.0514256, 0.0512945, 0.030672
-0.999854,-0.0155135, -0.0031054, 0.00652276, 0.00385184,-0.185367,-0.0235718, 0.0395688, 0.0412072, 0.054138, 0.0514065, 0.0512904, 0.0306716
-0.999854,-0.0155156, -0.00310631, 0.00651715, 0.00385399,-0.185339,-0.0235749, 0.0395666, 0.0412043, 0.0541345, 0.0513903, 0.0512848, 0.0306715
-0.999854,-0.0155155, -0.00310354, 0.00651188, 0.00385653,-0.185314,-0.0235775, 0.0395638, 0.0412011, 0.0541308, 0.0513716, 0.0512781, 0.030671
-0.999854,-0.0155168, -0.00310281, 0.00650629, 0.00385964,-0.185296,-0.0235803, 0.0395599, 0.0411977, 0.0541285, 0.0513522, 0.0512708, 0.03067
-0.999854,-0.0155149, -0.00310272, 0.00650179, 0.00385036,-0.185291,-0.0235783, 0.0395537, 0.0411938, 0.0541264, 0.0513346, 0.0512631, 0.0306679
-0.999854,-0.0155156, -0.00310329, 0.00650065, 0.00384886,-0.185293,-0.0235777, 0.0395449, 0.0411886, 0.0541249, 0.0513158, 0.051255, 0.0306655
-0.999854,-0.0155164, -0.00310588, 0.0064979, 0.00386104,-0.185296,-0.0235803, 0.0395343, 0.0411823, 0.0541244, 0.0512929, 0.0512478, 0.0306631
-0.999854,-0.0155171, -0.00310245, 0.00650452, 0.00387537,-0.1853,-0.023583, 0.0395225, 0.0411739, 0.0541231, 0.0512631, 0.0512405, 0.0306604
-0.999854,-0.0155175, -0.00309819, 0.00651577, 0.00388033,-0.185307,-0.0235829, 0.0395107, 0.0411655, 0.0541221, 0.0512346, 0.0512336, 0.0306571
-0.999854,-0.0155168, -0.00310546, 0.00651021, 0.00385937,-0.185317,-0.0235767, 0.0394984, 0.0411573, 0.0541217, 0.0512082, 0.051228, 0.0306543
-0.999854,-0.0155163, -0.00310967, 0.00651083, 0.00384261,-0.185324,-0.0235719, 0.0394865, 0.0411485, 0.0541211, 0.051181, 0.0512232, 0.030652
-0.999854,-0.0155137, -0.00311926, 0.00650355, 0.00380887,-0.185333,-0.0235634, 0.0394755, 0.0411393, 0.0541198, 0.0511539, 0.0512182, 0.0306498
-0.999854,-0.0155132, -0.00312325, 0.00650221, 0.00379117,-0.18534,-0.0235597, 0.0394653, 0.0411309, 0.0541191, 0.0511274, 0.051213, 0.0306485
-0.999854,-0.0155123, -0.00313008, 0.00649769, 0.00376183,-0.185346,-0.0235556, 0.0394564, 0.041123, 0.0541183, 0.0511025, 0.0512074, 0.0306476
-0.999854,-0.0155117, -0.00313653, 0.00649353, 0.00373234,-0.18535,-0.023553, 0.0394488, 0.0411159, 0.0541175, 0.0510793, 0.0512009, 0.030647
-0.999854,-0.015511, -0.00314303, 0.00648908, 0.00370262,-0.185352,-0.0235514, 0.0394424, 0.0411097, 0.0541168, 0.0510584, 0.0511941, 0.0306466
-0.999854,-0.0155102, -0.00314686, 0.00648575, 0.00368321,-0.185353,-0.0235508, 0.0394373, 0.0411042, 0.0541161, 0.0510404, 0.0511875, 0.0306462
-0.999854,-0.0155097, -0.0031507, 0.00648315, 0.00366587,-0.185353,-0.0235505, 0.039433, 0.0410996, 0.0541155, 0.0510255, 0.0511814, 0.0306458
-0.999854,-0.015509, -0.00315435, 0.00648005, 0.0036473,-0.185356,-0.0235501, 0.0394296, 0.0410957, 0.054115, 0.0510134, 0.0511761, 0.0306455
-0.999854,-0.0155083, -0.00315708, 0.00647754, 0.00363198,-0.185358,-0.02355, 0.0394268, 0.0410926, 0.0541147, 0.0510042, 0.0511717, 0.0306452
-0.999854,-0.0155075, -0.00315839, 0.00647467, 0.00362126,-0.185359,-0.0235502, 0.0394245, 0.0410901, 0.0541144, 0.0509973, 0.0511682, 0.030645
-0.999854,-0.0155071, -0.0031605, 0.00647347, 0.00361112,-0.185358,-0.0235508, 0.0394225, 0.041088, 0.0541142, 0.0509924, 0.0511656, 0.0306448
-0.999854,-0.0155067, -0.00316094, 0.00647206, 0.00360768,-0.185358,-0.0235509, 0.0394207, 0.0410864, 0.054114, 0.0509891, 0.0511636, 0.0306447
-0.999854,-0.0155065, -0.00316198, 0.00647226, 0.00360307,-0.185357,-0.0235515, 0.0394191, 0.041085, 0.0541139, 0.050987, 0.0511623, 0.0306445
-0.999854,-0.0155063, -0.00316203, 0.00647173, 0.00360139,-0.185357,-0.0235515, 0.0394176, 0.0410839, 0.0541138, 0.0509857, 0.0511614, 0.0306445
-0.999854,-0.0155061, -0.00316184, 0.00647123, 0.00360029,-0.185358,-0.0235515, 0.0394163, 0.0410829, 0.0541136, 0.0509849, 0.0511607, 0.0306444
-0.999854,-0.015506, -0.00316185, 0.00647092, 0.00359959,-0.185358,-0.0235516, 0.0394152, 0.0410822, 0.0541135, 0.0509844, 0.0511602, 0.0306444
-0.999854,-0.0155057, -0.00316254, 0.00647126, 0.00359788,-0.185356,-0.0235519, 0.0394141, 0.0410815, 0.0541134, 0.0509839, 0.0511598, 0.0306443
-0.999854,-0.0155055, -0.00316246, 0.00647046, 0.00359786,-0.185357,-0.0235517, 0.0394133, 0.0410809, 0.0541132, 0.0509834, 0.0511594, 0.0306443
-0.999854,-0.0155052, -0.00316279, 0.00647057, 0.00359684,-0.185357,-0.0235518, 0.0394125, 0.0410804, 0.054113, 0.0509828, 0.051159, 0.0306443
-0.999854,-0.0155051, -0.00316299, 0.00647058, 0.00359615,-0.185356,-0.0235518, 0.0394119, 0.04108, 0.0541129, 0.0509821, 0.0511586, 0.0306442
-0.999854,-0.0155049, -0.00316269, 0.00647025, 0.00359732,-0.185357,-0.0235517, 0.0394114, 0.0410796, 0.0541127, 0.0509813, 0.0511581, 0.0306442
-0.999854,-0.0155051, -0.00316257, 0.00647031, 0.00359758,-0.185357,-0.0235517, 0.0394109, 0.0410793, 0.0541126, 0.0509803, 0.0511576, 0.0306441
-0.999854,-0.0155049, -0.00316267, 0.00647023, 0.00359725,-0.185357,-0.0235516, 0.0394105, 0.041079, 0.0541124, 0.0509792, 0.051157, 0.0306441
-0.999854,-0.0155048, -0.00316276, 0.0064701, 0.00359682,-0.185358,-0.0235515, 0.0394102, 0.0410787, 0.0541123, 0.0509781, 0.0511564, 0.030644
-0.999854,-0.0155047, -0.00316299, 0.00646973, 0.0035959,-0.185359,-0.0235513, 0.0394099, 0.0410785, 0.0541122, 0.0509769, 0.0511558, 0.030644
-0.999854,-0.0155048, -0.00316261, 0.00646989, 0.00359773,-0.185358,-0.0235514, 0.0394096, 0.0410782, 0.0541121, 0.0509756, 0.0511552, 0.0306439
-0.999854,-0.0155046, -0.00316278, 0.00646967, 0.00359699,-0.185359,-0.0235512, 0.0394094, 0.041078, 0.054112, 0.0509743, 0.0511546, 0.0306438
-0.999854,-0.0155046, -0.00316286, 0.00646965, 0.00359648,-0.185359,-0.0235512, 0.0394091, 0.0410778, 0.0541119, 0.0509731, 0.0511541, 0.0306438
-0.999854,-0.0155044, -0.00316321, 0.00646939, 0.00359461,-0.18536,-0.0235509, 0.0394089, 0.0410776, 0.0541118, 0.0509718, 0.0511535, 0.0306437
-0.999854,-0.0155044, -0.00316338, 0.00646927, 0.00359379,-0.18536,-0.0235507, 0.0394087, 0.0410774, 0.0541117, 0.0509706, 0.0511529, 0.0306437
-0.999854,-0.0155042, -0.00316349, 0.0064691, 0.00359318,-0.185361,-0.0235506, 0.0394084, 0.0410772, 0.0541116, 0.0509694, 0.0511524, 0.0306436
-0.999854,-0.0155042, -0.00316379, 0.00646892, 0.00359159,-0.185361,-0.0235504, 0.0394082, 0.041077, 0.0541116, 0.0509682, 0.0511519, 0.0306436
