0.999957,0.0057003, 0.006476, 0.00350072, 0,0,0, 0.1, 0.1, 0.1, 0.5, 0.5, 0.5
0.999957,0.0057003, 0.006476, 0.00350072, 0,0,0, 0.1, 0.1, 0.1, 0.5, 0.5, 0.5
0.999957,0.00569622, 0.00647517, 0.00348502, 0.00160043,1.77043e-05,-0.000844189, 0.0999881, 0.1, 0.0999881, 0.499078, 0.5, 0.499095
0.999957,0.00568997, 0.00647563, 0.00347167, 0.00330387,-1.14881e-05,-0.00174256, 0.0999844, 0.0999995, 0.0999849, 0.497054, 0.49998, 0.497235
0.999957,0.00569137, 0.00647082, 0.00347285, 0.00181559,-4.71902e-05,-0.00188499, 0.0999753, 0.0999941, 0.0999812, 0.496249, 0.499891, 0.496727
0.999957,0.00569294, 0.00644835, 0.00347237, 0.0012613,-0.000252555,-0.00220752, 0.0999534, 0.0999723, 0.0999809, 0.495487, 0.499697, 0.496442
0.999957,0.00569311, 0.00644025, 0.00341704, 0.000501638,-0.000244769,-0.00225008, 0.0999029, 0.0999232, 0.0999798, 0.494223, 0.499356, 0.496068
0.999957,0.00567652, 0.00641951, 0.00344546, 0.00164641,-0.000558331,-0.00205251, 0.0997874, 0.0998362, 0.0999499, 0.493244, 0.498693, 0.4951
0.999957,0.00566649, 0.00640851, 0.00354088, 0.00363433,-0.00120642,-0.00182768, 0.0996693, 0.0997211, 0.0999463, 0.491335, 0.497671, 0.493585
0.999958,0.00566964, 0.00633653, 0.00353035, 0.00396555,-0.00226404,-0.00149213, 0.0995473, 0.0996033, 0.0999417, 0.489889, 0.496282, 0.493394
0.999958,0.0056781, 0.00625819, 0.00347364, 0.00425787,-0.00347167,-0.00149668, 0.0994497, 0.0995071, 0.09994, 0.488556, 0.494879, 0.493384
0.999959,0.00569271, 0.00620906, 0.00342227, 0.00350064,-0.00295326,-0.00129855, 0.0993903, 0.0994486, 0.0999385, 0.488016, 0.494297, 0.493274
0.999959,0.00572338, 0.00620671, 0.0034167, -0.00098978,-0.00196964,-0.00130499, 0.099353, 0.0994263, 0.0999241, 0.486869, 0.494245, 0.492173
0.999959,0.00571187, 0.00621645, 0.0034016, -0.00448997,-0.00252785,-0.00267731, 0.0993056, 0.0994219, 0.0998793, 0.480927, 0.493832, 0.487323
0.999959,0.00571484, 0.0062116, 0.00339379, -0.00559022,-0.00338453,-0.00427707, 0.0992916, 0.0994204, 0.0998658, 0.473684, 0.492741, 0.482495
0.999959,0.0057102, 0.0062025, 0.00338745, -0.00815425,-0.00452221,-0.00546586, 0.0992773, 0.0994085, 0.0998621, 0.468, 0.491109, 0.479762
0.999959,0.00570804, 0.00617583, 0.00336323, -0.00993574,-0.00579589,-0.00641113, 0.0992298, 0.0993639, 0.0998588, 0.463375, 0.488762, 0.478498
0.99996,0.00571318, 0.00609943, 0.00329859, -0.00752273,-0.00737402,-0.00667353, 0.0991249, 0.0992616, 0.0998569, 0.459742, 0.485738, 0.478247
0.99996,0.00572518, 0.00604069, 0.00321111, -0.00695181,-0.00811706,-0.00621835, 0.0989651, 0.0991066, 0.0998528, 0.457327, 0.482843, 0.477891
0.999961,0.00572475, 0.0060104, 0.00314888, -0.00969208,-0.00813194,-0.0057768, 0.0987519, 0.0989153, 0.0998359, 0.453967, 0.480775, 0.474519
0.999961,0.00568603, 0.00598147, 0.00312875, -0.0101029,-0.00842342,-0.00505044, 0.0985195, 0.0987215, 0.0998154, 0.447889, 0.479549, 0.467236
0.999962,0.00564207, 0.00594194, 0.00306411, -0.012353,-0.00809772,-0.00441128, 0.0983048, 0.09854, 0.0998064, 0.441627, 0.478597, 0.460067
0.999962,0.00564475, 0.00588732, 0.00298922, -0.0152832,-0.00610584,-0.00418675, 0.0981365, 0.098383, 0.0997853, 0.437158, 0.476523, 0.454244
0.999963,0.00566919, 0.00583509, 0.00292291, -0.0177434,-0.00183038,-0.00449478, 0.0980267, 0.0982295, 0.0997242, 0.434493, 0.469791, 0.446934
0.999963,0.00560663, 0.00587305, 0.00295038, -0.0153206,-0.00978024,-0.00530906, 0.0979672, 0.0980601, 0.0996143, 0.433013, 0.454874, 0.435089
0.999962,0.00556765, 0.00595623, 0.00299757, -0.0137131,-0.0212962,-0.0059113, 0.0979347, 0.097889, 0.0994935, 0.432555, 0.4344, 0.420849
0.999961,0.00567334, 0.00607976, 0.00305055, -0.0130624,-0.0337308,-0.00558948, 0.0979194, 0.0977258, 0.0993711, 0.432441, 0.413088, 0.406794
0.999959,0.00581028, 0.00619802, 0.00310564, -0.0122125,-0.0478124,-0.0047918, 0.0979133, 0.097577, 0.0992504, 0.432331, 0.394615, 0.394656
0.999959,0.0056498, 0.00627023, 0.00316222, -0.00951837,-0.0651783,-0.00790327, 0.0979058, 0.097463, 0.0991451, 0.431931, 0.381677, 0.385873
0.999959,0.00560791, 0.00634627, 0.00318502, -0.00861261,-0.0757098,-0.0107503, 0.0979045, 0.0973771, 0.0990658, 0.431802, 0.374053, 0.380596
0.999958,0.00568093, 0.00639193, 0.0031786, -0.00869348,-0.0807907,-0.013541, 0.0979029, 0.0973099, 0.0989962, 0.431758, 0.370461, 0.377223
0.999958,0.00580195, 0.00639457, 0.00316017, -0.00848063,-0.082855,-0.0161092, 0.0979004, 0.0972498, 0.0989289, 0.431724, 0.369293, 0.37438
0.999958,0.00575844, 0.00637172, 0.00315384, -0.00752476,-0.0836912,-0.0183403, 0.0978912, 0.0971947, 0.0988622, 0.43138, 0.369055, 0.371259
0.999958,0.005744, 0.00636164, 0.00312533, -0.00674224,-0.0824959,-0.0216514, 0.0978848, 0.0971489, 0.098817, 0.431194, 0.368181, 0.367127
0.999958,0.00579247, 0.00635162, 0.00310813, -0.00661467,-0.0814875,-0.0229118, 0.0978757, 0.097104, 0.0987812, 0.431154, 0.365397, 0.361395
0.999958,0.00581222, 0.00635024, 0.00310708, -0.00662264,-0.0813221,-0.0228033, 0.0978658, 0.0970545, 0.0987563, 0.431074, 0.359823, 0.353997
0.999958,0.00581252, 0.00634164, 0.00311422, -0.00678502,-0.0819869,-0.022043, 0.0978557, 0.0969965, 0.0987407, 0.430852, 0.350987, 0.344515
0.999958,0.00580879, 0.00635877, 0.00315162, -0.00743329,-0.0872144,-0.0190224, 0.0978474, 0.0969274, 0.0987312, 0.430689, 0.339813, 0.332777
0.999958,0.00580267, 0.00638422, 0.00319694, -0.00799662,-0.0942039,-0.0161985, 0.0978378, 0.0968448, 0.098726, 0.430549, 0.328179, 0.319946
0.999957,0.00580251, 0.00640799, 0.00323888, -0.00837908,-0.10089,-0.0145905, 0.0978244, 0.0967511, 0.0987238, 0.430417, 0.317534, 0.307291
0.999957,0.00579704, 0.00645637, 0.00331378, -0.0084763,-0.10941,-0.0115279, 0.0978058, 0.0966536, 0.0987222, 0.430329, 0.30865, 0.295588
0.999956,0.0057939, 0.00650555, 0.00338256, -0.00826152,-0.1166,-0.00942953, 0.0977807, 0.0965558, 0.0987186, 0.430249, 0.301589, 0.285343
0.999956,0.0057943, 0.00654547, 0.00343889, -0.00805413,-0.121673,-0.00820057, 0.0977511, 0.0964628, 0.0987121, 0.430178, 0.296274, 0.276844
0.999955,0.0058163, 0.00657094, 0.00348067, -0.00810907,-0.124493,-0.00716527, 0.0977228, 0.0963769, 0.0987004, 0.430092, 0.292253, 0.269883
0.999955,0.00585033, 0.00658367, 0.00350143, -0.00806383,-0.125906,-0.00662895, 0.0977003, 0.0962953, 0.0986758, 0.429929, 0.288926, 0.263754
0.999955,0.00581321, 0.00661712, 0.00355165, -0.00804015,-0.127774,-0.00477492, 0.0976823, 0.0962151, 0.0986339, 0.429596, 0.286025, 0.258124
0.999954,0.00582093, 0.00667396, 0.00358717, -0.00806684,-0.130548,-0.00280678, 0.0976723, 0.0961135, 0.0985581, 0.429184, 0.282967, 0.25256
0.999954,0.00581594, 0.0066615, 0.00360048, -0.00827903,-0.131866,-0.00177017, 0.0976638, 0.095979, 0.0984376, 0.428613, 0.279569, 0.246934
0.999953,0.00598229, 0.00670081, 0.00358132, -0.00881149,-0.133,-0.000353919, 0.0976592, 0.0958455, 0.0983126, 0.428123, 0.276386, 0.241866
0.999952,0.0060929, 0.0067812, 0.00358579, -0.00906408,-0.13447,0.000970039, 0.097649, 0.0957244, 0.0981895, 0.427474, 0.274006, 0.237875
0.999952,0.00597639, 0.00682558, 0.00362042, -0.0086316,-0.136001,0.00190616, 0.0976315, 0.0955873, 0.0980433, 0.426384, 0.272143, 0.234817
0.999953,0.00578672, 0.00684906, 0.00365459, -0.00847576,-0.136932,0.00288567, 0.0976203, 0.095427, 0.0978785, 0.425439, 0.270295, 0.232469
0.999953,0.00576994, 0.00687488, 0.00362954, -0.00778091,-0.139741,0.00329127, 0.0976128, 0.0952517, 0.0977008, 0.425003, 0.268007, 0.230713
0.999954,0.00560577, 0.00689403, 0.00355568, -0.00784496,-0.145197,0.00378994, 0.0976021, 0.0950735, 0.0975196, 0.424812, 0.264986, 0.229453
0.999956,0.00544328, 0.00690036, 0.00341959, -0.0106475,-0.151842,0.00482081, 0.0975815, 0.0948989, 0.0973401, 0.424447, 0.260969, 0.228496
0.999956,0.00551827, 0.00687119, 0.00325933, -0.0155342,-0.15778,0.00646742, 0.0975486, 0.0947404, 0.0971713, 0.423316, 0.256077, 0.227605
0.999956,0.00552807, 0.00685903, 0.0031798, -0.0181572,-0.159972,0.00787075, 0.0975147, 0.0945966, 0.0970165, 0.421919, 0.250704, 0.226618
0.999955,0.00561706, 0.00689206, 0.00321271, -0.0174386,-0.15811,0.00771913, 0.097482, 0.0944727, 0.0968847, 0.420821, 0.245351, 0.225442
0.999954,0.00570222, 0.00693251, 0.00327988, -0.0164815,-0.155749,0.00650232, 0.0974529, 0.0943536, 0.0967683, 0.420488, 0.24035, 0.223997
0.999955,0.0055861, 0.00698917, 0.00329029, -0.0164574,-0.155917,0.00672946, 0.0974235, 0.0942141, 0.0966437, 0.420483, 0.235657, 0.222216
0.999955,0.00555523, 0.00701583, 0.00326638, -0.0162268,-0.156999,0.00758293, 0.0974012, 0.094064, 0.096521, 0.420426, 0.231205, 0.220369
0.999955,0.00558313, 0.00701074, 0.00323713, -0.0158738,-0.157765,0.00844436, 0.0973862, 0.0939417, 0.0964305, 0.420283, 0.227286, 0.218622
0.999955,0.0055635, 0.00700244, 0.00321629, -0.0152297,-0.157901,0.00924226, 0.0973747, 0.0938595, 0.0963796, 0.419858, 0.224106, 0.21683
0.999955,0.00554933, 0.00697897, 0.00323279, -0.0153033,-0.157179,0.00865211, 0.097358, 0.0938056, 0.0963544, 0.41922, 0.221581, 0.214742
0.999955,0.00555515, 0.00695468, 0.00325891, -0.0154284,-0.156721,0.00788433, 0.097329, 0.0937676, 0.0963413, 0.418564, 0.219632, 0.212134
0.999955,0.00556054, 0.00693181, 0.00329208, -0.0157206,-0.156569,0.00698279, 0.0972856, 0.0937422, 0.0963343, 0.417777, 0.218222, 0.208835
0.999955,0.00556548, 0.00691064, 0.00334149, -0.0165079,-0.156873,0.00571635, 0.0972332, 0.0937267, 0.0963331, 0.417033, 0.217232, 0.204615
0.999955,0.00557346, 0.00688827, 0.00341768, -0.0176327,-0.157852,0.00399582, 0.0971803, 0.0937146, 0.0963313, 0.416642, 0.216473, 0.199512
0.999955,0.00559015, 0.00687252, 0.0034932, -0.0182319,-0.159197,0.002674, 0.0971329, 0.0937054, 0.0963245, 0.416575, 0.215814, 0.193947
0.999955,0.00558619, 0.00686101, 0.0035595, -0.0179074,-0.160421,0.00183033, 0.0970913, 0.0937001, 0.0963113, 0.416514, 0.21519, 0.188502
0.999954,0.00556247, 0.00684565, 0.00364053, -0.0172063,-0.161826,0.000542362, 0.0970578, 0.093694, 0.0962936, 0.416325, 0.214444, 0.183465
0.999954,0.00558383, 0.00682279, 0.0037238, -0.0169267,-0.163499,-0.00159196, 0.097029, 0.0936706, 0.0962574, 0.416231, 0.213369, 0.178737
0.999954,0.00559832, 0.00677381, 0.00383517, -0.0168063,-0.165742,-0.00470396, 0.0969936, 0.0936025, 0.0961745, 0.416183, 0.211862, 0.174081
0.999954,0.00559026, 0.00671951, 0.00397798, -0.0168961,-0.168585,-0.00746329, 0.0969472, 0.0934726, 0.0960324, 0.416158, 0.209949, 0.16948
0.999954,0.00541492, 0.00668003, 0.00415286, -0.0176066,-0.171993,-0.0097367, 0.0968913, 0.0932929, 0.0958477, 0.416093, 0.207879, 0.165215
0.999954,0.00538388, 0.00662743, 0.00434205, -0.0198049,-0.175893,-0.0112757, 0.0968302, 0.0930765, 0.0956319, 0.415785, 0.205935, 0.161655
0.999954,0.00532254, 0.00660009, 0.00449732, -0.0238671,-0.180024,-0.0116679, 0.0967731, 0.0928289, 0.0953801, 0.415041, 0.204293, 0.15884
0.999954,0.00521436, 0.00662408, 0.00459041, -0.0286783,-0.183452,-0.0115206, 0.0967315, 0.0925943, 0.0951319, 0.413869, 0.203106, 0.156872
0.999954,0.00519259, 0.00665801, 0.00464903, -0.0328392,-0.185527,-0.0116511, 0.0967075, 0.0924037, 0.0949224, 0.41247, 0.202417, 0.155782
0.999952,0.00534866, 0.00667544, 0.00467903, -0.0354593,-0.186397,-0.0118136, 0.0966968, 0.0922555, 0.0947571, 0.411282, 0.202073, 0.155376
0.999952,0.00538698, 0.00669417, 0.00470788, -0.0366276,-0.186782,-0.0118808, 0.0966905, 0.0921304, 0.0946165, 0.410746, 0.201777, 0.155314
0.999952,0.00537586, 0.00669905, 0.00475479, -0.0367282,-0.187256,-0.012164, 0.0966831, 0.0920143, 0.0944868, 0.41055, 0.201202, 0.155275
0.999952,0.00522778, 0.00667608, 0.00482456, -0.0361545,-0.187711,-0.0128796, 0.096674, 0.091894, 0.0943546, 0.410465, 0.200105, 0.155006
0.999953,0.00512893, 0.00667325, 0.00487296, -0.0359664,-0.187959,-0.0136654, 0.0966628, 0.0917822, 0.0942319, 0.410452, 0.198392, 0.154292
0.999952,0.00526975, 0.00666536, 0.00489403, -0.0362239,-0.188593,-0.0148672, 0.0966496, 0.0916737, 0.0941085, 0.410318, 0.19612, 0.153066
0.999952,0.00520672, 0.0066228, 0.00496944, -0.0364705,-0.190381,-0.0169686, 0.096635, 0.0915706, 0.0939845, 0.410118, 0.193535, 0.151534
0.999952,0.00519803, 0.00661444, 0.00503037, -0.0365821,-0.192234,-0.0191549, 0.0966203, 0.0914997, 0.0938863, 0.409926, 0.191054, 0.149793
0.999952,0.00521521, 0.00659397, 0.00507335, -0.0363856,-0.19381,-0.0216247, 0.0966021, 0.0914544, 0.0938074, 0.409742, 0.188969, 0.147935
0.999951,0.00520665, 0.00662836, 0.00510243, -0.0368265,-0.195161,-0.0228484, 0.0965747, 0.0914122, 0.0937236, 0.409468, 0.187293, 0.146053
0.999951,0.00522459, 0.00663879, 0.00509947, -0.0369302,-0.195455,-0.023209, 0.0965448, 0.0913713, 0.0936422, 0.408994, 0.186002, 0.144209
0.999951,0.00524308, 0.00663896, 0.00508064, -0.0366275,-0.195182,-0.0228932, 0.096514, 0.0913532, 0.093593, 0.40847, 0.185286, 0.142355
0.999951,0.00526728, 0.00662778, 0.00512407, -0.0369574,-0.195441,-0.0237617, 0.0964806, 0.0913445, 0.0935656, 0.408124, 0.18509, 0.140353
0.999951,0.00526992, 0.00660807, 0.00513151, -0.0377973,-0.195345,-0.0233292, 0.0964413, 0.0913318, 0.0935428, 0.407805, 0.185071, 0.138181
0.999951,0.00528811, 0.00659684, 0.00516138, -0.0378415,-0.195233,-0.0238599, 0.0964055, 0.0913152, 0.0935236, 0.40713, 0.18501, 0.136207
0.999951,0.00532067, 0.00659749, 0.00516694, -0.0380274,-0.19528,-0.0236747, 0.0963787, 0.0912967, 0.0935146, 0.40688, 0.184761, 0.134329
0.999951,0.00532404, 0.00659132, 0.00520294, -0.0376478,-0.195164,-0.0239597, 0.0963442, 0.0912617, 0.0934888, 0.406833, 0.184166, 0.132495
0.999949,0.00535764, 0.00670566, 0.00526119, -0.0367985,-0.196636,-0.0231915, 0.0963168, 0.091191, 0.0934418, 0.406546, 0.183107, 0.130727
0.999949,0.00539904, 0.00678729, 0.00525014, -0.0390133,-0.199504,-0.021989, 0.0962967, 0.0910746, 0.0933556, 0.40584, 0.181556, 0.129066
0.999949,0.00558913, 0.00658087, 0.00514552, -0.0402243,-0.200121,-0.0208557, 0.0962795, 0.0908943, 0.0932001, 0.40454, 0.179633, 0.127458
0.999951,0.00547003, 0.00644806, 0.00513577, -0.040511,-0.200005,-0.0205087, 0.0962604, 0.0906782, 0.0929967, 0.403125, 0.17771, 0.125987
0.999951,0.00551116, 0.00639609, 0.00511634, -0.0409273,-0.200472,-0.0204016, 0.0962479, 0.0904582, 0.0927844, 0.402156, 0.176166, 0.12467
0.999952,0.0054356, 0.00635035, 0.00512327, -0.0414135,-0.20126,-0.0205689, 0.0962414, 0.0902499, 0.0925792, 0.4017, 0.17519, 0.123595
0.999952,0.00535774, 0.00631876, 0.00513565, -0.0422858,-0.202265,-0.0211032, 0.0962395, 0.0900384, 0.0923667, 0.401571, 0.174723, 0.122725
0.999954,0.00518385, 0.0062964, 0.00511594, -0.0451755,-0.203856,-0.0222676, 0.096235, 0.0897937, 0.0921156, 0.401222, 0.174503, 0.121973
0.999955,0.00498302, 0.00624275, 0.0050588, -0.049759,-0.205459,-0.023004, 0.0962116, 0.0895301, 0.0918403, 0.399666, 0.174166, 0.12129
0.999955,0.00512985, 0.00619164, 0.0050304, -0.0538656,-0.206366,-0.0231536, 0.0961635, 0.0892961, 0.0915914, 0.396291, 0.173425, 0.120734
0.999954,0.00532779, 0.00611752, 0.00511743, -0.0527024,-0.205415,-0.0226426, 0.0961117, 0.0891095, 0.0913986, 0.392648, 0.172195, 0.120412
0.999952,0.00551064, 0.00607917, 0.00528144, -0.0486727,-0.202969,-0.0221489, 0.0960615, 0.0889646, 0.0912534, 0.390293, 0.170516, 0.120283
0.999952,0.00546113, 0.00607822, 0.00535243, -0.0453617,-0.20083,-0.0217498, 0.0960066, 0.0888447, 0.0911309, 0.389052, 0.168488, 0.120145
0.999952,0.00541444, 0.00606754, 0.00541627, -0.0421818,-0.19867,-0.0215386, 0.0959547, 0.0887421, 0.0910313, 0.387888, 0.166263, 0.119838
0.999952,0.00537963, 0.00603211, 0.00549044, -0.0394453,-0.19631,-0.0216209, 0.0959046, 0.0886477, 0.0909433, 0.386479, 0.164006, 0.119325
0.999952,0.00538252, 0.00599611, 0.00548722, -0.035713,-0.195208,-0.0212039, 0.0958578, 0.0885751, 0.0908807, 0.384611, 0.161982, 0.118622
0.999953,0.00535789, 0.00596918, 0.00547548, -0.0315796,-0.194571,-0.0207407, 0.0958171, 0.0885339, 0.0908532, 0.382615, 0.160469, 0.117753
0.999953,0.00533474, 0.00594434, 0.00551358, -0.029619,-0.193685,-0.0210711, 0.0957798, 0.0885106, 0.0908455, 0.381367, 0.159519, 0.11676
0.999953,0.00532105, 0.00592913, 0.00554681, -0.0284505,-0.193155,-0.0215855, 0.0957423, 0.0884967, 0.0908443, 0.380661, 0.159066, 0.115534
0.999952,0.00530998, 0.00592568, 0.00563642, -0.0293078,-0.192736,-0.0228747, 0.0957011, 0.0884849, 0.0908381, 0.38035, 0.158942, 0.113981
0.999952,0.00527441, 0.0059317, 0.00570757, -0.030152,-0.192693,-0.0240215, 0.0956615, 0.0884713, 0.0908231, 0.380045, 0.158932, 0.112128
0.999952,0.00531924, 0.00591436, 0.00576314, -0.0309935,-0.192918,-0.0252836, 0.0956261, 0.0884466, 0.0907919, 0.379776, 0.158874, 0.110071
0.999952,0.00534886, 0.00586981, 0.00582306, -0.0316531,-0.193423,-0.0265545, 0.0955882, 0.08839, 0.0907191, 0.379467, 0.158638, 0.107818
0.999952,0.00530955, 0.00582877, 0.00589168, -0.0317329,-0.194114,-0.0274227, 0.095549, 0.088291, 0.0905945, 0.378915, 0.158175, 0.105427
0.999952,0.00524493, 0.00579632, 0.00598044, -0.030379,-0.195027,-0.0274294, 0.0955166, 0.0881576, 0.0904303, 0.378185, 0.157561, 0.10309
0.999952,0.00513133, 0.00581292, 0.00606257, -0.0280702,-0.195868,-0.0264568, 0.0954983, 0.0880145, 0.0902538, 0.377575, 0.156958, 0.101069
0.999952,0.00496343, 0.00583021, 0.00612193, -0.0266424,-0.196457,-0.0251196, 0.0954918, 0.087874, 0.0900794, 0.377335, 0.156499, 0.0995529
0.999953,0.00479098, 0.00583455, 0.00616406, -0.0272616,-0.196386,-0.0234733, 0.0954881, 0.08777, 0.0899475, 0.377259, 0.156235, 0.0986133
0.999953,0.0047188, 0.00581689, 0.00619687, -0.0302855,-0.194867,-0.0219249, 0.0954799, 0.0877314, 0.0898936, 0.377021, 0.156008, 0.0981884
0.999953,0.00468585, 0.00578759, 0.00622956, -0.0331829,-0.192361,-0.0209409, 0.0954603, 0.0877217, 0.0898823, 0.376672, 0.155418, 0.0980346
0.999953,0.00467601, 0.00576327, 0.00625694, -0.0346247,-0.19026,-0.0204752, 0.0954251, 0.0877137, 0.0898797, 0.376412, 0.154247, 0.0979009
0.999953,0.0046773, 0.0057449, 0.00628745, -0.0349687,-0.188681,-0.0202687, 0.0953786, 0.0877068, 0.0898781, 0.376348, 0.152534, 0.0976347
0.999953,0.00467566, 0.00571614, 0.0063307, -0.034496,-0.18661,-0.0200906, 0.0953268, 0.0877014, 0.089873, 0.376291, 0.150451, 0.0971731
0.999953,0.00467436, 0.00568574, 0.00637188, -0.0337903,-0.184748,-0.0200486, 0.0952786, 0.0876968, 0.0898669, 0.376176, 0.14827, 0.0965445
0.999953,0.0046736, 0.00566007, 0.00639338, -0.0333019,-0.183242,-0.0200348, 0.0952371, 0.0876932, 0.0898583, 0.376097, 0.146232, 0.0958091
0.999953,0.00467346, 0.00564769, 0.00638301, -0.0332087,-0.182296,-0.0198296, 0.0952036, 0.0876901, 0.089847, 0.376076, 0.14448, 0.0950326
0.999953,0.00469512, 0.00565341, 0.00635176, -0.0338206,-0.18196,-0.0190901, 0.0951739, 0.087684, 0.089834, 0.375936, 0.143089, 0.0943279
0.999953,0.00472542, 0.00567916, 0.00632276, -0.0361873,-0.182428,-0.0181321, 0.0951348, 0.0876614, 0.0898237, 0.374933, 0.142045, 0.0938155
0.999953,0.00473457, 0.00569397, 0.00627284, -0.0392947,-0.182861,-0.017719, 0.0950639, 0.0876038, 0.0898168, 0.371298, 0.141195, 0.0935409
0.999952,0.0047512, 0.00572794, 0.00634611, -0.0409608,-0.183894,-0.017636, 0.0949633, 0.0875172, 0.0898116, 0.363746, 0.140357, 0.0934299
0.999952,0.00475979, 0.00576113, 0.00636163, -0.0405557,-0.184888,-0.0177472, 0.0948459, 0.0874109, 0.089806, 0.352858, 0.139415, 0.0933626
0.999953,0.00476071, 0.00574024, 0.0062693, -0.0356449,-0.185071,-0.0177238, 0.094724, 0.0872978, 0.0898003, 0.340649, 0.138351, 0.0932545
0.999955,0.00476421, 0.00567648, 0.00599088, -0.0285016,-0.185175,-0.0175369, 0.0946163, 0.0872019, 0.0897973, 0.329885, 0.13725, 0.0931176
0.999954,0.00477867, 0.00566718, 0.00605737, -0.0240384,-0.185746,-0.0174337, 0.0945012, 0.0871204, 0.0897844, 0.321636, 0.136174, 0.0929956
0.999954,0.00481786, 0.0057219, 0.0059987, -0.0205302,-0.186404,-0.0172828, 0.0943853, 0.0870407, 0.0897746, 0.315652, 0.135116, 0.0928604
0.999954,0.00484863, 0.00576075, 0.0059173, -0.0176052,-0.187055,-0.0170327, 0.0942478, 0.0869543, 0.0897597, 0.311241, 0.134014, 0.0926867
0.999954,0.0048838, 0.00574449, 0.00599382, -0.0141627,-0.187336,-0.016528, 0.0941054, 0.0868757, 0.0897375, 0.308096, 0.132898, 0.0924777
0.999953,0.00491991, 0.00570968, 0.00612933, -0.0128419,-0.187536,-0.0161518, 0.0939838, 0.0868046, 0.0897273, 0.306217, 0.131825, 0.0922754
0.999953,0.00494263, 0.00564926, 0.006193, -0.0136064,-0.187929,-0.0158786, 0.0938743, 0.086737, 0.0897218, 0.304938, 0.130834, 0.0921046
0.999952,0.00496366, 0.00559284, 0.00627465, -0.016094,-0.188278,-0.0158386, 0.09379, 0.0866852, 0.089713, 0.303295, 0.130011, 0.0919836
0.999952,0.00496675, 0.00557835, 0.00630578, -0.0188899,-0.188396,-0.0159945, 0.0937315, 0.0866501, 0.0896948, 0.30017, 0.129373, 0.0918941
0.999952,0.00498861, 0.00552676, 0.00631305, -0.0206523,-0.188349,-0.0162512, 0.0936918, 0.0866216, 0.0896761, 0.295642, 0.128819, 0.0918234
0.999952,0.00503224, 0.00548275, 0.00634865, -0.0200531,-0.188474,-0.0164185, 0.0936682, 0.0866007, 0.0896592, 0.290184, 0.128316, 0.0917842
0.999952,0.00507186, 0.00544671, 0.00638635, -0.0171174,-0.188756,-0.0164667, 0.0936538, 0.0865842, 0.0896476, 0.284203, 0.12784, 0.0917658
0.999952,0.00510292, 0.005415, 0.00641977, -0.0130201,-0.189108,-0.0164219, 0.093644, 0.0865713, 0.089642, 0.278205, 0.127387, 0.0917502
0.999952,0.00511726, 0.00539661, 0.00644513, -0.00852701,-0.189561,-0.0163095, 0.0936366, 0.0865611, 0.0896408, 0.272324, 0.126954, 0.0917191
0.999951,0.00511994, 0.00539148, 0.00647081, -0.00434156,-0.190084,-0.0161425, 0.093626, 0.086551, 0.0896396, 0.266524, 0.126561, 0.0916639
0.999951,0.00514826, 0.00539842, 0.00647831, -0.00177573,-0.190555,-0.0162189, 0.0936029, 0.0865352, 0.0896352, 0.260623, 0.126225, 0.0915801
0.99995,0.00518193, 0.00541969, 0.00655491, 0.000723401,-0.191372,-0.0161784, 0.0935523, 0.0865057, 0.0896265, 0.254451, 0.125938, 0.0914696
0.99995,0.00521594, 0.00543001, 0.0066261, 0.00262464,-0.19212,-0.0161774, 0.0934666, 0.0864544, 0.0896166, 0.24816, 0.125687, 0.0913312
0.999951,0.00519782, 0.00544353, 0.00645732, 0.004911,-0.192691,-0.016117, 0.0933335, 0.0863735, 0.089605, 0.241888, 0.125448, 0.0911722
0.999951,0.00519645, 0.00545548, 0.00640078, 0.00770632,-0.193166,-0.0159317, 0.0931529, 0.0862616, 0.0895891, 0.235833, 0.125211, 0.091019
0.999951,0.00520245, 0.00542445, 0.00642795, 0.0103498,-0.193498,-0.0157063, 0.0929548, 0.0861375, 0.0895708, 0.230591, 0.124981, 0.0908926
0.999951,0.00520642, 0.00534663, 0.00654143, 0.0131489,-0.193642,-0.0154435, 0.092754, 0.0860083, 0.0895563, 0.226498, 0.124756, 0.0908024
0.99995,0.00521586, 0.00530114, 0.00668007, 0.0154015,-0.193684,-0.0152319, 0.0925474, 0.085871, 0.0895446, 0.223463, 0.124519, 0.0907459
0.999948,0.00522103, 0.00529037, 0.00695557, 0.0169532,-0.193658,-0.0150781, 0.0923462, 0.0857339, 0.0895324, 0.221248, 0.124256, 0.0907139
0.999948,0.00521606, 0.00532038, 0.00700482, 0.0178339,-0.193441,-0.0150155, 0.0921468, 0.085591, 0.0895189, 0.219403, 0.12393, 0.0906909
0.999948,0.00519596, 0.00533011, 0.00690082, 0.0178682,-0.193099,-0.0150484, 0.0919586, 0.0854491, 0.0895043, 0.217507, 0.123509, 0.0906644
0.999947,0.00519714, 0.00536301, 0.00702601, 0.0178372,-0.192917,-0.0150631, 0.0917651, 0.0852971, 0.0894885, 0.215141, 0.122934, 0.0906142
0.999946,0.00519499, 0.00542981, 0.00713848, 0.0174407,-0.192856,-0.0151067, 0.0916109, 0.0851732, 0.089474, 0.212375, 0.122254, 0.0905349
0.999947,0.0051766, 0.00547088, 0.00708856, 0.0168095,-0.192933,-0.0151872, 0.0914959, 0.0850804, 0.0894612, 0.209441, 0.121556, 0.0904299
0.999946,0.00518044, 0.00546214, 0.00712175, 0.0163248,-0.192942,-0.0152541, 0.0913964, 0.085002, 0.089452, 0.206494, 0.120884, 0.0903012
0.999946,0.00523335, 0.00546829, 0.00710282, 0.0130813,-0.190723,-0.0157047, 0.0913099, 0.0849388, 0.0894463, 0.203723, 0.120284, 0.0901703
0.999947,0.00525195, 0.00542598, 0.00703237, 0.0101617,-0.189199,-0.0161166, 0.0912399, 0.0848873, 0.0894423, 0.20135, 0.119785, 0.0900467
0.999946,0.00525714, 0.00545195, 0.00717075, 0.00895015,-0.188635,-0.0162856, 0.0911777, 0.0848412, 0.0894398, 0.199473, 0.119375, 0.0899429
0.999945,0.00524366, 0.00549035, 0.00725578, 0.00883106,-0.188701,-0.0163278, 0.0911267, 0.0848061, 0.0894379, 0.198132, 0.11903, 0.0898786
0.999945,0.00525481, 0.00546464, 0.00719924, 0.00847076,-0.188526,-0.0164107, 0.0910936, 0.0847889, 0.0894348, 0.197345, 0.118734, 0.0898462
0.999946,0.00525495, 0.00543459, 0.00712217, 0.00885007,-0.188405,-0.0164253, 0.0910769, 0.0847805, 0.0894325, 0.197048, 0.11843, 0.0898324
0.999946,0.00526459, 0.00543675, 0.0070854, 0.0094707,-0.188367,-0.0163388, 0.0910607, 0.084773, 0.0894247, 0.196865, 0.118044, 0.0898239
0.999946,0.00526244, 0.00544921, 0.00705889, 0.00953001,-0.18846,-0.0163128, 0.0910496, 0.0847639, 0.0894208, 0.196536, 0.117531, 0.0898205
0.999946,0.00524543, 0.00549992, 0.00710127, 0.00904127,-0.188782,-0.0163562, 0.0910348, 0.0847501, 0.0894143, 0.19591, 0.11689, 0.0898141
0.999946,0.00532041, 0.00550593, 0.0070385, 0.00892336,-0.187121,-0.0165751, 0.0910068, 0.0847218, 0.0894076, 0.194786, 0.116144, 0.0897943
0.999946,0.00538501, 0.00552687, 0.00694871, 0.00739563,-0.18485,-0.0168861, 0.0909444, 0.0846728, 0.0893877, 0.193056, 0.115329, 0.0897586
0.999946,0.00550773, 0.00548538, 0.00683854, 0.00678154,-0.181293,-0.0171263, 0.0908485, 0.0846075, 0.0893499, 0.190933, 0.114517, 0.0897061
0.999947,0.00547111, 0.00551168, 0.00682598, 0.00464947,-0.179325,-0.0175699, 0.0907017, 0.0845211, 0.0892897, 0.188691, 0.113773, 0.0896386
0.999945,0.00537612, 0.00562151, 0.00700419, 0.00243872,-0.178551,-0.0179665, 0.0905066, 0.0844018, 0.0892255, 0.186537, 0.11315, 0.0895665
0.999943,0.00528646, 0.00575322, 0.00727484, 0.000818181,-0.178493,-0.0181668, 0.0902775, 0.0842468, 0.0891739, 0.184675, 0.112681, 0.0895129
0.999943,0.00534684, 0.00574227, 0.00723377, 0.00232139,-0.175861,-0.0180647, 0.0900418, 0.0840803, 0.089134, 0.183273, 0.112378, 0.0894876
0.999944,0.00545786, 0.00574535, 0.00699525, 0.010929,-0.169874,-0.0172442, 0.0898086, 0.0839293, 0.0890866, 0.182409, 0.112222, 0.0894763
0.999946,0.00541641, 0.00574597, 0.00678705, 0.0158577,-0.167982,-0.0168715, 0.0895034, 0.0837915, 0.0889544, 0.182009, 0.112168, 0.0894717
0.999948,0.00521055, 0.00578082, 0.00652607, 0.0180916,-0.167803,-0.0168343, 0.0891873, 0.0836633, 0.088795, 0.181847, 0.11216, 0.0894699
0.999949,0.00512815, 0.00589564, 0.00642683, 0.0183597,-0.167956,-0.0168921, 0.0888945, 0.0835351, 0.0886466, 0.181588, 0.112126, 0.0894633
0.999948,0.00524645, 0.00587236, 0.00647654, 0.0170556,-0.166974,-0.0168994, 0.0886702, 0.0834155, 0.0885483, 0.181006, 0.112006, 0.0894516
0.999948,0.00539119, 0.00574854, 0.00650448, 0.0160193,-0.164617,-0.0168607, 0.0885359, 0.083322, 0.0885113, 0.180132, 0.111771, 0.0894402
0.999947,0.00558238, 0.00558994, 0.00665816, 0.0155757,-0.161028,-0.0167119, 0.0884488, 0.0832489, 0.0885015, 0.179015, 0.111417, 0.089426
0.999946,0.0057887, 0.00541608, 0.00673634, 0.0154545,-0.156819,-0.0164568, 0.0883717, 0.0831892, 0.0884911, 0.177795, 0.110965, 0.0893971
0.999946,0.00598318, 0.00526384, 0.00672975, 0.0154783,-0.152461,-0.0160689, 0.0882788, 0.0831452, 0.0884537, 0.176556, 0.11047, 0.0893341
0.999946,0.00612973, 0.00517605, 0.00663768, 0.0159353,-0.148768,-0.0156053, 0.08816, 0.0831158, 0.0883849, 0.175395, 0.110004, 0.0892453
0.999947,0.00622689, 0.00511238, 0.00648571, 0.0167672,-0.145792,-0.015204, 0.088011, 0.0830972, 0.0882907, 0.174452, 0.10963, 0.0891563
0.999947,0.00627868, 0.00505198, 0.00636879, 0.0177547,-0.143738,-0.0149761, 0.0878283, 0.0830813, 0.0881742, 0.173839, 0.109374, 0.0890972
0.999948,0.00631559, 0.00500534, 0.00625157, 0.0187257,-0.142464,-0.0148814, 0.0876171, 0.0830638, 0.0880435, 0.173535, 0.109226, 0.0890707
0.999948,0.00640249, 0.00495439, 0.00626423, 0.0195749,-0.141858,-0.0148064, 0.0873877, 0.0830404, 0.087911, 0.173415, 0.109159, 0.0890612
0.999946,0.00664409, 0.00494506, 0.00627678, 0.019901,-0.141572,-0.014792, 0.0871474, 0.0830091, 0.0877919, 0.173344, 0.10914, 0.0890605
0.999946,0.00673959, 0.00498851, 0.00619711, 0.0196121,-0.141567,-0.0148369, 0.0868907, 0.0829642, 0.0876971, 0.173125, 0.109135, 0.0890558
0.999951,0.00629697, 0.00471356, 0.00601433, 0.0276924,-0.143747,-0.0138713, 0.0866232, 0.0828886, 0.0876313, 0.172558, 0.109095, 0.0890382
0.999942,0.0077945, 0.00472939, 0.00573836, 0.0320506,-0.151189,-0.0125364, 0.086232, 0.0827447, 0.0874829, 0.171628, 0.109002, 0.0890133
0.999934,0.00864845, 0.00478927, 0.00592914, 0.0363089,-0.157022,-0.0113434, 0.08545, 0.082567, 0.0870904, 0.170308, 0.108849, 0.0889843
0.999932,0.00876886, 0.00448756, 0.00617365, 0.0389417,-0.159167,-0.0109455, 0.0845042, 0.0823883, 0.0866132, 0.169004, 0.108676, 0.0889602
0.999946,0.00653684, 0.00375378, 0.00715182, 0.0433911,-0.155209,-0.0106462, 0.0836773, 0.0822181, 0.0862521, 0.168042, 0.108536, 0.088947
0.999949,0.00449599, 0.00327428, 0.0084109, 0.0475376,-0.152097,-0.00991172, 0.0832173, 0.0820338, 0.0861104, 0.16759, 0.10847, 0.0889412
0.999948,0.0031995, 0.00294265, 0.00921769, 0.0546477,-0.150043,-0.00854022, 0.0829689, 0.0818242, 0.0860356, 0.167448, 0.108447, 0.0889333
0.999951,0.00192793, 0.00263602, 0.00929242, 0.0541602,-0.14984,-0.007275, 0.0828025, 0.0815031, 0.0858385, 0.167415, 0.108436, 0.0889176
0.999954,0.000156261, 0.00234476, 0.00927953, 0.0528953,-0.150938,-0.0066455, 0.0826952, 0.081165, 0.0855575, 0.167363, 0.108407, 0.0889088
0.999951,-0.00220048, 0.0022511, 0.00942466, 0.05374,-0.152942,-0.00569164, 0.0825727, 0.0808993, 0.0852506, 0.167178, 0.108356, 0.0888944
0.999939,-0.00505735, 0.00231197, 0.00950243, 0.0574089,-0.155953,-0.0040448, 0.0823929, 0.0807262, 0.0849554, 0.16681, 0.108279, 0.0888706
0.999922,-0.00770902, 0.00236311, 0.00956196, 0.0606903,-0.16043,-0.00272435, 0.082138, 0.0806299, 0.0846647, 0.166297, 0.108166, 0.0888566
0.999919,-0.00830504, 0.00237413, 0.00932451, 0.0585192,-0.163822,-0.00271262, 0.0817748, 0.0805513, 0.0843145, 0.165647, 0.108013, 0.0888535
0.999923,-0.00841437, 0.00244476, 0.0087494, 0.0566251,-0.164976,-0.00316572, 0.0813421, 0.0804792, 0.0839258, 0.164859, 0.107845, 0.0888364
0.999917,-0.00959703, 0.0025347, 0.00818126, 0.0585306,-0.16722,-0.00394099, 0.0809767, 0.0804262, 0.0836277, 0.164175, 0.107706, 0.0888139
0.999902,-0.0112844, 0.00257536, 0.00786977, 0.0625843,-0.16998,-0.00465866, 0.0806425, 0.080357, 0.0833835, 0.16371, 0.107606, 0.0887984
0.999883,-0.0129686, 0.00255279, 0.00770745, 0.0661009,-0.172735,-0.00514205, 0.0803336, 0.0802406, 0.083159, 0.163475, 0.107541, 0.08879
0.999862,-0.0144618, 0.00230005, 0.00778882, 0.0673803,-0.17506,-0.00543733, 0.0800521, 0.0800574, 0.0829271, 0.163402, 0.107496, 0.0887825
0.999842,-0.0157454, 0.00188654, 0.00800154, 0.0653445,-0.177031,-0.00536629, 0.079793, 0.0798016, 0.0826733, 0.163351, 0.107434, 0.0887768
0.999824,-0.0167392, 0.00129816, 0.00833191, 0.0599059,-0.178678,-0.00527932, 0.0795628, 0.0794806, 0.0824033, 0.163158, 0.107316, 0.0887701
0.999809,-0.0175298, 0.000800975, 0.00860664, 0.0524241,-0.180333,-0.00551687, 0.0793657, 0.0791142, 0.0821304, 0.16276, 0.107117, 0.0887642
0.999795,-0.0181449, 0.000300447, 0.0089796, 0.0448107,-0.181936,-0.00613846, 0.0791958, 0.0787235, 0.0818641, 0.162121, 0.106838, 0.0887517
0.999778,-0.0188042, -0.000568845, 0.00946317, 0.0381122,-0.183754,-0.00679545, 0.0790532, 0.0783388, 0.0816323, 0.161221, 0.106491, 0.0887295
0.999781,-0.0184796, -0.000867636, 0.00975271, 0.0178442,-0.184668,-0.00908908, 0.0789339, 0.0779819, 0.0814476, 0.160159, 0.106108, 0.0887053
0.999779,-0.018403, -0.00142158, 0.0100761, 0.00542209,-0.184929,-0.0104174, 0.0788079, 0.0775272, 0.0811826, 0.159055, 0.105743, 0.0886837
0.999782,-0.018102, -0.00148752, 0.0103036, -0.00657797,-0.184617,-0.0115703, 0.0786828, 0.0770827, 0.0809332, 0.158097, 0.105438, 0.0886667
0.999759,-0.0188701, -0.002055, 0.0110138, -0.0224848,-0.18597,-0.0127306, 0.0785581, 0.0766453, 0.0806919, 0.157376, 0.105222, 0.0886562
0.999795,-0.0165823, -0.00165954, 0.011511, -0.0391291,-0.181152,-0.0121436, 0.078413, 0.0761422, 0.0804028, 0.15685, 0.105093, 0.0886414
0.999878,-0.010758, -0.00102333, 0.0113196, -0.0339424,-0.174264,-0.00864664, 0.0782432, 0.0754433, 0.0799124, 0.156386, 0.105018, 0.0886031
0.999914,-0.00713386, -0.000892873, 0.0109499, -0.0253001,-0.172647,-0.00649483, 0.0780473, 0.0747244, 0.0793142, 0.156057, 0.104953, 0.0885634
0.999927,-0.00515159, -0.00122159, 0.010826, -0.0216584,-0.173883,-0.00596604, 0.0778425, 0.0741408, 0.0787573, 0.155771, 0.104853, 0.0885383
0.999938,-0.00322253, -0.00177609, 0.0105549, -0.0219244,-0.17666,-0.00576616, 0.0776676, 0.0737606, 0.0783649, 0.155344, 0.10468, 0.0885256
0.999942,-0.00167622, -0.00221043, 0.0103825, -0.0307692,-0.176855,-0.00608983, 0.0775092, 0.0735411, 0.0781012, 0.154578, 0.104402, 0.0885124
0.999944,-7.06226e-05, -0.00283329, 0.0101735, -0.0471158,-0.173492,-0.00712134, 0.0773913, 0.0734387, 0.0779834, 0.153369, 0.104005, 0.0884957
0.999942,0.00176159, -0.00366825, 0.010012, -0.0699087,-0.16721,-0.00891769, 0.0772958, 0.0733567, 0.0779185, 0.151716, 0.103479, 0.0884781
0.999934,0.00365682, -0.00461793, 0.00983806, -0.0978942,-0.159723,-0.0116999, 0.0771874, 0.0731721, 0.0777973, 0.149592, 0.102809, 0.0884497
0.999923,0.00531485, -0.0057128, 0.00966977, -0.127655,-0.152801,-0.0153412, 0.0770523, 0.0727842, 0.077548, 0.147143, 0.102037, 0.0883926
0.999909,0.00656998, -0.00685283, 0.00954571, -0.154159,-0.147387,-0.0189674, 0.0768913, 0.0721459, 0.0771619, 0.144692, 0.101274, 0.0883033
0.999895,0.00741396, -0.00800448, 0.00955432, -0.174235,-0.143704,-0.0219038, 0.0767163, 0.0712842, 0.0766796, 0.142604, 0.100627, 0.0882013
0.99988,0.00785763, -0.00919226, 0.00969006, -0.187546,-0.141741,-0.024013, 0.0765417, 0.0702774, 0.0761511, 0.141053, 0.100134, 0.0881038
0.999866,0.00805713, -0.0102423, 0.00989847, -0.194826,-0.141068,-0.0252489, 0.0763822, 0.0692317, 0.0756249, 0.140142, 0.0998079, 0.0880433
0.999856,0.00812018, -0.0109532, 0.010065, -0.197573,-0.141142,-0.0257118, 0.0762346, 0.068252, 0.0751445, 0.139773, 0.0996288, 0.0880212
0.999844,0.00826931, -0.0116689, 0.0103764, -0.197496,-0.140844,-0.025716, 0.0760903, 0.0674112, 0.0747452, 0.139687, 0.0995346, 0.088019
0.999836,0.00824298, -0.0121258, 0.0106178, -0.197601,-0.139856,-0.0258645, 0.0759301, 0.0667625, 0.0744583, 0.139544, 0.0994335, 0.0880106
0.999833,0.00817588, -0.0122409, 0.010786, -0.199253,-0.137544,-0.0265423, 0.0757482, 0.0662924, 0.0742806, 0.139049, 0.0992359, 0.087974
0.999828,0.00820673, -0.0123362, 0.0111229, -0.203781,-0.134081,-0.0279595, 0.0755496, 0.0659731, 0.0741922, 0.138109, 0.0989119, 0.0879131
0.999821,0.0083246, -0.0124021, 0.0116418, -0.210707,-0.129853,-0.0297916, 0.0753596, 0.0657716, 0.0741635, 0.136913, 0.0985186, 0.0878472
0.999812,0.00855531, -0.0124188, 0.0121839, -0.218794,-0.125048,-0.031817, 0.0751994, 0.0656582, 0.0741541, 0.135784, 0.0981493, 0.0877896
0.999803,0.00890363, -0.012429, 0.0126502, -0.226701,-0.120549,-0.0338087, 0.0750842, 0.0656047, 0.0741228, 0.134959, 0.0978727, 0.0877456
0.999793,0.0094606, -0.0124624, 0.0129897, -0.231896,-0.116303,-0.0352463, 0.0750078, 0.0655786, 0.0740368, 0.134458, 0.097699, 0.0877148
0.999782,0.0101914, -0.0124705, 0.013317, -0.233279,-0.112288,-0.0357481, 0.0749549, 0.0655458, 0.0738738, 0.13412, 0.0975808, 0.0876808
0.999768,0.0111172, -0.0125937, 0.0134843, -0.230584,-0.108806,-0.0354937, 0.0749157, 0.0654867, 0.0736292, 0.133748, 0.097453, 0.0876178
0.999754,0.0120447, -0.0127923, 0.0135331, -0.224186,-0.10582,-0.0344667, 0.074899, 0.0654001, 0.0733285, 0.133207, 0.0972538, 0.0875327
0.999744,0.0127313, -0.0129682, 0.0135135, -0.215444,-0.10307,-0.0328874, 0.0748971, 0.0652912, 0.0730001, 0.132439, 0.0969382, 0.0874477
0.999737,0.0131024, -0.0131423, 0.0134662, -0.20619,-0.100615,-0.0310517, 0.0748928, 0.0651647, 0.072664, 0.131434, 0.0965061, 0.0873644
0.999738,0.0131749, -0.0130972, 0.0133927, -0.198503,-0.0985509,-0.0292227, 0.0748614, 0.0650257, 0.0723311, 0.130274, 0.096002, 0.0872755
0.999743,0.013043, -0.0129146, 0.0132995, -0.192531,-0.0969016,-0.0275435, 0.074801, 0.0648872, 0.0720242, 0.128999, 0.0954934, 0.0871481
0.999748,0.012787, -0.0128476, 0.013263, -0.191648,-0.0961899,-0.027061, 0.0746964, 0.0647604, 0.0717422, 0.127571, 0.0950388, 0.086934
0.999751,0.0125986, -0.0127298, 0.0133325, -0.191075,-0.0954534,-0.0265296, 0.0745917, 0.0646641, 0.0715395, 0.126103, 0.0946923, 0.086653
0.999756,0.0124671, -0.0125092, 0.0132942, -0.189497,-0.0949079,-0.0259863, 0.0745045, 0.0645923, 0.0714066, 0.124778, 0.0944689, 0.0863707
0.999761,0.0124425, -0.0122273, 0.0131623, -0.186909,-0.0945492,-0.0255168, 0.0744203, 0.0645388, 0.0713091, 0.123598, 0.0943481, 0.0861084
0.999765,0.0125525, -0.0119557, 0.0129982, -0.183993,-0.0944216,-0.0252674, 0.0743479, 0.064499, 0.0712378, 0.122571, 0.0942973, 0.0858933
0.999767,0.0128232, -0.0117039, 0.0128143, -0.180834,-0.0944578,-0.0252014, 0.0742858, 0.0644703, 0.0711792, 0.12169, 0.0942848, 0.0857379
0.999768,0.0131104, -0.0115221, 0.0126244, -0.178011,-0.0945404,-0.0251704, 0.0742436, 0.0644517, 0.0711309, 0.120996, 0.0942838, 0.0856543
0.999767,0.0135238, -0.0113443, 0.0124327, -0.174697,-0.0946472,-0.0250437, 0.0742169, 0.0644407, 0.0710829, 0.120487, 0.094276, 0.0856263
0.999765,0.0140151, -0.0112065, 0.0122023, -0.170615,-0.0947653,-0.024732, 0.0741894, 0.0644349, 0.0710138, 0.120038, 0.0942494, 0.0856162
0.999761,0.0145004, -0.0111247, 0.0119982, -0.166885,-0.0948144,-0.0239577, 0.0741811, 0.0644327, 0.0709436, 0.11973, 0.0941951, 0.0855941
0.999756,0.0150071, -0.011101, 0.0118026, -0.162949,-0.0946781,-0.0225061, 0.074176, 0.0644324, 0.0708594, 0.11946, 0.0941081, 0.0855108
0.999751,0.01543, -0.0111453, 0.0116576, -0.159551,-0.0943975,-0.0207849, 0.0741717, 0.064432, 0.0707592, 0.119161, 0.0939928, 0.0853421
0.999745,0.0158577, -0.0112838, 0.0114229, -0.156739,-0.0941434,-0.0180855, 0.0741484, 0.0644291, 0.0706329, 0.118785, 0.0938514, 0.0849907
0.99974,0.0162216, -0.0114087, 0.0112816, -0.155435,-0.0936011,-0.0145584, 0.074048, 0.0644223, 0.0704464, 0.118133, 0.0936854, 0.0842732
0.999735,0.0164935, -0.0115349, 0.0111624, -0.155342,-0.0929754,-0.0108457, 0.073925, 0.0644141, 0.0702496, 0.117167, 0.0935093, 0.0832535
0.999731,0.0167192, -0.0116489, 0.0110745, -0.156094,-0.0924204,-0.00758342, 0.0737961, 0.0644058, 0.0700588, 0.116035, 0.0933399, 0.0821045
0.999726,0.0170343, -0.0118258, 0.010901, -0.158911,-0.0919387,-0.00413043, 0.0736789, 0.0643979, 0.0698892, 0.114956, 0.0931935, 0.081025
0.999722,0.0172672, -0.0119898, 0.0107132, -0.162051,-0.0916384,-0.00197008, 0.0735799, 0.0643888, 0.0697503, 0.114077, 0.0930692, 0.0801517
0.999718,0.0174991, -0.0121299, 0.0105458, -0.164633,-0.0914437,-0.000913474, 0.0735035, 0.064377, 0.0696459, 0.113457, 0.0929602, 0.0795496
0.999714,0.0176974, -0.0122423, 0.0103994, -0.166568,-0.0913922,-0.000795639, 0.0734054, 0.0643606, 0.0695365, 0.112978, 0.0928649, 0.0791414
0.999712,0.0178034, -0.0123352, 0.0102868, -0.167537,-0.0915066,-0.00111704, 0.073331, 0.0643423, 0.0694576, 0.112635, 0.0927789, 0.078923
0.999711,0.0178822, -0.0124264, 0.0101931, -0.167614,-0.0918352,-0.00152213, 0.0732689, 0.0643218, 0.0693956, 0.112376, 0.0927002, 0.0788355
0.999709,0.0179349, -0.0125548, 0.0101207, -0.167362,-0.0923321,-0.00180278, 0.0732133, 0.0643008, 0.0693409, 0.112146, 0.0926274, 0.078808
0.999706,0.0180357, -0.0126989, 0.0100426, -0.166489,-0.093063,-0.00159724, 0.0731651, 0.0642811, 0.0692931, 0.111918, 0.0925603, 0.0787851
0.999702,0.018262, -0.0128342, 0.00992607, -0.165017,-0.0940041,-0.000718877, 0.0731343, 0.0642658, 0.0692567, 0.111701, 0.0925016, 0.0787274
0.999695,0.0186042, -0.0129624, 0.00978738, -0.163741,-0.0950694,0.000708096, 0.0731221, 0.0642548, 0.069229, 0.111529, 0.0924508, 0.0785889
0.999687,0.0190526, -0.0130773, 0.00962491, -0.163023,-0.096172,0.00241804, 0.0731149, 0.0642472, 0.0691984, 0.111397, 0.0924074, 0.0783268
0.999674,0.019718, -0.0131716, 0.00941604, -0.163903,-0.0974378,0.00397465, 0.0730975, 0.0642421, 0.0691511, 0.111276, 0.0923678, 0.0778753
0.999661,0.020447, -0.0132171, 0.0092447, -0.166601,-0.098724,0.0052877, 0.0730512, 0.0642393, 0.069071, 0.111078, 0.0923308, 0.0771632
0.999647,0.0211539, -0.0132316, 0.00911815, -0.170237,-0.0999635,0.0066829, 0.0729832, 0.0642362, 0.0689706, 0.110761, 0.0922972, 0.076216
0.999635,0.0217857, -0.0132278, 0.00901157, -0.174033,-0.101072,0.0079914, 0.0729214, 0.0642318, 0.068879, 0.110426, 0.0922703, 0.0751978
0.999623,0.0223621, -0.0132163, 0.00892781, -0.177799,-0.101975,0.00921166, 0.0728363, 0.0642245, 0.0687747, 0.110075, 0.0922517, 0.0741619
0.999609,0.02304, -0.0132174, 0.00878096, -0.182994,-0.102908,0.00963466, 0.0727411, 0.0642155, 0.0686697, 0.109744, 0.0922401, 0.0731891
0.999594,0.0237133, -0.013207, 0.00866086, -0.186913,-0.103599,0.00999289, 0.0726779, 0.0642029, 0.0686051, 0.109566, 0.092235, 0.0724531
0.999582,0.0242307, -0.0131487, 0.00870028, -0.189008,-0.103885,0.0110629, 0.0725792, 0.0641812, 0.0685291, 0.109434, 0.0922332, 0.0718726
0.999573,0.0246072, -0.0130697, 0.00881017, -0.189697,-0.103876,0.01221, 0.0724996, 0.0641591, 0.0684772, 0.109362, 0.0922324, 0.0714872
0.999567,0.0248483, -0.0129933, 0.00893086, -0.189462,-0.103743,0.0132035, 0.0724287, 0.0641394, 0.0684346, 0.109313, 0.0922311, 0.0712578
0.999563,0.0249783, -0.0129134, 0.0090991, -0.188826,-0.10357,0.0139996, 0.0723593, 0.0641233, 0.0683911, 0.109255, 0.0922287, 0.0711286
0.99956,0.025072, -0.0128233, 0.00929024, -0.187909,-0.103396,0.0146606, 0.072284, 0.0641121, 0.0683376, 0.109165, 0.0922255, 0.0710541
0.999559,0.0251239, -0.0127105, 0.00948853, -0.186645,-0.103233,0.0150377, 0.072219, 0.0641053, 0.0682876, 0.109041, 0.092221, 0.0710181
0.999556,0.0252081, -0.0125572, 0.00972787, -0.185163,-0.103245,0.0148546, 0.0721706, 0.0641012, 0.0682467, 0.108891, 0.0922145, 0.0710059
0.999552,0.025391, -0.0124747, 0.00980947, -0.183536,-0.103403,0.014461, 0.0721301, 0.0640952, 0.0682113, 0.108728, 0.0922054, 0.0709983
0.999546,0.0256422, -0.0124284, 0.00979889, -0.182127,-0.103646,0.0140274, 0.0720992, 0.0640835, 0.0681882, 0.108593, 0.0921929, 0.070972
0.999539,0.0259617, -0.0123899, 0.00975323, -0.181125,-0.103898,0.0137312, 0.0720744, 0.0640685, 0.0681714, 0.108516, 0.0921775, 0.0708928
0.99953,0.0263212, -0.0123479, 0.00968383, -0.180383,-0.104121,0.0136019, 0.0720529, 0.064054, 0.0681527, 0.108482, 0.0921588, 0.0707316
0.999522,0.0266784, -0.0122938, 0.00961651, -0.179846,-0.104283,0.0135376, 0.0720375, 0.0640429, 0.0681286, 0.108468, 0.092137, 0.0704688
0.999516,0.0269016, -0.0122935, 0.00962126, -0.180025,-0.104433,0.0125555, 0.0720171, 0.0640347, 0.0680861, 0.108439, 0.0921126, 0.0700378
0.999515,0.0269812, -0.0122069, 0.00965081, -0.180986,-0.104461,0.011231, 0.0719582, 0.0640211, 0.0680003, 0.108301, 0.0920875, 0.0693588
0.999505,0.0273718, -0.0120457, 0.00972186, -0.182214,-0.104793,0.0111826, 0.071865, 0.0639936, 0.0678875, 0.108011, 0.092062, 0.0684685
0.9995,0.0276175, -0.0118863, 0.00978696, -0.183464,-0.105095,0.010855, 0.0717509, 0.0639576, 0.067763, 0.107623, 0.0920372, 0.0674718
0.999491,0.0280249, -0.0117017, 0.00978877, -0.185101,-0.105585,0.0119725, 0.0716418, 0.0639156, 0.0676536, 0.107267, 0.0920153, 0.0665289
0.999482,0.0283982, -0.0115424, 0.00977346, -0.186862,-0.105997,0.0128865, 0.0715257, 0.0638801, 0.0675424, 0.106984, 0.0919982, 0.0656986
0.999472,0.0288359, -0.011403, 0.00971593, -0.189212,-0.106374,0.0139373, 0.0714032, 0.0638539, 0.0674279, 0.106778, 0.0919857, 0.0650127
0.999463,0.0292147, -0.0113115, 0.00963582, -0.19153,-0.106629,0.0146426, 0.0713068, 0.0638401, 0.0673365, 0.106659, 0.0919771, 0.0645118
0.999457,0.0293786, -0.0113425, 0.00964914, -0.192469,-0.106895,0.0140593, 0.0712177, 0.063833, 0.0672571, 0.106583, 0.0919715, 0.0641816
0.999454,0.0294518, -0.0114098, 0.00970497, -0.192705,-0.107055,0.0132456, 0.0711246, 0.0638265, 0.0671814, 0.106488, 0.0919683, 0.0639873
0.999453,0.0294586, -0.0114686, 0.00974079, -0.192402,-0.107041,0.0125315, 0.0710215, 0.0638186, 0.0671035, 0.106312, 0.0919659, 0.0638858
0.999454,0.0294121, -0.0115421, 0.00967564, -0.191571,-0.106901,0.0120717, 0.0709414, 0.0638104, 0.0670502, 0.106066, 0.0919625, 0.0638503
0.999455,0.0293623, -0.0116457, 0.00955442, -0.190438,-0.106718,0.0120722, 0.0709071, 0.0638002, 0.0670417, 0.105879, 0.0919576, 0.0638482
0.999456,0.0293292, -0.0117838, 0.00939935, -0.189313,-0.106516,0.0124918, 0.0708715, 0.0637831, 0.0670386, 0.105734, 0.0919509, 0.0638127
0.999455,0.0293634, -0.0119262, 0.0092229, -0.188177,-0.106326,0.0131696, 0.0708235, 0.0637581, 0.0670295, 0.105598, 0.0919428, 0.0637259
0.999451,0.0295058, -0.012026, 0.00904401, -0.186652,-0.106185,0.0139922, 0.0707699, 0.0637293, 0.0670131, 0.105459, 0.0919343, 0.0635964
0.999445,0.0297556, -0.0120608, 0.00886579, -0.185212,-0.106046,0.0147947, 0.0707351, 0.0637036, 0.0670025, 0.105368, 0.0919264, 0.0633928
0.999436,0.0301374, -0.0119683, 0.00869582, -0.183991,-0.105883,0.0152183, 0.0707079, 0.0636825, 0.0669868, 0.105322, 0.0919193, 0.0631076
0.999425,0.0306009, -0.0118009, 0.00857069, -0.18431,-0.105777,0.015084, 0.0706459, 0.0636665, 0.066927, 0.105317, 0.0919139, 0.0626478
0.999414,0.0310911, -0.0115645, 0.00849875, -0.185784,-0.105774,0.0144138, 0.07057, 0.0636531, 0.0668456, 0.105275, 0.0919098, 0.0620278
0.999401,0.0315999, -0.011295, 0.00843475, -0.188151,-0.105833,0.0134304, 0.0704752, 0.0636399, 0.0667456, 0.105178, 0.0919062, 0.0612971
0.999392,0.0319561, -0.0111121, 0.00840254, -0.190582,-0.105896,0.0131379, 0.0703513, 0.0636245, 0.0666243, 0.105032, 0.091903, 0.0605125
0.999387,0.0321551, -0.0109749, 0.00839249, -0.192225,-0.105897,0.0130271, 0.0702781, 0.0636116, 0.0665493, 0.104947, 0.0918998, 0.0598474
0.999379,0.0325048, -0.0108028, 0.00830543, -0.192561,-0.105773,0.0127502, 0.0702584, 0.0636035, 0.0665195, 0.104936, 0.0918957, 0.0594176
0.99937,0.0328356, -0.010658, 0.0082211, -0.191016,-0.105594,0.0126539, 0.0702543, 0.0635983, 0.0665035, 0.104852, 0.0918908, 0.0592003
0.999364,0.0330702, -0.0105607, 0.00817378, -0.18851,-0.105426,0.0126252, 0.0702515, 0.0635944, 0.0664905, 0.104547, 0.0918853, 0.059123
0.999357,0.0333048, -0.0104728, 0.00813527, -0.184418,-0.105221,0.0124463, 0.0702477, 0.0635908, 0.0664793, 0.103989, 0.0918791, 0.0591087
0.999351,0.0335115, -0.0103954, 0.0081315, -0.179538,-0.104988,0.0122261, 0.0702418, 0.0635843, 0.0664717, 0.103288, 0.0918717, 0.059106
0.999346,0.0336915, -0.0103185, 0.00817245, -0.174074,-0.104747,0.0120022, 0.0702266, 0.0635694, 0.0664666, 0.10256, 0.0918622, 0.059094
0.999341,0.0338217, -0.0102404, 0.00827957, -0.168889,-0.104497,0.0117958, 0.0701893, 0.0635368, 0.066463, 0.101908, 0.0918495, 0.0590694
0.999338,0.0338998, -0.0101569, 0.00845778, -0.164441,-0.104169,0.0115863, 0.0701183, 0.0634784, 0.0664608, 0.101356, 0.0918328, 0.059032
0.999337,0.033915, -0.0100443, 0.00865286, -0.16218,-0.103848,0.0113613, 0.0700087, 0.0633907, 0.0664584, 0.100919, 0.0918106, 0.0589845
0.999337,0.0339069, -0.00992979, 0.00884198, -0.160615,-0.103502,0.0111217, 0.0698833, 0.0632907, 0.0664544, 0.100563, 0.0917789, 0.0589219
0.999337,0.0338771, -0.00982734, 0.00901415, -0.159752,-0.103178,0.0108768, 0.0697571, 0.0631898, 0.0664478, 0.100285, 0.0917338, 0.058846
0.999338,0.0338442, -0.00974829, 0.00914945, -0.159402,-0.102954,0.0106519, 0.0696463, 0.0631016, 0.0664407, 0.100072, 0.0916827, 0.0587605
0.999338,0.0338397, -0.00969683, 0.00922441, -0.159578,-0.102907,0.0105002, 0.0695593, 0.0630329, 0.0664324, 0.0999075, 0.0916351, 0.0586678
0.999338,0.0338484, -0.00966191, 0.00924311, -0.16003,-0.102965,0.0104298, 0.0695032, 0.0629867, 0.0664245, 0.0997997, 0.0915943, 0.0585774
0.999336,0.0338912, -0.00963794, 0.00922489, -0.160616,-0.103021,0.010469, 0.0694762, 0.0629633, 0.0664156, 0.0997327, 0.091563, 0.0584901
0.999335,0.0339492, -0.0096104, 0.00919959, -0.161006,-0.102999,0.0105773, 0.0694711, 0.0629571, 0.0664076, 0.0997022, 0.0915395, 0.0584113
0.999333,0.0340173, -0.00956971, 0.00918612, -0.161099,-0.10289,0.0107411, 0.0694672, 0.0629546, 0.0664007, 0.099691, 0.0915225, 0.0583444
0.999331,0.0341136, -0.00950828, 0.00917874, -0.160528,-0.102616,0.0109782, 0.0694398, 0.062939, 0.0663932, 0.0996645, 0.0915103, 0.0582982
0.999328,0.0342079, -0.00946884, 0.00917226, -0.159399,-0.102269,0.0111981, 0.069367, 0.0628949, 0.0663835, 0.0995764, 0.0914994, 0.0582685
0.999325,0.0342828, -0.00947398, 0.00917821, -0.158255,-0.101982,0.0113471, 0.0692472, 0.0628176, 0.0663754, 0.0994226, 0.0914888, 0.0582465
0.999322,0.0343541, -0.00953456, 0.00919586, -0.15705,-0.10174,0.0114537, 0.0690925, 0.0627139, 0.0663698, 0.0992396, 0.0914798, 0.0582281
0.999319,0.0344233, -0.00962979, 0.00921032, -0.155992,-0.101601,0.0115293, 0.0689146, 0.0625923, 0.0663647, 0.0990655, 0.0914736, 0.0582121
0.999314,0.034505, -0.00974435, 0.00925969, -0.154908,-0.101545,0.011607, 0.0687311, 0.0624656, 0.0663588, 0.0989032, 0.0914688, 0.0581994
0.99931,0.0345893, -0.00986457, 0.00930501, -0.153802,-0.101527,0.0116905, 0.0685559, 0.0623441, 0.0663533, 0.0987532, 0.0914642, 0.0581895
0.999305,0.0346601, -0.0100061, 0.00935484, -0.153182,-0.101479,0.011701, 0.0683978, 0.0622344, 0.0663472, 0.0986356, 0.091459, 0.0581795
0.999302,0.0346961, -0.0101154, 0.00941211, -0.152893,-0.101424,0.0116713, 0.0682695, 0.062146, 0.0663403, 0.0985527, 0.0914538, 0.0581697
0.9993,0.0347287, -0.0101964, 0.00945951, -0.152653,-0.101377,0.011648, 0.06818, 0.0620841, 0.0663349, 0.0984719, 0.09145, 0.0581635
0.999298,0.034749, -0.010254, 0.00949186, -0.152656,-0.101387,0.011615, 0.0681236, 0.0620449, 0.0663302, 0.0984014, 0.0914481, 0.05816
0.999298,0.0347637, -0.0102762, 0.00950334, -0.152603,-0.101391,0.0116123, 0.0680957, 0.0620255, 0.0663248, 0.0983564, 0.0914467, 0.0581585
0.999298,0.0347613, -0.0102858, 0.00950159, -0.152647,-0.101377,0.0116065, 0.0680869, 0.0620191, 0.0663205, 0.0983249, 0.091442, 0.0581576
0.999298,0.0347272, -0.0103145, 0.00954594, -0.153193,-0.101232,0.0115534, 0.0680861, 0.0620187, 0.0663177, 0.0983, 0.0914348, 0.0581564
0.999299,0.0346971, -0.0103052, 0.00959565, -0.153479,-0.101156,0.0115329, 0.0680728, 0.0620105, 0.0663146, 0.098281, 0.0914265, 0.0581544
0.999299,0.0346741, -0.0102814, 0.00967598, -0.153762,-0.101116,0.011526, 0.0680302, 0.0619815, 0.066312, 0.0982559, 0.0914165, 0.0581488
0.999297,0.0346618, -0.0103144, 0.00984745, -0.153624,-0.100918,0.0115652, 0.067944, 0.0619248, 0.0663085, 0.0982141, 0.0914033, 0.0581339
0.999295,0.0346438, -0.0103883, 0.0100776, -0.153198,-0.100658,0.0116216, 0.0678304, 0.0618519, 0.0663055, 0.0981543, 0.0913852, 0.0581089
0.999291,0.0346347, -0.0104769, 0.0103767, -0.152763,-0.100325,0.0116751, 0.0676994, 0.061768, 0.066305, 0.0980934, 0.0913603, 0.0580819
0.999287,0.0346305, -0.0105739, 0.01074, -0.152212,-0.0999266,0.0117489, 0.0675519, 0.0616747, 0.0663037, 0.0980272, 0.0913291, 0.0580532
0.999281,0.0346329, -0.0106644, 0.0111255, -0.151741,-0.0995366,0.0117989, 0.0674017, 0.0615808, 0.0663016, 0.0979622, 0.0912927, 0.0580274
0.999276,0.034644, -0.0107214, 0.011517, -0.151315,-0.099189,0.0118359, 0.0672579, 0.0614925, 0.0662974, 0.097895, 0.0912519, 0.0580021
0.999271,0.0346579, -0.0107414, 0.0118606, -0.150986,-0.0988904,0.0118495, 0.0671267, 0.061413, 0.0662911, 0.0978287, 0.0912078, 0.0579775
0.999267,0.0346758, -0.0107367, 0.0121926, -0.150619,-0.0986801,0.0118731, 0.067012, 0.0613439, 0.0662843, 0.0977681, 0.0911645, 0.0579563
0.999263,0.0346918, -0.0107225, 0.0124462, -0.150467,-0.0985138,0.0118527, 0.0669253, 0.0612937, 0.0662759, 0.0977195, 0.09113, 0.057946
0.999261,0.0346982, -0.0107122, 0.0126069, -0.150415,-0.0983764,0.0118258, 0.0668684, 0.0612608, 0.0662689, 0.0976789, 0.0911055, 0.0579408
0.99926,0.0346981, -0.0107065, 0.0126955, -0.150358,-0.0982194,0.011799, 0.0668348, 0.0612418, 0.0662632, 0.0976457, 0.0910892, 0.0579388
0.999259,0.0346932, -0.0107026, 0.0127547, -0.150371,-0.0981075,0.0117788, 0.0668164, 0.0612315, 0.0662579, 0.097617, 0.0910784, 0.0579382
0.999259,0.0346842, -0.0107052, 0.0127757, -0.150443,-0.0980394,0.0117703, 0.0668103, 0.0612282, 0.0662545, 0.0975958, 0.0910693, 0.0579376
0.999259,0.0346774, -0.010708, 0.0127787, -0.1505,-0.097997,0.0117679, 0.0668085, 0.0612275, 0.0662522, 0.0975832, 0.0910614, 0.0579365
0.99926,0.0346737, -0.0107037, 0.0127895, -0.150534,-0.0979767,0.0117728, 0.0667986, 0.0612224, 0.0662502, 0.0975759, 0.0910547, 0.0579342
0.999259,0.0346762, -0.0106944, 0.0128458, -0.150518,-0.0979352,0.0117826, 0.0667658, 0.0612037, 0.0662485, 0.0975728, 0.0910481, 0.0579308
0.999257,0.0346869, -0.0106877, 0.0129752, -0.150446,-0.0978102,0.011783, 0.0666978, 0.0611639, 0.0662467, 0.0975669, 0.0910373, 0.0579276
0.999254,0.0346951, -0.010701, 0.0131539, -0.15034,-0.0976092,0.0117657, 0.0665905, 0.0610995, 0.0662448, 0.0975506, 0.0910204, 0.0579246
0.999251,0.0347053, -0.0107479, 0.0133324, -0.150258,-0.0973977,0.0117379, 0.066448, 0.0610129, 0.0662419, 0.0975201, 0.0909996, 0.0579224
0.999248,0.0347164, -0.0108483, 0.0134653, -0.150278,-0.0971985,0.0117031, 0.0662846, 0.0609124, 0.0662385, 0.0974775, 0.0909765, 0.057921
0.999244,0.034713, -0.011007, 0.0135781, -0.150412,-0.096991,0.0116499, 0.0661181, 0.060809, 0.0662367, 0.097437, 0.0909517, 0.0579191
0.999241,0.0347071, -0.0111902, 0.0136806, -0.150547,-0.0967621,0.011589, 0.0659636, 0.0607145, 0.0662345, 0.0974023, 0.0909282, 0.0579169
0.999237,0.0347143, -0.0113604, 0.0137978, -0.150677,-0.0965757,0.0115354, 0.0658303, 0.0606339, 0.066231, 0.09738, 0.0909089, 0.0579128
0.999234,0.034726, -0.0114966, 0.0139074, -0.150721,-0.0964007,0.0115141, 0.0657309, 0.0605741, 0.0662256, 0.0973655, 0.0908957, 0.0579072
0.999232,0.0347225, -0.0115768, 0.0139866, -0.150728,-0.0962718,0.0115136, 0.0656684, 0.0605367, 0.0662197, 0.097357, 0.0908875, 0.0579021
0.999226,0.0347516, -0.0117562, 0.0141707, -0.150463,-0.0961757,0.0115265, 0.0656319, 0.0605161, 0.066212, 0.0973518, 0.090883, 0.0578958
0.999222,0.0347896, -0.0118708, 0.0143036, -0.149909,-0.0961943,0.0115718, 0.0656193, 0.0605108, 0.0661983, 0.0973405, 0.0908802, 0.0578871
0.999219,0.0348182, -0.0119427, 0.0143928, -0.149518,-0.0962495,0.011613, 0.0656162, 0.0605077, 0.0661871, 0.0973321, 0.0908781, 0.0578821
0.999217,0.0348344, -0.0119686, 0.0144203, -0.149422,-0.0962847,0.0116305, 0.0656053, 0.0604986, 0.0661765, 0.0973254, 0.0908746, 0.0578807
0.999217,0.0348391, -0.0119857, 0.0144533, -0.149431,-0.0962981,0.0116318, 0.0655808, 0.0604811, 0.0661677, 0.0973135, 0.0908673, 0.0578806
0.999216,0.0348377, -0.012007, 0.014503, -0.149503,-0.0962575,0.011629, 0.0655386, 0.060453, 0.066161, 0.0972912, 0.0908555, 0.0578795
0.999214,0.03483, -0.0120261, 0.0145974, -0.149539,-0.0961212,0.0116388, 0.065477, 0.0604128, 0.0661572, 0.0972567, 0.0908382, 0.0578763
0.999211,0.0348261, -0.012101, 0.0147633, -0.149369,-0.0957504,0.0116634, 0.0653933, 0.0603592, 0.0661556, 0.0972091, 0.090814, 0.0578707
0.999206,0.034836, -0.0121862, 0.0150026, -0.148717,-0.0952908,0.0117543, 0.0652917, 0.0602977, 0.0661508, 0.0971305, 0.09078, 0.0578576
0.9992,0.0348631, -0.01224, 0.0153289, -0.147814,-0.0947396,0.0119107, 0.0651829, 0.0602324, 0.0661463, 0.0970248, 0.0907351, 0.0578397
0.999192,0.034904, -0.0122618, 0.0157135, -0.146755,-0.0941632,0.0120971, 0.06507, 0.0601654, 0.0661413, 0.096907, 0.0906808, 0.0578214
0.999182,0.0349871, -0.0122633, 0.0161413, -0.145267,-0.0936501,0.0123318, 0.0649576, 0.0601007, 0.066133, 0.0967784, 0.0906191, 0.057803
0.999174,0.0350702, -0.0121791, 0.0165404, -0.144275,-0.0932791,0.0124662, 0.0648648, 0.0600492, 0.0661212, 0.0966774, 0.0905546, 0.0577951
0.99917,0.0351901, -0.0119475, 0.0166788, -0.143301,-0.0930091,0.0124854, 0.0647823, 0.0600095, 0.0660966, 0.0965908, 0.0904936, 0.0577925
0.999168,0.035266, -0.0117661, 0.0167767, -0.142351,-0.0928859,0.0124313, 0.064688, 0.0599628, 0.0660677, 0.0964881, 0.0904416, 0.0577856
0.999167,0.0353138, -0.0116419, 0.0168432, -0.141691,-0.0928447,0.0123643, 0.0646077, 0.0599182, 0.066047, 0.0963781, 0.0904007, 0.0577753
0.999166,0.035338, -0.0115722, 0.0168886, -0.141398,-0.0928236,0.0123036, 0.064549, 0.0598826, 0.0660322, 0.0962794, 0.09037, 0.0577653
0.999165,0.0353629, -0.0115294, 0.0169105, -0.141303,-0.0928211,0.012256, 0.0645121, 0.0598594, 0.066019, 0.0961945, 0.0903484, 0.0577557
0.999164,0.0353863, -0.0114974, 0.0169257, -0.141372,-0.0928258,0.0122228, 0.0644929, 0.0598477, 0.0660063, 0.0961188, 0.0903336, 0.0577453
0.999163,0.035413, -0.0114772, 0.0169388, -0.141428,-0.0928337,0.012205, 0.06449, 0.0598452, 0.0660006, 0.0960802, 0.0903246, 0.0577403
0.999162,0.0354323, -0.0114677, 0.0169711, -0.141482,-0.0928236,0.0121999, 0.0644848, 0.059843, 0.0659965, 0.0960649, 0.0903198, 0.0577387
0.999161,0.0354492, -0.0114698, 0.0170112, -0.141473,-0.0928243,0.0122062, 0.0644559, 0.0598269, 0.0659933, 0.0960592, 0.0903157, 0.0577386
0.99916,0.0354537, -0.0114809, 0.0170317, -0.141386,-0.092829,0.0122232, 0.0643834, 0.0597835, 0.0659892, 0.0960478, 0.0903094, 0.0577375
0.99916,0.0354534, -0.0115164, 0.0170307, -0.141288,-0.0928118,0.0122439, 0.0642596, 0.0597047, 0.0659861, 0.0960222, 0.090298, 0.0577343
0.99916,0.0354457, -0.0115858, 0.0170152, -0.14125,-0.0927642,0.0122596, 0.0640879, 0.0595916, 0.065984, 0.0959856, 0.0902798, 0.0577302
0.999159,0.0354449, -0.0117074, 0.0169702, -0.14129,-0.0926823,0.0122802, 0.0638837, 0.059456, 0.0659806, 0.0959383, 0.0902563, 0.0577251
0.999158,0.0354407, -0.0118687, 0.0169138, -0.14142,-0.0925586,0.0122892, 0.0636684, 0.0593123, 0.0659788, 0.095892, 0.0902292, 0.0577211
0.999156,0.0354375, -0.012043, 0.016907, -0.141546,-0.0923765,0.012261, 0.0634581, 0.0591744, 0.0659777, 0.0958554, 0.0902006, 0.0577198
0.999153,0.0354474, -0.0121892, 0.01699, -0.141516,-0.0921452,0.012223, 0.0632747, 0.0590579, 0.0659761, 0.0958222, 0.0901729, 0.0577189
0.999148,0.0354681, -0.0122937, 0.0171372, -0.141358,-0.091905,0.0121923, 0.0631345, 0.0589719, 0.0659742, 0.0957932, 0.0901492, 0.0577179
0.999143,0.0355007, -0.0123539, 0.0173018, -0.14114,-0.0917359,0.0121648, 0.0630406, 0.0589169, 0.0659706, 0.0957726, 0.0901315, 0.057717
0.999139,0.035545, -0.012383, 0.0174567, -0.140947,-0.0916496,0.0121326, 0.062989, 0.0588891, 0.0659648, 0.0957618, 0.0901202, 0.0577163
0.999136,0.0355946, -0.0123798, 0.017535, -0.140925,-0.0916915,0.0121066, 0.0629693, 0.0588813, 0.0659561, 0.095758, 0.090115, 0.0577151
0.999134,0.0356242, -0.0123769, 0.0175874, -0.140961,-0.0917157,0.0120808, 0.0629646, 0.0588809, 0.0659482, 0.0957547, 0.0901135, 0.0577125
0.999133,0.0356423, -0.0123716, 0.0176252, -0.140983,-0.0917158,0.0120804, 0.0629565, 0.0588761, 0.0659418, 0.0957487, 0.0901118, 0.0577097
0.999131,0.0356517, -0.0123694, 0.0176723, -0.140989,-0.0916799,0.0120856, 0.0629308, 0.0588598, 0.0659362, 0.0957364, 0.0901068, 0.0577065
0.99913,0.035656, -0.0123671, 0.0177531, -0.140963,-0.0916234,0.0120934, 0.0628813, 0.0588282, 0.0659321, 0.0957154, 0.090097, 0.0577036
0.999128,0.0356391, -0.0125038, 0.0178054, -0.141033,-0.0912407,0.0120258, 0.0627985, 0.0587773, 0.0659281, 0.0956821, 0.090079, 0.0577003
0.999125,0.035611, -0.0126205, 0.0179531, -0.140814,-0.0908143,0.0119759, 0.062708, 0.0587286, 0.0659236, 0.0956291, 0.090051, 0.057694
0.99912,0.0355973, -0.0127252, 0.0181431, -0.140245,-0.0904857,0.0119207, 0.0626138, 0.0586803, 0.065919, 0.0955564, 0.0900129, 0.0576838
0.999117,0.0355841, -0.0127771, 0.0183497, -0.139908,-0.0901758,0.0118315, 0.0625376, 0.0586429, 0.0659174, 0.0954886, 0.0899683, 0.0576767
0.999113,0.0355768, -0.0128064, 0.01851, -0.139765,-0.0898994,0.0117322, 0.0624784, 0.0586154, 0.0659137, 0.0954318, 0.0899272, 0.0576724
0.999112,0.0355719, -0.0128111, 0.0186191, -0.139718,-0.0896738,0.0116488, 0.0624373, 0.0585973, 0.0659068, 0.0953838, 0.0898931, 0.0576675
0.99911,0.0355717, -0.012806, 0.0186884, -0.139681,-0.0894977,0.0115879, 0.0624121, 0.0585862, 0.0659004, 0.0953438, 0.0898641, 0.0576609
0.999109,0.0355743, -0.0127887, 0.0187473, -0.139597,-0.0893394,0.0115327, 0.0623982, 0.05858, 0.0658957, 0.0953139, 0.0898387, 0.0576557
0.999108,0.0355962, -0.0127549, 0.0188118, -0.139454,-0.089109,0.0114623, 0.0623883, 0.0585752, 0.0658899, 0.0952828, 0.0898143, 0.0576532
0.999104,0.0356755, -0.0126925, 0.0188853, -0.139143,-0.088775,0.011422, 0.0623779, 0.058568, 0.0658807, 0.0952339, 0.0897857, 0.0576524
0.999098,0.0358549, -0.0125926, 0.0189544, -0.138523,-0.0883534,0.0114183, 0.0623694, 0.0585592, 0.0658683, 0.0951739, 0.089757, 0.057652
0.99909,0.0361915, -0.0123455, 0.0188904, -0.138431,-0.0883802,0.0112798, 0.0623608, 0.0585502, 0.0658505, 0.0951391, 0.0897368, 0.0576507
0.999077,0.0366614, -0.0119938, 0.0188836, -0.138037,-0.088698,0.0109316, 0.0623349, 0.0585312, 0.0658226, 0.095131, 0.0897247, 0.0576454
0.99906,0.0372293, -0.0115587, 0.0189616, -0.137873,-0.0892409,0.0104187, 0.0622992, 0.0585016, 0.0657915, 0.0951257, 0.0897123, 0.0576362
0.999041,0.0378212, -0.0111218, 0.0190587, -0.137985,-0.0898855,0.00978968, 0.0622613, 0.058466, 0.0657574, 0.0951146, 0.0896945, 0.0576241
0.999023,0.0383356, -0.0106904, 0.019214, -0.138223,-0.0902997,0.00921244, 0.0622297, 0.0584276, 0.0657243, 0.0951051, 0.0896729, 0.0576146
0.999008,0.0387389, -0.0103015, 0.0193923, -0.138406,-0.0903768,0.00877801, 0.0622048, 0.0583908, 0.0656875, 0.0950995, 0.0896525, 0.0576082
0.998996,0.0390478, -0.0100875, 0.0194894, -0.138559,-0.0903974,0.00845223, 0.0621851, 0.058358, 0.0656429, 0.0950956, 0.0896394, 0.0576029
0.998988,0.0392552, -0.00994104, 0.0195747, -0.138759,-0.0903278,0.00826368, 0.0621664, 0.0583251, 0.0655888, 0.0950897, 0.0896348, 0.0575975
0.998983,0.0393653, -0.00983833, 0.0196523, -0.138899,-0.0902914,0.00823721, 0.0621519, 0.0582919, 0.065535, 0.0950863, 0.0896325, 0.057595
0.998978,0.0394937, -0.00968068, 0.0197442, -0.138894,-0.0902312,0.00827821, 0.0621363, 0.0582578, 0.06548, 0.0950844, 0.0896297, 0.0575941
0.998969,0.0397291, -0.00943007, 0.0198626, -0.13879,-0.0902304,0.00827635, 0.0621156, 0.0582245, 0.0654263, 0.0950794, 0.0896285, 0.0575923
0.998951,0.040168, -0.00903174, 0.0200401, -0.138863,-0.0904478,0.00815804, 0.0620838, 0.0581904, 0.0653758, 0.0950633, 0.0896271, 0.057588
0.998922,0.0408842, -0.00844048, 0.0203112, -0.139326,-0.0909415,0.00790957, 0.0620369, 0.0581529, 0.0653281, 0.0950363, 0.0896233, 0.057582
0.998877,0.041917, -0.00763768, 0.0207005, -0.140179,-0.0915963,0.00755203, 0.0619733, 0.0581096, 0.0652789, 0.0950066, 0.0896157, 0.0575768
0.998819,0.0432487, -0.00670862, 0.0211208, -0.141285,-0.0922838,0.00708118, 0.0618928, 0.0580579, 0.0652186, 0.0949786, 0.0895998, 0.0575727
0.998747,0.044803, -0.00577528, 0.0215165, -0.142476,-0.0927841,0.00644066, 0.0617971, 0.0579936, 0.0651367, 0.0949544, 0.0895725, 0.0575681
0.998667,0.0464918, -0.00491996, 0.0218753, -0.143651,-0.0930177,0.0057249, 0.0616915, 0.0579125, 0.0650272, 0.0949358, 0.0895368, 0.0575629
0.998585,0.0481425, -0.00420519, 0.0221899, -0.144696,-0.0929783,0.00497015, 0.0615849, 0.0578116, 0.0648901, 0.0949214, 0.0894975, 0.0575566
0.998511,0.0495948, -0.00370874, 0.0223946, -0.145559,-0.0928912,0.00422732, 0.0614871, 0.0576915, 0.0647328, 0.0949106, 0.0894559, 0.0575494
0.99845,0.0507394, -0.00325406, 0.022623, -0.146445,-0.092792,0.00358744, 0.0614057, 0.0575582, 0.0645679, 0.0948998, 0.0894167, 0.0575419
0.998403,0.0516184, -0.00302207, 0.022738, -0.147426,-0.0930561,0.00296618, 0.0613424, 0.0574208, 0.0644066, 0.0948814, 0.0893831, 0.0575329
0.998373,0.052172, -0.00281012, 0.0228511, -0.14836,-0.0933882,0.00253346, 0.0613004, 0.0572897, 0.0642619, 0.0948556, 0.0893543, 0.0575249
0.998356,0.0524579, -0.0026639, 0.0229219, -0.149013,-0.0936666,0.00232564, 0.061276, 0.0571755, 0.0641408, 0.0948248, 0.0893325, 0.0575196
0.99835,0.0525652, -0.00257085, 0.0229537, -0.149341,-0.0937772,0.00225412, 0.0612649, 0.0570829, 0.0640472, 0.0947866, 0.0893081, 0.0575149
0.998349,0.0526011, -0.00256405, 0.0229491, -0.149269,-0.0936346,0.00228212, 0.0612626, 0.0570123, 0.063982, 0.0947312, 0.0892693, 0.0575109
0.998344,0.0526939, -0.0025153, 0.0229349, -0.148622,-0.0930207,0.00239988, 0.0612615, 0.0569616, 0.0639405, 0.0946606, 0.089215, 0.057508
0.99833,0.0529619, -0.00239752, 0.0229333, -0.14744,-0.0918961,0.00249714, 0.0612545, 0.0569257, 0.0639128, 0.0945845, 0.0891488, 0.057507
0.998301,0.0534969, -0.00217264, 0.0229679, -0.145956,-0.0905296,0.00239579, 0.0612345, 0.0568989, 0.0638863, 0.09451, 0.0890809, 0.0575064
0.998252,0.0544157, -0.00181783, 0.0230125, -0.144373,-0.0894835,0.00200747, 0.0611927, 0.056873, 0.0638441, 0.094431, 0.0890226, 0.0575041
0.998174,0.0558174, -0.00134012, 0.0230667, -0.142839,-0.0890471,0.00136246, 0.0611213, 0.0568348, 0.0637658, 0.0943376, 0.0889692, 0.0574999
0.998062,0.0578036, -0.000830411, 0.0230323, -0.141194,-0.0893814,0.000524097, 0.0610128, 0.0567692, 0.0636294, 0.0942289, 0.0889072, 0.0574947
0.997916,0.0602771, -0.000242828, 0.023035, -0.140033,-0.0902212,-0.000237545, 0.0608707, 0.056663, 0.0634209, 0.0941363, 0.0888334, 0.0574911
0.997744,0.063001, 0.00047015, 0.0231726, -0.139496,-0.0911733,-0.000765581, 0.0607097, 0.0565124, 0.0631415, 0.0940714, 0.0887501, 0.0574884
0.99756,0.065814, 0.0010818, 0.0232869, -0.139269,-0.0923581,-0.00114309, 0.0605498, 0.0563214, 0.0628067, 0.0940248, 0.0886616, 0.0574852
0.997379,0.0684424, 0.00162666, 0.0234274, -0.139259,-0.0934401,-0.00142226, 0.0604092, 0.0560992, 0.0624436, 0.0939891, 0.0885779, 0.0574819
0.997217,0.0706853, 0.00212309, 0.0236075, -0.139145,-0.0940953,-0.00144707, 0.0602992, 0.0558663, 0.0620836, 0.0939708, 0.0885117, 0.0574789
0.997093,0.0723566, 0.00242209, 0.0237378, -0.138764,-0.0943962,-0.00136782, 0.0602233, 0.055641, 0.0617542, 0.0939611, 0.0884663, 0.0574766
0.997008,0.0734833, 0.00256323, 0.0238279, -0.138316,-0.0945389,-0.0013064, 0.0601772, 0.0554387, 0.0614738, 0.0939538, 0.088436, 0.0574747
0.996953,0.0742229, 0.00250127, 0.0238601, -0.137764,-0.0946241,-0.00143429, 0.0601509, 0.0552671, 0.0612456, 0.0939409, 0.088412, 0.0574723
0.996924,0.0746041, 0.0024422, 0.0238752, -0.137162,-0.0945227,-0.00157592, 0.0601409, 0.0551338, 0.0610728, 0.0939199, 0.0883877, 0.0574685
0.996915,0.0747286, 0.00239643, 0.0238835, -0.136761,-0.0944053,-0.00161455, 0.0601395, 0.0550417, 0.0609491, 0.0938964, 0.0883639, 0.0574651
0.996913,0.0747495, 0.00236192, 0.023897, -0.136768,-0.0944307,-0.00161297, 0.0601354, 0.054986, 0.06086, 0.0938697, 0.0883402, 0.0574615
0.996903,0.0748836, 0.00240238, 0.0238827, -0.137204,-0.0947298,-0.00162762, 0.0601196, 0.0549586, 0.0607915, 0.0938413, 0.0883162, 0.0574578
0.996874,0.0752822, 0.00247052, 0.0238586, -0.138014,-0.0952919,-0.00176503, 0.0600842, 0.0549511, 0.0607303, 0.0937958, 0.0882882, 0.057455
0.996817,0.0760169, 0.00256052, 0.0238935, -0.139342,-0.0960031,-0.00202952, 0.0600265, 0.0549494, 0.0606652, 0.0937307, 0.0882565, 0.0574525
0.99673,0.077117, 0.00268631, 0.0239955, -0.141114,-0.0967486,-0.00231657, 0.059947, 0.0549406, 0.0605854, 0.0936609, 0.0882252, 0.0574508
0.996612,0.0785702, 0.00282494, 0.0241395, -0.143092,-0.0973479,-0.00253878, 0.0598483, 0.0549141, 0.0604821, 0.0935977, 0.0881986, 0.0574499
0.996468,0.0802805, 0.00304046, 0.0244248, -0.145132,-0.0974589,-0.00262741, 0.0597362, 0.0548608, 0.0603487, 0.0935484, 0.0881783, 0.0574493
0.99631,0.0821542, 0.00314571, 0.0246365, -0.14665,-0.0971468,-0.00267274, 0.0596186, 0.0547756, 0.0601815, 0.0935125, 0.0881575, 0.0574486
0.996145,0.0840884, 0.0031637, 0.0247822, -0.147657,-0.0965482,-0.00291115, 0.059505, 0.0546573, 0.0599835, 0.0934747, 0.0881259, 0.0574473
0.995984,0.0859171, 0.00328655, 0.0249735, -0.148379,-0.0956634,-0.00330672, 0.0594049, 0.0545123, 0.0597658, 0.0934312, 0.0880859, 0.0574449
0.995834,0.0875778, 0.00344672, 0.0251449, -0.148827,-0.0947883,-0.00371146, 0.0593244, 0.0543506, 0.0595405, 0.0933946, 0.0880445, 0.0574421
0.9957,0.0890517, 0.00356767, 0.0252503, -0.14904,-0.0941607,-0.0040611, 0.0592661, 0.0541834, 0.0593196, 0.0933733, 0.0880052, 0.0574394
0.995594,0.090199, 0.00373995, 0.0253362, -0.149172,-0.0936384,-0.00428315, 0.0592288, 0.0540239, 0.0591184, 0.093363, 0.0879763, 0.0574373
0.995518,0.0910034, 0.00400651, 0.0254269, -0.149222,-0.0931107,-0.00436992, 0.0592078, 0.0538837, 0.0589473, 0.0933597, 0.0879561, 0.0574357
0.995461,0.0916048, 0.00409417, 0.0254738, -0.14921,-0.0928102,-0.00450087, 0.0591984, 0.053769, 0.0588104, 0.0933579, 0.0879394, 0.0574339
0.995421,0.0920346, 0.00405097, 0.0255105, -0.149327,-0.0927824,-0.00464122, 0.0591964, 0.0536818, 0.0587063, 0.093357, 0.0879302, 0.0574319
0.995394,0.0923234, 0.00402664, 0.0255303, -0.149505,-0.0927425,-0.00468127, 0.059193, 0.0536203, 0.0586248, 0.0933526, 0.0879273, 0.05743
0.995367,0.0926056, 0.0040144, 0.0255489, -0.149603,-0.0925356,-0.00463401, 0.05918, 0.053583, 0.0585555, 0.0933416, 0.0879192, 0.0574286
0.995327,0.0930313, 0.00402106, 0.0255762, -0.149574,-0.0921451,-0.00456018, 0.0591502, 0.0535664, 0.058489, 0.0933241, 0.0879045, 0.0574277
0.995262,0.0937206, 0.00407149, 0.0255661, -0.149334,-0.0917397,-0.00451906, 0.0590973, 0.053562, 0.0584139, 0.0932951, 0.0878809, 0.0574271
0.995168,0.094689, 0.00418575, 0.0256161, -0.149052,-0.0913414,-0.00451915, 0.0590187, 0.0535596, 0.0583229, 0.0932537, 0.0878512, 0.0574265
0.995045,0.0959327, 0.00440886, 0.0257318, -0.148779,-0.091138,-0.00453186, 0.0589149, 0.0535472, 0.0582076, 0.0932, 0.0878211, 0.0574262
0.994901,0.0973491, 0.00475482, 0.025931, -0.148712,-0.0912633,-0.00459297, 0.0587933, 0.0535132, 0.0580621, 0.0931295, 0.0877892, 0.057426
0.994746,0.0988447, 0.00514296, 0.026152, -0.148858,-0.0918232,-0.00471561, 0.05867, 0.0534511, 0.0578858, 0.0930475, 0.0877454, 0.0574252
0.994587,0.100385, 0.00541892, 0.0262895, -0.149074,-0.0927882,-0.00500151, 0.058557, 0.0533605, 0.0576821, 0.0929499, 0.0876852, 0.0574228
0.994438,0.101802, 0.00563999, 0.0264219, -0.149464,-0.0936762,-0.00535214, 0.0584652, 0.0532476, 0.0574661, 0.0928527, 0.0876214, 0.0574194
0.994313,0.102968, 0.0058258, 0.0265692, -0.149911,-0.0942775,-0.00551935, 0.0583992, 0.0531247, 0.0572548, 0.0927908, 0.087568, 0.057417
0.994216,0.103841, 0.00605126, 0.0267543, -0.150358,-0.094472,-0.00546568, 0.0583547, 0.0530042, 0.0570606, 0.0927635, 0.0875279, 0.0574143
0.994144,0.104481, 0.00615044, 0.0268896, -0.150565,-0.094515,-0.00528782, 0.058326, 0.0528949, 0.056893, 0.0927555, 0.087502, 0.0574105
0.994097,0.104904, 0.00618343, 0.0269939, -0.150598,-0.0944066,-0.00513316, 0.0583093, 0.0528006, 0.0567567, 0.0927541, 0.0874843, 0.0574073
0.994068,0.105158, 0.00614981, 0.0270645, -0.150541,-0.0943046,-0.00505307, 0.0582989, 0.0527237, 0.0566499, 0.0927537, 0.0874708, 0.0574053
0.994045,0.105364, 0.00600707, 0.0271533, -0.150412,-0.094325,-0.00504806, 0.0582883, 0.0526636, 0.0565666, 0.0927511, 0.087463, 0.0574051
0.994026,0.105525, 0.00592507, 0.0272418, -0.150268,-0.0943314,-0.00501181, 0.0582751, 0.0526196, 0.0564998, 0.0927445, 0.0874594, 0.0574033
0.994003,0.105723, 0.00592357, 0.0273193, -0.150225,-0.0943985,-0.00490758, 0.058253, 0.0525916, 0.0564432, 0.0927376, 0.0874549, 0.0573995
0.993965,0.106058, 0.00597611, 0.0273939, -0.150343,-0.094503,-0.00477349, 0.0582124, 0.052578, 0.0563872, 0.092735, 0.0874515, 0.057397
0.993901,0.106616, 0.006061, 0.0275006, -0.150655,-0.0945461,-0.00466627, 0.0581433, 0.0525733, 0.0563191, 0.0927305, 0.0874499, 0.0573964
0.993808,0.107425, 0.00617321, 0.027716, -0.151251,-0.0944717,-0.00459163, 0.0580411, 0.05257, 0.0562303, 0.0927165, 0.0874488, 0.0573959
0.993687,0.108465, 0.00628962, 0.0279638, -0.152068,-0.0942273,-0.00452279, 0.0579087, 0.0525612, 0.0561192, 0.092693, 0.0874468, 0.0573944
0.993549,0.109649, 0.00638275, 0.028208, -0.153029,-0.0938567,-0.00450455, 0.0577592, 0.0525401, 0.0559907, 0.0926591, 0.0874425, 0.0573928
0.993407,0.110856, 0.00648227, 0.028502, -0.154133,-0.0933641,-0.00458488, 0.0576094, 0.0525023, 0.0558523, 0.0926144, 0.0874339, 0.0573914
0.993265,0.112076, 0.006454, 0.0286607, -0.155022,-0.0928541,-0.00480379, 0.0574737, 0.0524472, 0.0557106, 0.0925618, 0.0874162, 0.05739
0.993131,0.113278, 0.00625553, 0.0286425, -0.155557,-0.092597,-0.00519789, 0.0573642, 0.0523769, 0.0555729, 0.0925039, 0.0873877, 0.0573871
0.993015,0.114394, 0.00572987, 0.028321, -0.155414,-0.0929372,-0.00568449, 0.0572858, 0.0522949, 0.0554438, 0.0924511, 0.0873522, 0.0573826
0.992918,0.115314, 0.00538261, 0.0280813, -0.155411,-0.0931492,-0.00612593, 0.0572363, 0.0522054, 0.0553279, 0.0924104, 0.0873167, 0.0573778
0.992843,0.116002, 0.00520957, 0.0279195, -0.155556,-0.0931436,-0.00640983, 0.0572092, 0.0521175, 0.0552294, 0.0923894, 0.0872876, 0.0573742
0.99279,0.116481, 0.00518339, 0.0278238, -0.155688,-0.0929064,-0.00656249, 0.0571976, 0.0520402, 0.0551506, 0.0923778, 0.0872694, 0.0573718
0.992753,0.116807, 0.00525067, 0.0277597, -0.155777,-0.0926237,-0.00666049, 0.0571954, 0.0519801, 0.0550893, 0.0923707, 0.0872592, 0.0573699
0.992725,0.117054, 0.00529497, 0.0277053, -0.15578,-0.0924041,-0.00674114, 0.0571914, 0.0519387, 0.0550379, 0.0923648, 0.0872543, 0.0573686
0.992696,0.117305, 0.00531875, 0.0276714, -0.155668,-0.0922257,-0.0067781, 0.0571736, 0.0519142, 0.0549875, 0.0923592, 0.08725, 0.057368
0.992655,0.117649, 0.00534047, 0.0276744, -0.155422,-0.0920697,-0.00677655, 0.0571347, 0.0519028, 0.0549311, 0.092353, 0.0872426, 0.0573678
0.992598,0.118125, 0.00538807, 0.0276945, -0.155076,-0.0919794,-0.00674694, 0.0570709, 0.0518993, 0.0548636, 0.0923447, 0.0872296, 0.0573678
0.992521,0.118754, 0.00546899, 0.0277244, -0.154655,-0.092031,-0.00673192, 0.0569847, 0.0518974, 0.0547828, 0.0923302, 0.0872099, 0.0573677
0.992431,0.119518, 0.00555174, 0.0276633, -0.154125,-0.0923975,-0.0067381, 0.0568828, 0.0518904, 0.0546881, 0.092308, 0.0871815, 0.0573675
0.992333,0.120341, 0.00565046, 0.0275879, -0.153629,-0.0930499,-0.00672521, 0.0567761, 0.0518718, 0.0545828, 0.0922802, 0.0871425, 0.0573669
0.992239,0.121111, 0.00579513, 0.0275769, -0.153306,-0.0938001,-0.00664516, 0.0566795, 0.0518393, 0.0544743, 0.0922501, 0.0870986, 0.0573655
0.992158,0.121759, 0.00595344, 0.0276014, -0.153127,-0.0945349,-0.0065401, 0.0566053, 0.0517954, 0.0543698, 0.092218, 0.0870564, 0.0573638
0.992095,0.122259, 0.00607715, 0.027623, -0.153022,-0.0951938,-0.00645592, 0.0565568, 0.051745, 0.0542732, 0.0921869, 0.0870193, 0.0573623
0.992052,0.1226, 0.00615336, 0.0276362, -0.152942,-0.0956954,-0.00641085, 0.05653, 0.0516936, 0.0541871, 0.0921605, 0.086988, 0.057361
0.992029,0.122786, 0.00620067, 0.0276477, -0.152848,-0.0960018,-0.0064019, 0.0565178, 0.0516472, 0.0541142, 0.0921403, 0.0869628, 0.0573602
0.992019,0.122861, 0.00621028, 0.0276517, -0.152751,-0.0961887,-0.00641281, 0.0565133, 0.0516101, 0.0540562, 0.0921229, 0.0869414, 0.0573593
0.992018,0.122872, 0.00620156, 0.0276529, -0.152664,-0.0963035,-0.00641255, 0.0565123, 0.0515849, 0.0540152, 0.0921064, 0.0869236, 0.0573585
0.992022,0.122836, 0.00617829, 0.0276612, -0.152549,-0.0963677,-0.00639428, 0.0565107, 0.0515717, 0.0539894, 0.0920882, 0.0869107, 0.0573576
0.992029,0.122781, 0.00616928, 0.027662, -0.152395,-0.0963306,-0.00639305, 0.0565088, 0.0515668, 0.0539758, 0.0920719, 0.0869037, 0.0573566
0.992034,0.122743, 0.00616749, 0.0276441, -0.152282,-0.0962419,-0.00643341, 0.0565059, 0.0515655, 0.0539696, 0.0920634, 0.0868986, 0.0573557
0.992031,0.122741, 0.0062214, 0.0277525, -0.152184,-0.0959084,-0.00644515, 0.0565007, 0.0515644, 0.0539669, 0.0920599, 0.0868943, 0.0573551
0.992025,0.122768, 0.00630269, 0.027842, -0.151958,-0.0956813,-0.00640424, 0.0564912, 0.0515617, 0.053961, 0.0920525, 0.08689, 0.0573539
0.992013,0.122832, 0.00640003, 0.0279466, -0.151678,-0.0955435,-0.00629407, 0.0564808, 0.0515576, 0.0539531, 0.0920346, 0.0868853, 0.0573501
0.992001,0.122905, 0.00646384, 0.0280333, -0.151592,-0.0954828,-0.00618115, 0.0564726, 0.0515522, 0.0539457, 0.0920155, 0.0868785, 0.0573459
0.991992,0.122969, 0.00648518, 0.0280815, -0.151715,-0.0954738,-0.00613659, 0.0564667, 0.0515463, 0.053939, 0.0920077, 0.0868713, 0.0573449
0.991983,0.123035, 0.00646289, 0.0281006, -0.151884,-0.0955232,-0.00613708, 0.0564614, 0.0515409, 0.0539329, 0.092001, 0.0868653, 0.0573449
0.991978,0.123075, 0.00643699, 0.0281029, -0.151967,-0.0955692,-0.00616134, 0.0564572, 0.0515375, 0.0539282, 0.0919876, 0.086861, 0.057344
0.991975,0.123106, 0.00641092, 0.0280833, -0.151909,-0.095622,-0.00620435, 0.0564533, 0.0515363, 0.0539245, 0.0919576, 0.0868574, 0.0573409
0.991973,0.123138, 0.0064018, 0.0280454, -0.151696,-0.0957175,-0.00622863, 0.0564505, 0.0515361, 0.0539221, 0.0919173, 0.086854, 0.0573371
0.991968,0.123182, 0.00642862, 0.0279999, -0.151458,-0.0958231,-0.006225, 0.0564471, 0.0515347, 0.0539186, 0.0918743, 0.0868511, 0.0573343
0.991959,0.123262, 0.00648896, 0.0279646, -0.151323,-0.0959314,-0.00620886, 0.0564418, 0.0515288, 0.053911, 0.091829, 0.0868479, 0.0573325
0.991942,0.1234, 0.00659577, 0.0279239, -0.15116,-0.0960368,-0.00617796, 0.056434, 0.0515165, 0.0538971, 0.0917748, 0.0868443, 0.0573306
0.991919,0.123591, 0.00675484, 0.0278642, -0.150785,-0.0961125,-0.00612969, 0.0564222, 0.0514991, 0.0538762, 0.0917034, 0.0868405, 0.0573273
0.991893,0.123804, 0.00694358, 0.0278021, -0.150231,-0.096155,-0.0060805, 0.0564061, 0.0514788, 0.05385, 0.091619, 0.0868368, 0.0573226
0.991867,0.124009, 0.00712563, 0.0277593, -0.149695,-0.096187,-0.00603525, 0.0563867, 0.0514584, 0.0538227, 0.0915363, 0.0868333, 0.0573176
0.991845,0.124184, 0.00727211, 0.0277409, -0.149266,-0.0962235,-0.00600286, 0.0563656, 0.051441, 0.0537971, 0.0914629, 0.0868302, 0.0573129
0.991829,0.124308, 0.00737206, 0.0277368, -0.148944,-0.0962636,-0.00598514, 0.0563448, 0.0514285, 0.0537754, 0.0914058, 0.0868268, 0.0573093
0.991819,0.124382, 0.00742556, 0.0277434, -0.148729,-0.0963208,-0.00596748, 0.0563266, 0.0514209, 0.0537585, 0.0913656, 0.0868234, 0.0573068
0.991813,0.124423, 0.00745421, 0.0277493, -0.14862,-0.0963761,-0.00595059, 0.0563123, 0.0514166, 0.0537463, 0.0913442, 0.0868203, 0.0573056
0.991812,0.124431, 0.00745832, 0.0277368, -0.148563,-0.0963972,-0.00594316, 0.0563019, 0.0514137, 0.0537381, 0.0913329, 0.0868182, 0.0573047
0.991814,0.124425, 0.00744477, 0.0277199, -0.14855,-0.0963996,-0.00595097, 0.0562947, 0.0514102, 0.0537331, 0.0913279, 0.0868169, 0.0573034
0.991815,0.124423, 0.00741619, 0.0276934, -0.148593,-0.0964002,-0.00598031, 0.0562901, 0.0514055, 0.0537301, 0.091323, 0.0868155, 0.0573018
0.991814,0.124438, 0.00738906, 0.0276639, -0.148694,-0.0963742,-0.00601992, 0.0562868, 0.0513984, 0.0537276, 0.0913166, 0.0868142, 0.0573004
0.99181,0.124476, 0.00737088, 0.0276309, -0.148832,-0.0963292,-0.00606507, 0.0562846, 0.0513885, 0.0537244, 0.0913061, 0.0868128, 0.0572984
0.991803,0.124546, 0.00736648, 0.0275936, -0.148998,-0.096269,-0.00611358, 0.0562825, 0.051376, 0.0537193, 0.0912919, 0.0868116, 0.0572959
0.99179,0.124651, 0.0073725, 0.0275602, -0.149193,-0.0962028,-0.00616433, 0.0562792, 0.0513612, 0.0537117, 0.0912735, 0.0868104, 0.0572928
0.991774,0.124785, 0.00740201, 0.0275253, -0.149366,-0.0961337,-0.00620712, 0.0562737, 0.0513443, 0.0537008, 0.0912492, 0.0868095, 0.0572887
0.991754,0.124952, 0.0074487, 0.0275012, -0.149538,-0.0960592,-0.00623212, 0.0562658, 0.0513244, 0.0536865, 0.0912242, 0.0868088, 0.0572848
0.991729,0.125149, 0.00750798, 0.0274938, -0.149699,-0.0959821,-0.00623177, 0.0562549, 0.0513017, 0.0536688, 0.0911961, 0.0868083, 0.0572806
0.9917,0.125372, 0.00759864, 0.027478, -0.149753,-0.0959038,-0.00620851, 0.0562411, 0.0512766, 0.0536475, 0.0911613, 0.0868079, 0.0572755
0.99167,0.12561, 0.00771462, 0.0274555, -0.149668,-0.0958268,-0.00618979, 0.0562246, 0.0512498, 0.0536238, 0.0911212, 0.0868075, 0.0572704
0.991638,0.125854, 0.00785138, 0.0274356, -0.149466,-0.0957366,-0.00618784, 0.0562063, 0.0512218, 0.0535987, 0.0910833, 0.0868052, 0.057267
0.991606,0.1261, 0.00796498, 0.0274548, -0.149315,-0.0956599,-0.00620839, 0.0561867, 0.0511936, 0.0535731, 0.0910496, 0.0867999, 0.0572652
0.991573,0.126339, 0.00805027, 0.0274947, -0.14922,-0.0956061,-0.00623179, 0.0561672, 0.0511672, 0.0535481, 0.0910207, 0.086793, 0.0572644
0.991545,0.126553, 0.00811384, 0.0275316, -0.149132,-0.0955619,-0.00623221, 0.0561492, 0.0511449, 0.0535254, 0.0910007, 0.0867866, 0.0572642
0.991522,0.126724, 0.00816368, 0.0275485, -0.149017,-0.0955113,-0.00622069, 0.0561339, 0.0511283, 0.0535065, 0.0909869, 0.0867809, 0.0572641
0.991505,0.126852, 0.00819177, 0.027562, -0.148883,-0.0954778,-0.00622086, 0.0561217, 0.0511175, 0.0534922, 0.0909761, 0.0867742, 0.057264
0.991494,0.126935, 0.00821171, 0.0275707, -0.14872,-0.0954408,-0.00622098, 0.0561127, 0.0511117, 0.0534826, 0.0909683, 0.0867672, 0.0572637
0.991487,0.126987, 0.00822525, 0.027577, -0.148572,-0.0954072,-0.00620018, 0.0561069, 0.0511094, 0.0534767, 0.0909628, 0.0867632, 0.0572633
0.991483,0.127015, 0.00823432, 0.0275756, -0.148467,-0.0953461,-0.00615842, 0.0561034, 0.0511089, 0.0534735, 0.0909591, 0.0867613, 0.0572619
0.991482,0.127022, 0.00823917, 0.0275825, -0.148404,-0.0952968,-0.00612261, 0.0561014, 0.0511072, 0.0534703, 0.0909529, 0.0867577, 0.0572604
0.991479,0.127049, 0.0082208, 0.0275696, -0.148402,-0.0952798,-0.00609502, 0.0560993, 0.0511007, 0.0534636, 0.0909297, 0.0867467, 0.0572563
0.991473,0.127101, 0.00820788, 0.027567, -0.148366,-0.0953239,-0.00608365, 0.0560989, 0.0510862, 0.0534526, 0.0908982, 0.0867308, 0.0572528
0.99146,0.1272, 0.00823085, 0.0275504, -0.148237,-0.0953586,-0.00606589, 0.0560977, 0.0510602, 0.0534334, 0.0908453, 0.0867131, 0.0572484
0.991438,0.127373, 0.00825331, 0.0275315, -0.148212,-0.0954574,-0.00604928, 0.056094, 0.0510191, 0.0534029, 0.0907555, 0.0866917, 0.0572421
0.991408,0.127612, 0.00833144, 0.0274826, -0.148148,-0.095517,-0.00602737, 0.056087, 0.0509607, 0.0533601, 0.0906387, 0.0866656, 0.0572362
0.991367,0.127941, 0.00839864, 0.0274311, -0.148321,-0.0956399,-0.00599749, 0.0560741, 0.0508866, 0.0533054, 0.090533, 0.0866384, 0.0572336
0.991322,0.128297, 0.00850532, 0.0273512, -0.148479,-0.0957145,-0.0059202, 0.056055, 0.0508058, 0.0532424, 0.0903937, 0.0866118, 0.0572299
0.991275,0.128672, 0.00864196, 0.0272445, -0.148637,-0.0957267,-0.005793, 0.0560309, 0.0507233, 0.0531756, 0.090242, 0.0865882, 0.0572257
0.991233,0.129013, 0.00879611, 0.0271319, -0.148751,-0.0956671,-0.0056409, 0.0560026, 0.0506487, 0.0531104, 0.090074, 0.0865682, 0.0572196
0.991199,0.129284, 0.00897199, 0.0270005, -0.148716,-0.0955043,-0.00550542, 0.0559735, 0.0505893, 0.0530541, 0.0899242, 0.0865486, 0.0572144
0.991174,0.129491, 0.00913702, 0.0268695, -0.148682,-0.0952743,-0.00539757, 0.055944, 0.0505475, 0.0530095, 0.0898157, 0.0865264, 0.0572118
0.991156,0.129643, 0.00925034, 0.0267848, -0.148725,-0.0950739,-0.00532934, 0.0559152, 0.0505222, 0.0529766, 0.0897383, 0.0865036, 0.0572106
0.991145,0.129739, 0.00933408, 0.0267045, -0.148764,-0.0948828,-0.005257, 0.0558874, 0.0505091, 0.0529533, 0.0897002, 0.0864865, 0.0572093
0.991135,0.129817, 0.00937911, 0.0266688, -0.148893,-0.0947746,-0.0051636, 0.0558603, 0.0505033, 0.0529366, 0.0896894, 0.0864755, 0.0572045
0.991128,0.129869, 0.00940657, 0.0266628, -0.148997,-0.0947283,-0.00506176, 0.0558393, 0.0505006, 0.052927, 0.0896832, 0.08647, 0.057197
0.991122,0.129918, 0.00942626, 0.0266363, -0.149092,-0.094678,-0.00497943, 0.0558256, 0.0504967, 0.0529217, 0.0896765, 0.0864668, 0.0571915
0.991115,0.129979, 0.00943832, 0.0265981, -0.149186,-0.0946161,-0.00493415, 0.0558173, 0.0504864, 0.0529162, 0.08967, 0.0864639, 0.0571893
0.991104,0.130069, 0.00946173, 0.0265547, -0.149266,-0.0945367,-0.00490306, 0.0558129, 0.050466, 0.0529072, 0.0896622, 0.0864612, 0.0571884
0.991087,0.130209, 0.00946591, 0.0265035, -0.149384,-0.0944206,-0.00489143, 0.0558109, 0.0504335, 0.0528923, 0.0896514, 0.0864588, 0.0571877
0.991063,0.130402, 0.00948469, 0.0264439, -0.149436,-0.094253,-0.0048674, 0.0558093, 0.0503886, 0.0528693, 0.0896321, 0.086456, 0.0571867
0.991033,0.130638, 0.00953303, 0.0263766, -0.149376,-0.0940415,-0.00480509, 0.0558059, 0.0503334, 0.0528378, 0.0895974, 0.0864525, 0.0571854
0.990999,0.130908, 0.00962022, 0.0262996, -0.149169,-0.0937906,-0.00470829, 0.0557993, 0.0502716, 0.0527988, 0.0895468, 0.086448, 0.0571838
0.990962,0.131198, 0.00972298, 0.0262254, -0.148904,-0.0935277,-0.00460821, 0.0557884, 0.0502068, 0.0527543, 0.0894812, 0.0864415, 0.0571821
0.990922,0.131504, 0.00982922, 0.0261614, -0.148664,-0.0932672,-0.00453291, 0.0557723, 0.0501413, 0.0527058, 0.0894039, 0.0864317, 0.0571807
0.990878,0.131831, 0.00992035, 0.0261152, -0.148481,-0.0930146,-0.00452, 0.0557503, 0.0500766, 0.0526543, 0.0893276, 0.086414, 0.0571791
0.990834,0.132168, 0.00999681, 0.0260866, -0.14832,-0.0927908,-0.00455288, 0.0557235, 0.0500179, 0.0526035, 0.0892422, 0.086389, 0.0571774
0.99079,0.132489, 0.0100421, 0.0260877, -0.148252,-0.0926505,-0.00459695, 0.0556934, 0.0499703, 0.0525565, 0.0891374, 0.086364, 0.0571764
0.990753,0.132766, 0.0100937, 0.0260653, -0.148124,-0.0925016,-0.00463815, 0.0556627, 0.0499355, 0.0525165, 0.089018, 0.0863431, 0.0571754
0.990724,0.132986, 0.0101509, 0.0260183, -0.147856,-0.0923441,-0.0046757, 0.055635, 0.0499134, 0.0524857, 0.0888974, 0.0863268, 0.0571741
0.990704,0.133142, 0.010198, 0.0259719, -0.147627,-0.0921919,-0.00469222, 0.0556129, 0.0499012, 0.0524655, 0.0887978, 0.0863166, 0.0571731
0.99069,0.13325, 0.0102331, 0.0259335, -0.147454,-0.0920494,-0.00468371, 0.0555966, 0.0498957, 0.0524535, 0.0887217, 0.0863122, 0.0571722
0.990682,0.133316, 0.0102559, 0.025893, -0.147275,-0.0918743,-0.00466597, 0.0555857, 0.0498943, 0.0524473, 0.0886686, 0.0863084, 0.0571715
0.990678,0.133354, 0.0102645, 0.0258649, -0.147159,-0.0916545,-0.00462561, 0.0555781, 0.0498934, 0.052443, 0.0886383, 0.0863011, 0.0571705
0.990675,0.133386, 0.0102503, 0.0258175, -0.146993,-0.0913722,-0.00455838, 0.0555729, 0.0498897, 0.0524365, 0.0886201, 0.0862885, 0.0571687
0.990671,0.133421, 0.0102401, 0.0257912, -0.146754,-0.0910891,-0.00451012, 0.0555708, 0.0498784, 0.0524248, 0.0886029, 0.0862732, 0.0571672
0.990664,0.133478, 0.0102064, 0.0257634, -0.146505,-0.0908551,-0.00444173, 0.0555695, 0.0498557, 0.0524031, 0.0885856, 0.0862594, 0.0571646
0.990653,0.13357, 0.0102086, 0.0257251, -0.146178,-0.0906447,-0.00436548, 0.055568, 0.0498169, 0.0523693, 0.0885617, 0.0862472, 0.0571618
0.990634,0.133714, 0.0102097, 0.0256864, -0.14585,-0.0904923,-0.00429844, 0.0555645, 0.0497602, 0.0523212, 0.0885259, 0.0862347, 0.0571591
0.990611,0.133897, 0.0102596, 0.0256207, -0.145476,-0.0903641,-0.00420505, 0.0555568, 0.0496863, 0.0522585, 0.0884737, 0.0862235, 0.0571564
0.990583,0.13411, 0.0103853, 0.0255307, -0.145033,-0.0902644,-0.00404161, 0.0555435, 0.0495985, 0.0521828, 0.0883968, 0.0862144, 0.0571532
0.990551,0.134353, 0.0105038, 0.0254474, -0.144764,-0.0902587,-0.00388076, 0.055524, 0.0495014, 0.0520984, 0.0883043, 0.0862025, 0.0571503
0.990518,0.134594, 0.0106246, 0.0253934, -0.144652,-0.0903309,-0.00372709, 0.0554966, 0.0494036, 0.052009, 0.0881848, 0.0861835, 0.0571474
0.99049,0.134807, 0.0107597, 0.0253205, -0.144596,-0.09035,-0.00361595, 0.0554631, 0.0493116, 0.0519224, 0.0880603, 0.0861579, 0.0571453
0.990462,0.135018, 0.0109201, 0.0252028, -0.144474,-0.0902332,-0.0035207, 0.0554282, 0.0492352, 0.0518467, 0.0879466, 0.0861316, 0.0571439
0.990435,0.135222, 0.0110337, 0.0251413, -0.144432,-0.0901286,-0.00344833, 0.0553938, 0.049183, 0.0517858, 0.087821, 0.0861089, 0.0571422
0.990413,0.135385, 0.0111079, 0.0250963, -0.144463,-0.0900186,-0.00341646, 0.0553624, 0.049154, 0.0517428, 0.0877106, 0.0860897, 0.057141
0.990399,0.135494, 0.0111616, 0.0250348, -0.144483,-0.0898839,-0.00338564, 0.0553346, 0.0491427, 0.0517167, 0.0876413, 0.0860722, 0.0571406
0.990389,0.135574, 0.011186, 0.0249896, -0.144607,-0.0897871,-0.00332378, 0.0553116, 0.0491402, 0.0517032, 0.087608, 0.0860575, 0.0571393
0.990381,0.135635, 0.0111955, 0.0249477, -0.144785,-0.0896907,-0.00323293, 0.0552952, 0.0491383, 0.0516976, 0.0875912, 0.0860478, 0.0571364
0.990374,0.135695, 0.011201, 0.0249129, -0.145026,-0.0895819,-0.00313745, 0.0552849, 0.0491296, 0.0516944, 0.0875798, 0.086041, 0.0571328
0.990363,0.135776, 0.0112313, 0.0249008, -0.14533,-0.089457,-0.00305604, 0.0552787, 0.0491085, 0.0516881, 0.0875691, 0.0860342, 0.0571282
0.990349,0.135879, 0.0111964, 0.0248904, -0.14575,-0.0893664,-0.00306956, 0.0552748, 0.0490718, 0.0516737, 0.0875552, 0.0860165, 0.0571205
0.99033,0.136019, 0.0111856, 0.0249077, -0.146214,-0.0891979,-0.00317, 0.0552711, 0.0490227, 0.0516505, 0.0875335, 0.0859763, 0.0571075
0.99031,0.136167, 0.0111179, 0.0249366, -0.146862,-0.0892369,-0.00331711, 0.0552672, 0.0489648, 0.0516204, 0.0875032, 0.085916, 0.0570926
0.990291,0.136304, 0.0110522, 0.0249461, -0.147575,-0.0893189,-0.00348305, 0.0552622, 0.0489022, 0.0515825, 0.0874611, 0.0858414, 0.0570769
0.990272,0.136446, 0.0110397, 0.0249394, -0.148161,-0.0892615,-0.00359611, 0.0552548, 0.0488401, 0.0515382, 0.0874011, 0.0857696, 0.0570627
0.990258,0.13655, 0.0111269, 0.0248765, -0.148348,-0.0890142,-0.00360283, 0.055244, 0.0487802, 0.0514902, 0.0873258, 0.0857132, 0.0570521
0.990245,0.136657, 0.0111805, 0.0247773, -0.148439,-0.0888376,-0.00357637, 0.055232, 0.0487248, 0.0514422, 0.0872704, 0.0856805, 0.057049
0.990237,0.136737, 0.0112868, 0.024608, -0.148242,-0.0886558,-0.00347864, 0.0552126, 0.0486752, 0.0513949, 0.0872357, 0.0856677, 0.0570476
0.99022,0.136878, 0.0112003, 0.0245801, -0.14838,-0.0886897,-0.0033507, 0.0551814, 0.0486318, 0.0513484, 0.0872244, 0.0856646, 0.05704
0.990187,0.137097, 0.0109498, 0.0247779, -0.148411,-0.088743,-0.00314203, 0.0551336, 0.048593, 0.0513059, 0.0872186, 0.0856635, 0.0570199
0.99016,0.137279, 0.0107369, 0.0249585, -0.14834,-0.0888051,-0.00285174, 0.0550675, 0.0485551, 0.051272, 0.0872072, 0.0856615, 0.056992
0.990143,0.137421, 0.0105558, 0.02491, -0.148563,-0.0889815,-0.00255154, 0.0549931, 0.0485214, 0.0512501, 0.0871908, 0.0856556, 0.0569714
0.990132,0.137541, 0.0103553, 0.0247946, -0.148932,-0.0892849,-0.00223404, 0.0549204, 0.048496, 0.0512359, 0.08717, 0.0856449, 0.0569542
0.990124,0.137641, 0.0101338, 0.0246455, -0.149411,-0.0896037,-0.00194115, 0.0548585, 0.0484785, 0.0512282, 0.0871486, 0.0856306, 0.0569425
0.990119,0.137719, 0.00991023, 0.0244785, -0.149947,-0.0898474,-0.00167402, 0.0548097, 0.0484661, 0.0512226, 0.0871321, 0.0856177, 0.0569329
0.990117,0.137772, 0.00972484, 0.024365, -0.150458,-0.0899861,-0.00142646, 0.0547758, 0.0484566, 0.0512151, 0.087122, 0.08561, 0.0569227
0.990117,0.1378, 0.00955165, 0.0242502, -0.150834,-0.0900572,-0.00128251, 0.0547571, 0.0484466, 0.0512058, 0.0871162, 0.085604, 0.0569158
0.990119,0.137807, 0.00945785, 0.0241604, -0.151101,-0.0901715,-0.00114672, 0.0547464, 0.048434, 0.0511911, 0.087112, 0.0855987, 0.0569109
0.990125,0.137789, 0.00937605, 0.0240637, -0.151268,-0.0904224,-0.00109205, 0.05474, 0.0484164, 0.0511709, 0.0871085, 0.0855937, 0.0569086
0.990132,0.137752, 0.00935908, 0.0239712, -0.151263,-0.0906704,-0.00112966, 0.0547325, 0.048393, 0.0511453, 0.0871046, 0.0855885, 0.0569077
0.990141,0.137693, 0.0094498, 0.0239169, -0.151067,-0.0908168,-0.00116085, 0.0547193, 0.0483655, 0.0511155, 0.0870927, 0.0855825, 0.0569072
0.990148,0.137644, 0.0094597, 0.0238882, -0.150932,-0.0911856,-0.00133913, 0.0547014, 0.048335, 0.0510841, 0.0870783, 0.0855738, 0.0569053
0.990154,0.137594, 0.0094396, 0.023942, -0.150827,-0.0918765,-0.00167499, 0.054673, 0.0482991, 0.0510517, 0.0870594, 0.0855594, 0.0569009
0.990159,0.137547, 0.00955134, 0.0239821, -0.150602,-0.0921511,-0.00188376, 0.0546287, 0.0482543, 0.0510195, 0.087033, 0.0855401, 0.0568952
0.990166,0.137481, 0.00971283, 0.0239992, -0.150228,-0.092272,-0.00214549, 0.0545784, 0.0482101, 0.050989, 0.0870062, 0.08552, 0.0568844
0.990175,0.137404, 0.00984786, 0.0240296, -0.149911,-0.0921838,-0.00227384, 0.0545288, 0.0481705, 0.050964, 0.0869642, 0.0855008, 0.0568747
0.990187,0.137302, 0.0099712, 0.0240342, -0.149449,-0.0919597,-0.00231601, 0.0544856, 0.0481395, 0.0509448, 0.086902, 0.0854844, 0.0568658
0.990201,0.137203, 0.0100241, 0.0240263, -0.149031,-0.0916319,-0.00228426, 0.0544515, 0.0481193, 0.0509315, 0.0868234, 0.0854644, 0.0568585
0.990216,0.137102, 0.0100119, 0.0240003, -0.148605,-0.0911968,-0.00223086, 0.054427, 0.0481083, 0.0509236, 0.0867215, 0.0854409, 0.0568536
0.990226,0.137025, 0.00994654, 0.024021, -0.148855,-0.0907398,-0.00223708, 0.0544108, 0.0481033, 0.0509194, 0.0866014, 0.0854143, 0.0568502
0.990241,0.136932, 0.00984238, 0.0239943, -0.148666,-0.0900904,-0.00230331, 0.0543982, 0.0480994, 0.0509167, 0.0864533, 0.0853855, 0.0568473
0.990256,0.136842, 0.0097197, 0.023939, -0.148345,-0.089348,-0.00240383, 0.0543907, 0.0480953, 0.0509129, 0.0863032, 0.085355, 0.0568444
0.990272,0.136752, 0.00957367, 0.0238536, -0.147841,-0.0884972,-0.00254006, 0.054386, 0.0480893, 0.050906, 0.0861547, 0.085323, 0.0568412
0.990288,0.136662, 0.00941534, 0.0237418, -0.147247,-0.0875692,-0.00269535, 0.0543824, 0.0480801, 0.050895, 0.0860167, 0.0852899, 0.056838
0.990304,0.136579, 0.00925418, 0.0236131, -0.146591,-0.0866055,-0.0028738, 0.0543778, 0.0480666, 0.0508799, 0.0858873, 0.085256, 0.0568346
0.990319,0.136504, 0.00910548, 0.023474, -0.14598,-0.0856547,-0.0030506, 0.0543709, 0.0480489, 0.0508612, 0.0857735, 0.085222, 0.0568315
0.990333,0.136441, 0.00896344, 0.0233314, -0.145363,-0.0847332,-0.00322871, 0.0543611, 0.0480274, 0.0508399, 0.0856723, 0.0851884, 0.0568284
0.990345,0.136385, 0.00884138, 0.0231884, -0.144829,-0.0838676,-0.00339326, 0.0543484, 0.0480033, 0.0508174, 0.0855865, 0.0851558, 0.0568257
0.990355,0.136345, 0.00873441, 0.0230509, -0.144341,-0.0830872,-0.00354295, 0.0543333, 0.0479778, 0.0507951, 0.0855131, 0.0851248, 0.0568231
0.990363,0.13631, 0.00864721, 0.0229226, -0.143935,-0.0823931,-0.003672, 0.0543169, 0.0479526, 0.0507739, 0.0854523, 0.0850957, 0.0568209
0.99037,0.136285, 0.00857716, 0.0228065, -0.143592,-0.0818045,-0.00377941, 0.0543001, 0.0479286, 0.050755, 0.0854014, 0.0850689, 0.0568188
0.990375,0.136266, 0.00852097, 0.0227038, -0.143308,-0.0813105,-0.00386458, 0.0542842, 0.0479071, 0.0507388, 0.0853592, 0.0850446, 0.056817
0.99038,0.136252, 0.00848074, 0.022614, -0.143077,-0.0809167,-0.00392827, 0.0542699, 0.0478887, 0.0507257, 0.0853236, 0.0850229, 0.0568154
0.990383,0.136243, 0.00844936, 0.0225394, -0.142883,-0.0806095,-0.00397273, 0.0542578, 0.0478737, 0.0507157, 0.0852931, 0.0850036, 0.0568139
0.990385,0.136237, 0.00842558, 0.0224804, -0.142722,-0.0803838,-0.00400016, 0.0542482, 0.0478622, 0.0507084, 0.0852662, 0.0849867, 0.0568126
0.990387,0.136233, 0.0084075, 0.0224336, -0.142578,-0.0802275,-0.00401276, 0.0542411, 0.0478538, 0.0507035, 0.0852417, 0.0849721, 0.0568113
0.990388,0.13623, 0.00839344, 0.0224, -0.142449,-0.080134,-0.00401287, 0.0542361, 0.0478481, 0.0507005, 0.0852188, 0.0849595, 0.0568101
0.990389,0.136228, 0.00838148, 0.0223768, -0.142326,-0.0800852,-0.00400427, 0.054233, 0.0478446, 0.0506988, 0.0851969, 0.0849488, 0.056809
0.99039,0.136224, 0.00837214, 0.022363, -0.142208,-0.0800713,-0.00398983, 0.0542313, 0.0478427, 0.0506978, 0.0851757, 0.0849398, 0.0568079
0.990391,0.13622, 0.00836372, 0.022357, -0.142099,-0.0800835,-0.00397182, 0.0542305, 0.0478416, 0.0506972, 0.0851552, 0.0849323, 0.0568069
0.990392,0.136214, 0.00835613, 0.0223571, -0.141987,-0.0801137,-0.00395138, 0.0542302, 0.047841, 0.0506965, 0.0851353, 0.0849261, 0.056806
0.990393,0.136207, 0.00834906, 0.0223621, -0.141873,-0.0801548,-0.00392995, 0.0542299, 0.0478405, 0.0506954, 0.0851163, 0.084921, 0.0568052
0.990394,0.136199, 0.00834319, 0.0223702, -0.141768,-0.0801994,-0.00390991, 0.0542296, 0.0478397, 0.0506939, 0.0850985, 0.084917, 0.0568044
0.990395,0.136189, 0.00833793, 0.0223811, -0.141664,-0.0802476,-0.00389071, 0.0542289, 0.0478386, 0.0506918, 0.085082, 0.0849138, 0.0568038
0.990396,0.136178, 0.0083341, 0.0223929, -0.14157,-0.080292,-0.00387396, 0.0542279, 0.047837, 0.050689, 0.0850671, 0.0849114, 0.0568032
0.990398,0.136166, 0.00833055, 0.022406, -0.141475,-0.0803323,-0.00385887, 0.0542265, 0.0478351, 0.0506859, 0.0850539, 0.0849096, 0.0568028
0.990399,0.136154, 0.00832804, 0.0224185, -0.141391,-0.080366,-0.00384669, 0.0542249, 0.0478329, 0.0506823, 0.0850426, 0.0849083, 0.0568024
0.990401,0.136141, 0.00832639, 0.0224314, -0.141311,-0.080394,-0.00383619, 0.0542231, 0.0478305, 0.0506786, 0.085033, 0.0849075, 0.0568021
0.990402,0.136128, 0.00832633, 0.0224433, -0.141242,-0.0804158,-0.00382782, 0.0542212, 0.0478281, 0.0506749, 0.0850251, 0.084907, 0.0568019
0.990404,0.136114, 0.00832652, 0.0224551, -0.141175,-0.0804328,-0.00382088, 0.0542193, 0.0478258, 0.0506713, 0.0850188, 0.0849067, 0.0568018
0.990405,0.136101, 0.00832755, 0.0224658, -0.141116,-0.0804442,-0.00381563, 0.0542176, 0.0478237, 0.0506679, 0.0850138, 0.0849065, 0.0568017
0.990407,0.136089, 0.00832964, 0.0224748, -0.141068,-0.0804502,-0.00381204, 0.0542161, 0.0478219, 0.0506649, 0.0850099, 0.0849065, 0.0568017
0.990408,0.136078, 0.00833187, 0.0224826, -0.141026,-0.0804519,-0.00380962, 0.0542148, 0.0478204, 0.0506622, 0.0850069, 0.0849064, 0.0568016
0.990409,0.136067, 0.00833391, 0.0224898, -0.140987,-0.0804499,-0.00380807, 0.0542139, 0.0478192, 0.05066, 0.0850044, 0.0849062, 0.0568016
0.99041,0.136058, 0.0083357, 0.0224962, -0.140952,-0.0804443,-0.00380733, 0.0542131, 0.0478184, 0.0506582, 0.0850022, 0.0849059, 0.0568016
0.990411,0.136049, 0.00833803, 0.0225011, -0.140921,-0.0804353,-0.00380741, 0.0542127, 0.0478178, 0.0506567, 0.0850001, 0.0849054, 0.0568016
0.990412,0.136042, 0.00833939, 0.0225052, -0.140895,-0.0804236,-0.00380814, 0.0542124, 0.0478175, 0.0506556, 0.084998, 0.0849048, 0.0568016
0.990413,0.136035, 0.00834042, 0.0225081, -0.140869,-0.0804095,-0.00380939, 0.0542122, 0.0478173, 0.0506549, 0.0849956, 0.0849039, 0.0568016
0.990414,0.13603, 0.00834058, 0.0225102, -0.140848,-0.0803931,-0.00381119, 0.0542121, 0.0478172, 0.0506544, 0.0849929, 0.0849028, 0.0568015
0.990414,0.136026, 0.00834016, 0.0225113, -0.140829,-0.0803755,-0.00381335, 0.0542121, 0.0478171, 0.050654, 0.0849899, 0.0849015, 0.0568015
0.990415,0.136023, 0.00833905, 0.0225117, -0.140807,-0.0803554,-0.0038158, 0.054212, 0.0478171, 0.0506539, 0.0849865, 0.0849001, 0.0568014
0.990415,0.136021, 0.00833727, 0.0225112, -0.140787,-0.0803327,-0.00381871, 0.0542119, 0.047817, 0.0506538, 0.0849828, 0.0848984, 0.0568013
