1.61859e+09,-0.000484419,0.0096793,-0.00219801,0.999951,0.00784107,0.00178623,-0.0130412
1.61859e+09,-0.00193656,0.00614219,-0.00533971,0.999965,0.00524364,0.00371111,-0.00411492
1.61859e+09,-0.00265425,0.00430183,-0.00846968,0.999951,0.000564568,0.00646805,0.0411949
1.61859e+09,-0.00362487,0.00947795,-0.0121342,0.999875,0.0035829,0.00457603,0.0671384
1.61859e+09,-0.00366153,-0.00179992,-0.0185831,0.999819,-0.00113674,-3.03602e-05,0.110986
1.61859e+09,7.00334e-05,-0.0224162,-0.0271602,0.99938,-0.00530169,-0.00162514,0.17398
1.61859e+09,0.000841954,-0.0159839,-0.0382403,0.99914,-0.0115967,-0.000778673,0.24191
1.61859e+09,0.000800319,-0.0106248,-0.0503146,0.998677,-0.009104,-0.00191505,0.29853
1.61859e+09,0.00269535,-0.0136772,-0.0566963,0.998294,-0.00563472,-0.00483543,0.340508
1.61859e+09,0.00387218,-0.0248459,-0.055957,0.998116,-0.00618763,-0.00429645,0.365955
1.61859e+09,-3.60291e-05,-0.0527009,-0.0527942,0.997214,-0.0155359,-0.000573546,0.413309
1.61859e+09,-0.0029769,-0.0720644,-0.0496274,0.99616,-0.0264961,0.00417374,0.477451
1.61859e+09,-0.0046151,-0.0810117,-0.0470295,0.995592,-0.0323999,0.00708743,0.526412
1.61859e+09,-0.00545885,-0.0892894,-0.0425934,0.99508,-0.0337216,0.00895484,0.55265
1.61859e+09,-0.00460718,-0.0941003,-0.0358641,0.994906,-0.0343328,0.0167198,0.566805
1.61859e+09,-0.00467592,-0.0904585,-0.0304584,0.995423,-0.0379252,0.024687,0.594815
1.61859e+09,-0.00595035,-0.0749701,-0.0282311,0.996768,-0.0316924,0.0316685,0.595637
1.61859e+09,-0.00843866,-0.0567367,-0.0279501,0.997962,-0.0222602,0.0342461,0.591713
1.61859e+09,-0.0148748,-0.0452146,-0.0271676,0.998497,-0.0128533,0.0368121,0.56711
1.61859e+09,-0.0298988,-0.042022,-0.027072,0.998302,-0.00850934,0.0424865,0.567129
1.61859e+09,-0.0591047,-0.0401677,-0.0292744,0.997014,-0.00659505,0.0492142,0.572753
1.61859e+09,-0.102326,-0.0389446,-0.033482,0.993424,-0.00628853,0.0589521,0.581264
1.61859e+09,-0.150632,-0.0401467,-0.0377719,0.987052,-0.00354261,0.0652633,0.554967
1.61859e+09,-0.198808,-0.0445185,-0.0402842,0.978198,-0.00504015,0.0718689,0.545195
1.61859e+09,-0.247204,-0.0429642,-0.0414813,0.967121,-0.00866207,0.0743311,0.532893
1.61859e+09,-0.291576,-0.0338641,-0.0432954,0.954967,-0.0114674,0.0696527,0.512201
1.61859e+09,-0.330766,-0.0314254,-0.0456129,0.942086,-0.00581003,0.0652891,0.475031
1.61859e+09,-0.366248,-0.034979,-0.0432953,0.928851,-0.0045023,0.0636499,0.458954
1.61859e+09,-0.399299,-0.0329617,-0.0408658,0.915316,-0.00342424,0.0652272,0.445261
1.61859e+09,-0.43064,-0.0223055,-0.0419938,0.90127,-0.00118384,0.064133,0.431349
1.61859e+09,-0.438139,-0.0219444,-0.0413806,0.897686,-0.00139012,0.054399,0.419848
1.61859e+09,-0.479157,-0.0188765,-0.0354533,0.87681,-0.00636713,0.0507903,0.398461
1.61859e+09,-0.495719,-0.015912,-0.0343064,0.867659,-0.00991782,0.0473585,0.387923
1.61859e+09,-0.504718,-0.0112832,-0.0345311,0.862519,-0.0139447,0.0409297,0.378059
1.61859e+09,-0.507487,-0.00958783,-0.0348743,0.8609,-0.016578,0.0319138,0.367512
1.61859e+09,-0.506691,-0.00934389,-0.0347998,0.861374,-0.0178378,0.0336166,0.365081
1.61859e+09,-0.504412,-0.00805941,-0.0350356,0.862715,-0.0187257,0.0312777,0.361989
1.61859e+09,-0.500534,-0.00873908,-0.0339616,0.865006,-0.0199863,0.0261993,0.359307
1.61859e+09,-0.495506,-0.0102517,-0.0324411,0.867938,-0.019722,0.0351481,0.358858
1.61859e+09,-0.488336,-0.0104461,-0.0312276,0.872034,-0.0203887,0.0361534,0.357513
1.61859e+09,-0.479582,-0.0103844,-0.0312052,0.876881,-0.0203754,0.0335748,0.355277
1.61859e+09,-0.466039,-0.0135374,-0.0318954,0.884085,-0.0185939,0.0282709,0.349807
1.61859e+09,-0.445964,-0.0218301,-0.0306302,0.89426,-0.0172076,0.0226224,0.347322
1.61859e+09,-0.416923,-0.0301908,-0.0319472,0.907878,-0.0129696,0.029117,0.344858
1.61859e+09,-0.408718,-0.0314329,-0.0333409,0.911509,-0.0138551,0.0386673,0.349152
1.61859e+09,-0.328443,-0.0473664,-0.0392106,0.94252,-0.00181909,0.0365235,0.356412
1.61859e+09,-0.282659,-0.0596404,-0.0412895,0.956474,0.0030479,0.0416931,0.362361
1.61859e+09,-0.233099,-0.0786033,-0.0429912,0.968317,0.00385888,0.0507892,0.376566
1.61859e+09,-0.177544,-0.0925948,-0.0459823,0.978667,0.00379581,0.0568853,0.396382
1.61859e+09,-0.116813,-0.0984507,-0.0488907,0.987052,0.00355044,0.0581007,0.412227
1.61859e+09,-0.0531155,-0.103517,-0.0505476,0.991921,0.000118154,0.0591397,0.447504
1.61859e+09,0.0107507,-0.101407,-0.0508267,0.993488,-0.00579472,0.0566813,0.490505
1.61859e+09,0.0719824,-0.0927691,-0.0488703,0.991879,-0.00857206,0.0454495,0.522451
1.61859e+09,0.129444,-0.0882792,-0.0436096,0.986686,-0.0129497,0.030551,0.53875
1.61859e+09,0.182657,-0.0851905,-0.0365133,0.978798,-0.01433,0.0219861,0.532379
1.61859e+09,0.230975,-0.0877259,-0.0318147,0.968474,-0.0124664,0.0216572,0.515099
1.61859e+09,0.278903,-0.0962431,-0.0314716,0.954966,-0.0126757,0.0181404,0.506149
1.61859e+09,0.32738,-0.100688,-0.0336555,0.93891,-0.0180841,0.000255729,0.516317
1.61859e+09,0.371762,-0.101216,-0.0354604,0.922112,-0.0194684,-0.0175625,0.51955
1.61859e+09,0.405792,-0.103954,-0.036443,0.907303,-0.0202698,-0.0316599,0.519325
1.61859e+09,0.426829,-0.107523,-0.036596,0.897171,-0.025169,-0.0442977,0.521292
1.61859e+09,0.442273,-0.111204,-0.0352817,0.88926,-0.0282956,-0.0452899,0.520395
1.61859e+09,0.452734,-0.115671,-0.0345699,0.883435,-0.0340003,-0.053885,0.524321
1.61859e+09,0.457339,-0.120896,-0.0353347,0.880328,-0.0388094,-0.0610253,0.529709
1.61859e+09,0.453903,-0.121395,-0.0359961,0.882009,-0.0414582,-0.0615867,0.531805
1.61859e+09,0.446703,-0.117217,-0.0365901,0.886215,-0.0407878,-0.0551707,0.530825
1.61859e+09,0.439021,-0.108272,-0.0350047,0.891242,-0.0383637,-0.0513474,0.529287
1.61859e+09,0.430455,-0.0998639,-0.0323945,0.896486,-0.0364801,-0.0500051,0.530387
1.61859e+09,0.414512,-0.0950136,-0.0307535,0.904547,-0.036779,-0.0436738,0.536876
1.61859e+09,0.383094,-0.0904964,-0.0297697,0.918783,-0.0398832,-0.0396018,0.551473
1.61859e+09,0.337142,-0.08477,-0.0302482,0.937141,-0.0432652,-0.0301581,0.570249
1.61859e+09,0.280302,-0.07864,-0.0329841,0.956116,-0.0427168,-0.0144658,0.581329
1.61859e+09,0.216694,-0.0785803,-0.0387273,0.972301,-0.0431388,0.00379943,0.592694
1.61859e+09,0.143426,-0.0794552,-0.0458219,0.985402,-0.044342,0.024556,0.598891
1.61859e+09,0.066639,-0.0798744,-0.0532353,0.993149,-0.043424,0.0428477,0.592016
1.61859e+09,-0.00345354,-0.0816007,-0.0590274,0.99491,-0.0432314,0.0544149,0.584506
1.61859e+09,-0.0639382,-0.0820981,-0.0622972,0.992618,-0.0426094,0.0661349,0.583835
1.61859e+09,-0.120999,-0.0747608,-0.0646708,0.987718,-0.0399067,0.0761115,0.581485
1.61859e+09,-0.173489,-0.0637127,-0.0660291,0.980552,-0.034826,0.0831097,0.569788
1.61859e+09,-0.226856,-0.0523698,-0.0658747,0.970286,-0.0291881,0.0853887,0.54558
1.61859e+09,-0.279471,-0.0487763,-0.0631601,0.956832,-0.0237848,0.0880165,0.520112
1.61859e+09,-0.32979,-0.0496638,-0.0573518,0.941001,-0.0230883,0.0935921,0.50389
1.61859e+09,-0.378206,-0.0423948,-0.0539441,0.923176,-0.0221503,0.0908305,0.481811
1.61859e+09,-0.403269,-0.0412304,-0.0522255,0.912659,-0.021829,0.0762634,0.459353
1.61859e+09,-0.439842,-0.0372732,-0.0503628,0.895887,-0.0191376,0.0672129,0.440734
1.61859e+09,-0.45737,-0.0361659,-0.0491079,0.887183,-0.015253,0.0513386,0.414497
1.61859e+09,-0.513725,-0.0264887,-0.0386079,0.856677,-0.0315255,0.0500394,0.416958
1.61859e+09,-0.53417,-0.021679,-0.0332689,0.844444,-0.0359306,0.0463847,0.397707
1.61859e+09,-0.540858,-0.0182382,-0.0321752,0.8403,-0.0373963,0.0447928,0.381587
1.61859e+09,-0.538864,-0.0146754,-0.0307028,0.841705,-0.0394786,0.0271368,0.376943
1.61859e+09,-0.540244,-0.00435868,-0.0305844,0.840941,-0.0374707,0.046536,0.377287
1.61859e+09,-0.54003,4.76206e-05,-0.030467,0.841094,-0.0368278,0.0170933,0.356145
1.61859e+09,-0.528676,-0.0128665,-0.0267867,0.848303,-0.032757,0.021728,0.344059
1.61859e+09,-0.526254,-0.0134264,-0.0268306,0.849798,-0.0336204,0.0288859,0.351415
1.61859e+09,-0.4978,-0.0239675,-0.0358286,0.86622,-0.0379771,0.0721775,0.359008
1.61859e+09,-0.450161,-0.0303632,-0.0537391,0.890812,-0.0210742,0.085543,0.355729
1.61859e+09,-0.363422,-0.0490243,-0.0658748,0.927999,0.00366599,0.0497017,0.341324
1.61859e+09,-0.294772,-0.0602561,-0.0724053,0.950913,0.0103379,0.0509671,0.358073
1.61859e+09,-0.225757,-0.0678773,-0.076282,0.968818,0.0169787,0.0584607,0.375299
1.61859e+09,-0.153804,-0.0707447,-0.0765338,0.98259,0.0198214,0.0614834,0.394913
1.61859e+09,-0.0747428,-0.0692472,-0.0726829,0.992137,0.018733,0.0623537,0.421673
1.61859e+09,0.0108063,-0.0600474,-0.064926,0.996023,0.0126113,0.0596445,0.464739
1.61859e+09,0.0907654,-0.0444011,-0.0537434,0.993429,0.00846124,0.0492357,0.485977
1.61859e+09,0.16279,-0.0362874,-0.041565,0.985117,0.00422932,0.035555,0.495
1.61859e+09,0.224913,-0.0379279,-0.0292982,0.9732,0.00223835,0.0277919,0.483596
1.61859e+09,0.278782,-0.0509405,-0.0202753,0.958788,-0.00286516,0.0257223,0.477683
1.61859e+09,0.326015,-0.0640855,-0.0148789,0.943072,-0.0129912,0.0121908,0.491718
1.61859e+09,0.369838,-0.0744068,-0.0115609,0.92604,-0.0203483,0.00141858,0.494746
1.61859e+09,0.408041,-0.0840175,-0.00965521,0.909038,-0.0265096,-0.00590035,0.496621
1.61859e+09,0.433993,-0.0935056,-0.00979746,0.895997,-0.0371796,-0.0292823,0.506109
1.61859e+09,0.447678,-0.0970554,-0.0108919,0.888845,-0.0466008,-0.0476204,0.511597
1.61859e+09,0.452995,-0.0958355,-0.0118718,0.886268,-0.0500278,-0.0528481,0.511692
1.61859e+09,0.447393,-0.0912011,-0.0144014,0.889558,-0.0544214,-0.0644639,0.518685
1.61859e+09,0.435022,-0.0830802,-0.0149321,0.896454,-0.0478512,-0.054455,0.515917
1.61859e+09,0.415832,-0.0803115,-0.0151746,0.905761,-0.0476737,-0.0527339,0.524243
1.61859e+09,0.383083,-0.0759776,-0.0141887,0.920475,-0.0515416,-0.0469903,0.54227
1.61859e+09,0.336466,-0.0675078,-0.0137977,0.939171,-0.0519315,-0.0335163,0.55878
1.61859e+09,0.279615,-0.059294,-0.0160123,0.958146,-0.0495286,-0.0159777,0.570984
1.61859e+09,0.217884,-0.0533917,-0.0195027,0.974318,-0.0451024,0.00766976,0.568817
1.61859e+09,0.153455,-0.0534422,-0.0217943,0.986469,-0.0436985,0.0282352,0.556905
1.61859e+09,0.0936614,-0.0612612,-0.0222217,0.993469,-0.0455556,0.0454668,0.542857
1.61859e+09,0.0507976,-0.0729471,-0.0215395,0.995808,-0.046284,0.0578696,0.517712
1.61859e+09,0.0324406,-0.0799064,-0.020567,0.996062,-0.0470456,0.0649661,0.495691
1.61859e+09,0.0255693,-0.0830635,-0.0201898,0.996012,-0.0482733,0.0677394,0.494466
1.61859e+09,0.0228244,-0.0814133,-0.0200702,0.996217,-0.0494127,0.0694038,0.500701
1.61859e+09,0.0211389,-0.0730351,-0.0201935,0.996901,-0.0479411,0.0703337,0.500315
1.61859e+09,0.020048,-0.0683611,-0.0198025,0.997263,-0.043755,0.0710064,0.486882
1.61859e+09,0.0187397,-0.0669415,-0.0196013,0.997388,-0.0410902,0.0704967,0.479015
1.61859e+09,0.0171401,-0.0688929,-0.0199993,0.997276,-0.0391039,0.0717435,0.472897
1.61859e+09,0.0160413,-0.0749699,-0.0258621,0.996721,-0.0381447,0.0782024,0.471679
1.61859e+09,0.0144329,-0.079405,-0.0446681,0.995737,-0.0292984,0.0952181,0.477134
1.61859e+09,0.0114378,-0.0802236,-0.0801279,0.993485,-0.0192065,0.112525,0.4896
1.61859e+09,0.00830856,-0.0801043,-0.124125,0.988993,-0.00690567,0.113266,0.488647
1.61859e+09,0.00674995,-0.0760184,-0.173368,0.981896,0.00359625,0.112096,0.508037
1.61859e+09,0.00455677,-0.0701361,-0.224263,0.971991,0.0166463,0.108564,0.51526
1.61859e+09,0.00276335,-0.0677324,-0.271556,0.960032,0.0271985,0.0994156,0.477771
1.61859e+09,0.00227529,-0.080521,-0.315397,0.945535,0.0345044,0.0894155,0.443522
1.61859e+09,0.00441986,-0.0934454,-0.358348,0.928889,0.0430795,0.0841235,0.462997
1.61859e+09,0.000253164,-0.108371,-0.403059,0.908735,0.0495415,0.0773979,0.476182
1.61859e+09,-0.00885034,-0.124405,-0.446026,0.886288,0.0554534,0.0667999,0.478052
1.61859e+09,-0.0171486,-0.137745,-0.484243,0.863852,0.0556248,0.0532488,0.489821
1.61859e+09,-0.0188513,-0.139809,-0.520521,0.842114,0.0569503,0.0411618,0.483396
1.61859e+09,-0.0142123,-0.137635,-0.55158,0.822566,0.0544866,0.0190128,0.47715
1.61859e+09,-0.00350686,-0.130352,-0.574568,0.808003,0.0519614,-0.00140968,0.472677
1.61859e+09,0.00359864,-0.121001,-0.591492,0.797172,0.0475878,-0.0188036,0.470025
1.61859e+09,0.00175727,-0.120066,-0.6029,0.788729,0.0454603,-0.0335407,0.470075
1.61859e+09,-0.00151322,-0.119789,-0.607157,0.785499,0.0439664,-0.0458062,0.463296
1.61859e+09,-0.00594332,-0.123299,-0.607053,0.785015,0.0420056,-0.052636,0.458185
1.61859e+09,-0.0094515,-0.125826,-0.603012,0.78769,0.0402623,-0.0575751,0.458425
1.61859e+09,-0.0107032,-0.126577,-0.594511,0.79399,0.0389624,-0.060549,0.457948
1.61859e+09,-0.00817308,-0.125383,-0.580031,0.804845,0.037253,-0.064056,0.455727
1.61859e+09,-0.00226043,-0.121496,-0.556379,0.821995,0.025882,-0.0388941,0.457713
1.61859e+09,0.00333831,-0.118793,-0.525094,0.842706,0.0236721,-0.0334187,0.443865
1.61859e+09,0.00568283,-0.122525,-0.483422,0.866752,0.0165162,-0.0183823,0.446509
1.61859e+09,0.0120185,-0.119435,-0.431964,0.893867,0.0100969,-0.00599573,0.458038
1.61859e+09,0.0200407,-0.112725,-0.374458,0.920148,0.00358387,0.00717422,0.465533
1.61859e+09,0.026063,-0.104942,-0.314138,0.943199,-0.00386591,0.0183785,0.470477
1.61859e+09,0.0257738,-0.0993192,-0.250401,0.962689,-0.00832734,0.0297781,0.467476
1.61859e+09,0.0210402,-0.0963501,-0.184782,0.977819,-0.0168902,0.0432751,0.456996
1.61859e+09,0.014308,-0.0982606,-0.117755,0.988066,-0.0254789,0.055985,0.435366
1.61859e+09,0.00778249,-0.10203,-0.0495297,0.993517,-0.0349729,0.0691165,0.436475
1.61859e+09,0.000692221,-0.0985276,0.0206453,0.99492,-0.0379376,0.0768417,0.426608
1.61859e+09,-0.00419599,-0.0976657,0.086935,0.991406,-0.0499032,0.0847123,0.421434
1.61859e+09,-0.0047455,-0.0995986,0.143214,0.984656,-0.0560647,0.0853007,0.41481
1.61859e+09,-0.00184945,-0.0982039,0.193827,0.976106,-0.0630248,0.0813979,0.40833
1.61859e+09,0.00133064,-0.0988651,0.238869,0.966005,-0.0721598,0.0782214,0.403627
1.61859e+09,0.000369052,-0.0976035,0.260015,0.960659,-0.0412488,0.110975,0.399345
1.61859e+09,-0.00409928,-0.0915683,0.296336,0.950675,-0.0471357,0.109621,0.381535
1.61859e+09,-0.00608218,-0.093786,0.329925,0.939317,-0.0654488,0.0992507,0.392147
1.61859e+09,-0.00420655,-0.102349,0.356075,0.928826,-0.0803073,0.0813986,0.394622
1.61859e+09,-0.00843986,-0.102994,0.367536,0.92425,-0.076883,0.089105,0.380986
1.61859e+09,-0.0158613,-0.0927798,0.371976,0.923458,-0.0760785,0.0803261,0.370021
1.61859e+09,-0.0182404,-0.0842431,0.36826,0.925719,-0.0800408,0.0817804,0.378099
1.61859e+09,-0.0141739,-0.0841459,0.358296,0.9297,-0.0829602,0.0884381,0.377313
1.61859e+09,-0.0101734,-0.0835083,0.336533,0.937906,-0.0814736,0.105397,0.380827
1.61859e+09,-0.0101532,-0.0811612,0.32841,0.940987,-0.0985401,0.0344436,0.377569
1.61859e+09,-0.0108662,-0.0794045,0.325342,0.942194,-0.118528,-0.0017301,0.376607
1.61859e+09,-0.00979641,-0.0812383,0.278816,0.956852,-0.119718,-0.0516649,0.395613
1.61859e+09,-0.00525107,-0.0872477,0.226228,0.970145,-0.131406,-0.0534614,0.400539
1.61859e+09,-0.00297291,-0.0894449,0.161701,0.982773,-0.133354,-0.0522626,0.414557
1.61859e+09,-0.00418441,-0.0823229,0.0912656,0.992409,-0.124145,-0.0534251,0.424871
1.61859e+09,-0.00201744,-0.0770684,0.0835801,0.993514,-0.146592,-0.166523,0.403699
1.61859e+09,0.00223825,-0.0759502,0.0471749,0.995992,-0.220251,-0.41996,0.412648
1.61859e+09,0.00875912,-0.0834513,-0.0138147,0.996378,-0.207029,-0.424379,0.418938
1.61859e+09,0.015591,-0.100409,-0.0691062,0.992421,-0.225451,-0.449371,0.424511
1.61859e+09,0.0172386,-0.118373,-0.126451,0.984734,-0.221868,-0.46101,0.418603
1.61859e+09,0.0171446,-0.135542,-0.182357,0.973694,-0.191459,-0.456181,0.433295
1.61859e+09,0.0198552,-0.147392,-0.229216,0.961947,-0.184151,-0.46543,0.441725
1.61859e+09,0.0259916,-0.149101,-0.27148,0.950469,-0.178036,-0.478067,0.450125
1.61859e+09,0.0358435,-0.141632,-0.306976,0.940437,-0.174383,-0.49628,0.456111
1.61859e+09,0.0469675,-0.1307,-0.335118,0.931884,-0.167542,-0.514308,0.447577
1.61859e+09,0.0539722,-0.122081,-0.353531,0.925851,-0.170507,-0.535319,0.444583
1.61859e+09,0.0540934,-0.119523,-0.366212,0.921237,-0.170132,-0.547965,0.438362
1.61859e+09,0.0512272,-0.121808,-0.371392,0.919025,-0.171538,-0.557759,0.431767
1.61859e+09,0.0488697,-0.124149,-0.37021,0.919317,-0.169621,-0.559376,0.433471
1.61859e+09,0.0454102,-0.127612,-0.359157,0.923395,-0.175192,-0.558824,0.427158
1.61859e+09,0.0432851,-0.13161,-0.334803,0.932047,-0.190634,-0.541807,0.429609
1.61859e+09,0.0458339,-0.12947,-0.31123,0.940358,-0.186975,-0.551284,0.440857
1.61859e+09,0.0438282,-0.122612,-0.330905,0.934637,0.00686804,-0.35554,0.465389
1.61859e+09,0.040444,-0.107727,-0.343764,0.931979,-0.00877187,0.047103,0.475794
1.61859e+09,0.0349206,-0.0932843,-0.297204,0.949604,-0.00689518,0.06786,0.461739
1.61859e+09,0.0201605,-0.0880389,-0.294583,0.951348,0.0170653,0.0508513,0.450177
1.61859e+09,0.00471485,-0.0797566,-0.267904,0.960127,0.178423,-0.100693,0.413596
1.61859e+09,-0.0028724,-0.082993,-0.219857,0.971991,0.30456,-0.0592535,0.382508
1.61859e+09,-0.00858162,-0.0927812,-0.187881,0.977762,0.632187,0.1052,0.388963
1.61859e+09,-0.0116316,-0.0892501,-0.129053,0.987545,0.65765,0.105114,0.399079
1.61859e+09,-0.0156683,-0.0716712,-0.0679904,0.994985,0.636945,0.102014,0.401332
1.61859e+09,-0.0222415,-0.0567402,-0.0100755,0.99809,0.64063,0.10157,0.40173
1.61859e+09,-0.0277776,-0.0544786,0.0472961,0.997007,0.635849,0.102001,0.389116
1.61859e+09,-0.0306297,-0.0614691,0.0521997,0.996272,0.675865,0.081678,0.400685
1.61859e+09,-0.0299585,-0.0726523,0.0669657,0.994656,0.828541,0.126943,0.371817
1.61859e+09,-0.0318567,-0.0932558,0.0888949,0.991154,0.906752,0.238452,0.332253
1.61859e+09,-0.03162,-0.09507,0.120346,0.987663,0.897156,0.231328,0.328122
1.61859e+09,-0.0342373,-0.0952749,0.14458,0.9843,0.879687,0.227562,0.323162
1.61859e+09,-0.032054,-0.092808,0.158726,0.982428,0.867825,0.221968,0.315857
1.61859e+09,-0.028516,-0.086503,0.164998,0.982079,0.861156,0.222576,0.322052
1.61859e+09,-0.0290478,-0.0756139,0.162793,0.98333,0.852709,0.224894,0.322645
1.61859e+09,-0.0296815,-0.0656327,0.153194,0.985567,0.846279,0.220769,0.327152
1.61859e+09,-0.0245122,-0.0689138,0.13661,0.987921,0.83699,0.218786,0.324351
1.61859e+09,-0.0181576,-0.0773312,0.112424,0.99048,0.839291,0.218881,0.335195
1.61859e+09,-0.0142231,-0.084435,0.112962,0.989903,0.843083,0.234567,0.372486
1.61859e+09,-0.00836984,-0.084997,0.111863,0.990046,0.606234,0.13896,0.36908
1.61859e+09,-0.0015537,-0.084661,0.107922,0.990547,0.624891,0.136747,0.387146
1.61859e+09,-0.000267066,-0.0824535,0.109417,0.99057,0.5229,0.0904114,0.379157
1.61859e+09,0.00628352,-0.0733216,0.10599,0.99164,0.336247,0.15593,0.426868
1.61859e+09,0.00556662,-0.0553475,0.0776069,0.995431,-0.0835655,-0.038454,0.424697
1.61859e+09,0.0122046,-0.0451179,0.0933579,0.994535,-0.230113,-0.379763,0.411003
1.61859e+09,0.0215249,-0.0454287,0.0835232,0.995237,-0.272135,-0.458702,0.421042
1.61859e+09,0.0198882,-0.0509675,0.0822733,0.995107,-0.292827,-0.484102,0.462001
1.61859e+09,0.0272982,-0.0583721,0.0844691,0.99434,-0.37895,-0.596117,0.496474
1.61859e+09,0.0271203,-0.0870792,0.0260738,0.995491,-0.366058,-0.598443,0.502745
1.61859e+09,0.0314138,-0.107467,-0.0285597,0.993302,-0.355648,-0.601687,0.50831
1.61859e+09,0.0372055,-0.117084,-0.0795653,0.98923,-0.347555,-0.606615,0.509236
1.61859e+09,0.0412407,-0.117696,-0.123335,0.984497,-0.337624,-0.617933,0.523444
1.61859e+09,0.0441168,-0.109569,-0.155827,0.980697,-0.32671,-0.637409,0.525495
1.61859e+09,0.0458005,-0.100265,-0.175815,0.978232,-0.318563,-0.656216,0.525015
1.61859e+09,0.0443012,-0.0894672,-0.187816,0.977117,-0.312716,-0.668666,0.518964
1.61859e+09,0.0406187,-0.085656,-0.191821,0.976841,-0.3055,-0.679809,0.50987
1.61859e+09,0.0368121,-0.0884056,-0.18571,0.977927,-0.300221,-0.685258,0.503512
1.61859e+09,0.0342382,-0.0900245,-0.16492,0.981593,-0.300025,-0.686472,0.508202
1.61859e+09,0.0313116,-0.0944205,-0.12772,0.986809,-0.329055,-0.67561,0.500946
1.61859e+09,0.0334296,-0.0925743,-0.0760674,0.992233,-0.33427,-0.681499,0.50555
1.61859e+09,0.0367914,-0.0801828,-0.00989384,0.996052,-0.343421,-0.686854,0.527819
1.61859e+09,0.0353416,-0.0636249,0.0588697,0.995609,-0.35249,-0.67956,0.53172
1.61859e+09,0.0325651,-0.0527615,0.127988,0.989836,-0.365312,-0.676957,0.522653
1.61859e+09,0.0337464,-0.044152,0.190066,0.980197,-0.387604,-0.685526,0.50775
1.61859e+09,0.0347273,-0.0425186,0.234631,0.970533,-0.409951,-0.677893,0.500937
1.61859e+09,0.03105,-0.0493264,0.268044,0.961642,-0.429427,-0.676147,0.497014
1.61859e+09,0.030126,-0.0642806,0.29382,0.953221,-0.447173,-0.671761,0.477822
1.61859e+09,0.0296319,-0.0767543,0.310574,0.946982,-0.458066,-0.670693,0.474962
1.61859e+09,0.028021,-0.0794448,0.319629,0.943791,-0.462085,-0.669497,0.480405
1.61859e+09,0.0250904,-0.073693,0.324338,0.942733,-0.466197,-0.66675,0.489187
1.61859e+09,0.015275,-0.0522952,0.327544,0.943264,-0.463686,-0.663007,0.507328
1.61859e+09,0.000344602,-0.0180419,0.329348,0.944036,-0.456724,-0.656889,0.50168
1.61859e+09,-0.0220613,0.0285923,0.330427,0.94314,-0.451112,-0.651536,0.494383
1.61859e+09,-0.03324,0.0420501,0.328135,0.943109,-0.39648,-0.61923,0.507488
1.61859e+09,-0.0476475,0.080858,0.329536,0.939467,-0.391192,-0.609268,0.511272
1.61859e+09,-0.0656748,0.126189,0.331146,0.932795,-0.390788,-0.607309,0.494477
1.61859e+09,-0.0833106,0.171614,0.33125,0.924057,-0.390282,-0.603092,0.473824
1.61859e+09,-0.0994913,0.212635,0.32977,0.914407,-0.387975,-0.601143,0.46094
1.61859e+09,-0.110577,0.248412,0.326978,0.905069,-0.382726,-0.596466,0.448742
1.61859e+09,-0.114417,0.255819,0.325748,0.902969,-0.382179,-0.600073,0.45246
1.61859e+09,-0.127444,0.292978,0.31844,0.892479,-0.375093,-0.597,0.435941
1.61859e+09,-0.131094,0.304663,0.315172,0.889192,-0.379495,-0.599826,0.418169
1.61859e+09,-0.131181,0.305053,0.314859,0.889156,-0.37858,-0.599211,0.417378
1.61859e+09,-0.130219,0.305952,0.313194,0.889576,-0.374781,-0.597419,0.410716
1.61859e+09,-0.129585,0.300782,0.312771,0.891578,-0.373107,-0.600718,0.439765
1.61859e+09,-0.105457,0.262709,0.320965,0.903795,-0.400765,-0.61071,0.412362
1.61859e+09,-0.0790373,0.192294,0.330397,0.92066,-0.403492,-0.616592,0.431523
1.61859e+09,-0.0514599,0.119535,0.337378,0.93233,-0.408248,-0.621104,0.446262
1.61859e+09,-0.0256203,0.0475532,0.340573,0.938665,-0.410032,-0.623442,0.460094
1.61859e+09,-0.00504864,-0.0154891,0.341356,0.939793,-0.414371,-0.632137,0.417142
1.61859e+09,0.0167283,-0.0685259,0.341013,0.937408,-0.415079,-0.636284,0.406066
1.61859e+09,0.0408546,-0.122007,0.338555,0.932108,-0.412688,-0.635697,0.392117
1.61859e+09,0.0582955,-0.171276,0.336283,0.924219,-0.414751,-0.643517,0.387201
1.61859e+09,0.0738758,-0.211995,0.334023,0.91544,-0.416955,-0.650879,0.382256
1.61859e+09,0.0888873,-0.247757,0.330876,0.906221,-0.421293,-0.657153,0.379672
1.61859e+09,0.0918989,-0.251476,0.331048,0.904833,-0.440876,-0.675249,0.370712
1.61859e+09,0.108412,-0.280732,0.327387,0.895686,-0.45588,-0.68734,0.372973
1.61859e+09,0.114503,-0.294066,0.325751,0.891235,-0.454532,-0.68635,0.376407
1.61859e+09,0.115652,-0.296602,0.326016,0.890149,-0.457696,-0.687842,0.379016
1.61859e+09,0.113451,-0.295278,0.328451,0.889978,-0.450192,-0.68006,0.373684
1.61859e+09,0.111231,-0.275713,0.332053,0.895182,-0.441822,-0.668078,0.401345
1.61859e+09,0.098725,-0.22662,0.339697,0.907471,-0.438596,-0.663967,0.407787
1.61859e+09,0.0882235,-0.181965,0.345656,0.916312,-0.434551,-0.656877,0.405901
1.61859e+09,0.0705538,-0.132068,0.351508,0.924133,-0.431888,-0.654573,0.412495
1.61859e+09,0.0477462,-0.074351,0.355894,0.93034,-0.427625,-0.653613,0.421313
1.61859e+09,0.0321272,-0.0426385,0.357644,0.932331,-0.413292,-0.648564,0.492706
1.61859e+09,0.0108532,0.00028721,0.357563,0.933826,-0.40424,-0.646016,0.535227
1.61859e+09,-0.00627557,0.0434466,0.355967,0.933467,-0.403129,-0.642608,0.527691
1.61859e+09,-0.0222194,0.0789307,0.355104,0.931223,-0.399519,-0.63881,0.530266
1.61859e+09,-0.0395045,0.116596,0.353971,0.927119,-0.397065,-0.637688,0.524575
1.61859e+09,-0.059109,0.161595,0.352519,0.91985,-0.391357,-0.634518,0.509619
1.61859e+09,-0.076791,0.211094,0.350318,0.909296,-0.388338,-0.632926,0.493756
1.61859e+09,-0.079694,0.220233,0.351017,0.906605,-0.393497,-0.636472,0.444266
1.61859e+09,-0.0962588,0.257554,0.347613,0.896418,-0.400176,-0.644696,0.321593
1.61859e+09,-0.110167,0.287184,0.342254,0.887835,-0.402312,-0.648785,0.294193
1.61859e+09,-0.117367,0.301593,0.338737,0.883473,-0.401579,-0.649224,0.274604
1.61859e+09,-0.120778,0.312052,0.335771,0.880508,-0.40199,-0.650176,0.259656
1.61859e+09,-0.121416,0.3156,0.33392,0.879859,-0.400792,-0.647932,0.257132
1.61859e+09,-0.120497,0.314157,0.331697,0.881342,-0.396914,-0.643598,0.275982
1.61859e+09,-0.121154,0.322312,0.329307,0.8792,-0.415466,-0.654952,0.360756
1.61859e+09,-0.105421,0.292627,0.331629,0.890662,-0.406353,-0.641522,0.417255
1.61859e+09,-0.0732368,0.195518,0.340177,0.916891,-0.415266,-0.652203,0.41695
1.61859e+09,-0.0618227,0.162451,0.342177,0.923419,-0.418136,-0.650831,0.464346
1.61859e+09,-0.0241687,0.0615458,0.34754,0.935331,-0.420805,-0.656237,0.443364
1.61859e+09,0.00462986,-0.00940148,0.348899,0.937102,-0.424145,-0.659477,0.454638
1.61859e+09,0.0294435,-0.0742433,0.348649,0.933844,-0.428926,-0.66524,0.426751
1.61859e+09,0.0528145,-0.133424,0.346638,0.926958,-0.429953,-0.669939,0.402814
1.61859e+09,0.0621107,-0.156913,0.346092,0.922898,-0.474351,-0.712781,0.452819
1.61859e+09,0.0857186,-0.21643,0.340851,0.910841,-0.492085,-0.735028,0.465678
1.61859e+09,0.11151,-0.27745,0.330972,0.895011,-0.485132,-0.732564,0.454845
1.61859e+09,0.124492,-0.309895,0.323483,0.885339,-0.471893,-0.723617,0.433162
1.61859e+09,0.127857,-0.32009,0.318781,0.882935,-0.46435,-0.719551,0.419755
1.61859e+09,0.131986,-0.329975,0.314379,0.880263,-0.462895,-0.718942,0.411388
1.61859e+09,0.141695,-0.351901,0.309188,0.872061,-0.462988,-0.71857,0.405925
1.61859e+09,0.14557,-0.358745,0.307793,0.869123,-0.460847,-0.716629,0.405057
1.61859e+09,0.14438,-0.35857,0.308265,0.869226,-0.461993,-0.716198,0.405037
1.61859e+09,0.141646,-0.353024,0.311492,0.870795,-0.444447,-0.701801,0.418461
1.61859e+09,0.125581,-0.301061,0.321692,0.888879,-0.4372,-0.696993,0.418883
1.61859e+09,0.10707,-0.240413,0.332456,0.905655,-0.434329,-0.696933,0.429757
1.61859e+09,0.0801518,-0.160347,0.34397,0.92171,-0.433338,-0.695317,0.441639
1.61859e+09,0.0562834,-0.100097,0.349741,0.929781,-0.425219,-0.685716,0.407959
1.61859e+09,0.0391776,-0.0760734,0.352427,0.931919,-0.408083,-0.678138,0.37929
1.61859e+09,0.0369856,-0.0672336,0.353077,0.932442,-0.4089,-0.679267,0.381311
1.61859e+09,0.0423943,-0.0616911,0.352784,0.932706,-0.413138,-0.677451,0.353084
1.61859e+09,0.0473847,-0.0633414,0.351899,0.932689,-0.413749,-0.67705,0.305268
1.61859e+09,0.0496723,-0.0648415,0.350348,0.933051,-0.414688,-0.678704,0.301965
1.61859e+09,0.0500788,-0.0653141,0.347732,0.933975,-0.413834,-0.680662,0.304593
1.61859e+09,0.0490384,-0.062886,0.34547,0.935035,-0.412373,-0.684895,0.331091
1.61859e+09,0.044462,-0.0582374,0.34317,0.936411,-0.408651,-0.688479,0.372311
1.61859e+09,0.0375743,-0.0539826,0.342067,0.937371,-0.406318,-0.691724,0.424262
1.61859e+09,0.0291361,-0.0527103,0.340475,0.938323,-0.409677,-0.696063,0.44547
1.61859e+09,0.0179823,-0.0586981,0.337028,0.939491,-0.412664,-0.701313,0.496456
1.61859e+09,0.00894098,-0.0670528,0.33326,0.940405,-0.412033,-0.704644,0.54415
1.61859e+09,0.00377956,-0.0780755,0.330382,0.940605,-0.410038,-0.70867,0.590186
1.61859e+09,0.000906053,-0.0918062,0.327111,0.940515,-0.40706,-0.716236,0.624729
1.61859e+09,0.00403137,-0.10338,0.323152,0.940675,-0.405996,-0.724264,0.65484
1.61859e+09,0.00803436,-0.112124,0.319761,0.940806,-0.401852,-0.731227,0.670964
1.61859e+09,0.0114665,-0.116589,0.317511,0.94099,-0.400846,-0.737181,0.678844
1.61859e+09,0.0124038,-0.115533,0.316825,0.941339,-0.396669,-0.738873,0.66591
1.61859e+09,0.012072,-0.102778,0.318053,0.942408,-0.390647,-0.737482,0.621652
1.61859e+09,0.0133839,-0.0867492,0.321523,0.942825,-0.389153,-0.734596,0.595145
1.61859e+09,0.0155875,-0.0754138,0.327959,0.941548,-0.392203,-0.731046,0.572596
1.61859e+09,0.0158963,-0.0708367,0.33547,0.939249,-0.400023,-0.72852,0.52724
1.61859e+09,0.0115612,-0.0732914,0.342472,0.936594,-0.405372,-0.723238,0.478397
1.61859e+09,0.00793419,-0.0761077,0.349132,0.933944,-0.411621,-0.720128,0.418846
1.61859e+09,0.0140714,-0.078421,0.355728,0.931187,-0.416514,-0.713746,0.357022
1.61859e+09,0.0242724,-0.0847857,0.360798,0.928465,-0.424991,-0.712359,0.318451
1.61859e+09,0.0291665,-0.0830994,0.362379,0.927861,-0.430032,-0.712621,0.282195
1.61859e+09,0.032774,-0.0788931,0.36251,0.928056,-0.435513,-0.71037,0.24066
1.61859e+09,0.0335846,-0.0841822,0.361314,0.928029,-0.440927,-0.710431,0.21503
1.61859e+09,0.0310024,-0.0902164,0.359244,0.928355,-0.442413,-0.709158,0.173182
1.61859e+09,0.0293766,-0.0942208,0.358782,0.928189,-0.442789,-0.708528,0.151837
1.61859e+09,0.0288106,-0.084782,0.360396,0.928492,-0.466517,-0.725698,0.224642
1.61859e+09,0.0335865,-0.0820752,0.361715,0.928061,-0.470032,-0.726214,0.217338
1.61859e+09,0.0333529,-0.0735652,0.363675,0.928017,-0.472938,-0.7278,0.231323
1.61859e+09,0.0367694,-0.0750308,0.364095,0.927606,-0.455992,-0.707476,0.183441
1.61859e+09,0.0343339,-0.0711276,0.362763,0.928528,-0.449447,-0.702696,0.184523
1.61859e+09,0.0338635,-0.0681963,0.360347,0.929705,-0.443949,-0.700527,0.210156
1.61859e+09,0.0322135,-0.0657074,0.358039,0.930834,-0.438547,-0.697124,0.235215
1.61859e+09,0.0268132,-0.0632058,0.35585,0.932018,-0.433927,-0.697614,0.277049
1.61859e+09,0.0188513,-0.0600242,0.353928,0.933154,-0.431428,-0.698079,0.336174
1.61859e+09,0.0095644,-0.0586365,0.351561,0.934278,-0.429218,-0.702471,0.410215
1.61859e+09,0.0114703,-0.0614317,0.349382,0.934894,-0.429982,-0.69826,0.457923
1.61859e+09,0.0119203,-0.0657529,0.347312,0.935365,-0.427241,-0.700115,0.507256
1.61859e+09,0.0128867,-0.0713603,0.344564,0.935958,-0.423673,-0.703257,0.556568
1.61859e+09,0.0199929,-0.0797249,0.341299,0.936354,-0.417144,-0.70362,0.618802
1.61859e+09,0.0245893,-0.0827922,0.336675,0.937652,-0.411411,-0.706241,0.653126
1.61859e+09,0.027642,-0.0830799,0.332193,0.939139,-0.406186,-0.711337,0.678343
1.61859e+09,0.0321476,-0.083326,0.329344,0.939977,-0.40356,-0.709585,0.694136
1.61859e+09,0.0329309,-0.0847052,0.330254,0.939507,-0.401818,-0.708144,0.691466
1.61859e+09,0.031854,-0.0832033,0.33457,0.93815,-0.403554,-0.706717,0.669827
1.61859e+09,0.0303695,-0.0754469,0.339911,0.936934,-0.407971,-0.70601,0.631652
1.61859e+09,0.0252077,-0.0648988,0.343969,0.936396,-0.411442,-0.703658,0.585056
1.61859e+09,0.0196559,-0.0533189,0.347866,0.935821,-0.413081,-0.696075,0.535476
1.61859e+09,0.0201278,-0.0463366,0.351903,0.934672,-0.416836,-0.685388,0.48335
1.61859e+09,0.0204878,-0.0425081,0.355225,0.933589,-0.423192,-0.678271,0.431477
1.61859e+09,0.0230054,-0.043233,0.357706,0.932549,-0.430425,-0.669803,0.369119
1.61859e+09,0.0204361,-0.0516184,0.360182,0.931229,-0.434267,-0.666751,0.326394
1.61859e+09,0.0149611,-0.0568606,0.362984,0.929939,-0.438022,-0.664481,0.280776
1.61859e+09,0.017498,-0.0625445,0.364969,0.928752,-0.440109,-0.660395,0.225914
1.61859e+09,0.0170004,-0.0581173,0.366816,0.928321,-0.462297,-0.684651,0.294703
1.61859e+09,0.0192213,-0.0629371,0.36742,0.927724,-0.466737,-0.691029,0.26365
1.61859e+09,0.0184741,-0.0640288,0.367011,0.927826,-0.468345,-0.692716,0.243477
1.61859e+09,0.0166923,-0.0613225,0.364617,0.928986,-0.467753,-0.692795,0.201482
1.61859e+09,0.0160606,-0.0540286,0.363103,0.930043,-0.466978,-0.691509,0.189911
1.61859e+09,0.015099,-0.0485153,0.362406,0.930634,-0.463723,-0.691924,0.189425
1.61859e+09,0.0149335,-0.0460939,0.361945,0.930939,-0.461697,-0.691048,0.199338
1.61859e+09,0.0171133,-0.047813,0.360777,0.931269,-0.446692,-0.674398,0.169896
1.61859e+09,0.0100569,-0.0328028,0.359757,0.932415,-0.441131,-0.66925,0.178865
1.61859e+09,0.00749368,-0.0255223,0.35832,0.93322,-0.435436,-0.664321,0.226535
1.61859e+09,0.000695649,-0.0156751,0.355788,0.934435,-0.428952,-0.662253,0.275246
1.61859e+09,0.00113746,-0.016277,0.352849,0.935538,-0.428566,-0.657507,0.300977
1.61859e+09,0.00757518,-0.0336776,0.350059,0.936092,-0.432255,-0.655239,0.369062
1.61859e+09,0.00331361,-0.0448328,0.348785,0.936124,-0.445791,-0.673641,0.565006
1.61859e+09,0.0107012,-0.0693395,0.346487,0.935427,-0.449004,-0.678468,0.619886
1.61859e+09,0.0198849,-0.0859629,0.343155,0.935125,-0.447543,-0.68247,0.676236
1.61859e+09,0.0313022,-0.098848,0.339986,0.934697,-0.443508,-0.686273,0.725714
1.61859e+09,0.0444549,-0.114656,0.337265,0.933344,-0.44364,-0.691557,0.775333
1.61859e+09,0.048389,-0.119304,0.335349,0.933256,-0.444946,-0.697362,0.81265
1.61859e+09,0.0468546,-0.120045,0.332121,0.934393,-0.448409,-0.701563,0.843403
1.61859e+09,0.0403954,-0.118036,0.329683,0.935812,-0.447738,-0.699262,0.844176
1.61859e+09,0.033464,-0.108286,0.330296,0.937048,-0.444714,-0.693224,0.826147
1.61859e+09,0.0299865,-0.0974351,0.332881,0.937442,-0.440999,-0.685288,0.792163
1.61859e+09,0.0285261,-0.0856468,0.335244,0.937796,-0.441447,-0.679588,0.748122
1.61859e+09,0.025193,-0.072744,0.335633,0.938842,-0.443201,-0.674119,0.695654
1.61859e+09,0.0254657,-0.0611488,0.335066,0.939863,-0.445753,-0.665023,0.635987
1.61859e+09,0.0293072,-0.0592636,0.336522,0.939352,-0.449726,-0.654944,0.575244
1.61859e+09,0.0321787,-0.0633839,0.340777,0.937453,-0.458195,-0.649851,0.521424
1.61859e+09,0.0332892,-0.0677117,0.345481,0.935387,-0.466528,-0.650654,0.464228
1.61859e+09,0.0348646,-0.0654021,0.348776,0.934271,-0.473941,-0.653785,0.410709
1.61859e+09,0.0352244,-0.0576383,0.351757,0.933651,-0.479121,-0.656924,0.367904
1.61859e+09,0.0327359,-0.0463361,0.354407,0.933369,-0.485254,-0.662896,0.340399
1.61859e+09,0.0325308,-0.0402993,0.355892,0.933091,-0.477998,-0.653074,0.319051
1.61859e+09,0.0233259,-0.0270785,0.357482,0.933236,-0.488131,-0.662117,0.314529
1.61859e+09,0.0192656,-0.0262344,0.359268,0.932667,-0.489996,-0.6634,0.320102
1.61859e+09,0.0176389,-0.022576,0.361153,0.932066,-0.488852,-0.662015,0.322713
1.61859e+09,0.0181031,-0.0165115,0.363332,0.931338,-0.488277,-0.665441,0.348449
1.61859e+09,0.0215367,-0.0246779,0.364807,0.930507,-0.461587,-0.646637,0.259397
1.61859e+09,0.00763996,-0.0138581,0.367114,0.930041,-0.455426,-0.648585,0.301948
1.61859e+09,0.00223477,-0.0142179,0.36798,0.929722,-0.454828,-0.648799,0.314605
1.61859e+09,0.00375242,-0.0233356,0.368472,0.929338,-0.453737,-0.653642,0.356771
1.61859e+09,0.010079,-0.0363887,0.368988,0.928667,-0.454079,-0.659951,0.373857
1.61859e+09,0.016923,-0.0457193,0.367447,0.928766,-0.456165,-0.667377,0.390548
1.61859e+09,0.0186852,-0.0483757,0.364197,0.929877,-0.454063,-0.673213,0.399305
1.61859e+09,0.0141448,-0.043869,0.358014,0.932578,-0.452094,-0.672937,0.400846
1.61859e+09,0.00697537,-0.0344768,0.346018,0.937568,-0.448725,-0.65834,0.408418
1.61859e+09,0.00118819,-0.0248412,0.336996,0.941178,-0.450405,-0.640166,0.407872
1.61859e+09,0.00335295,-0.0233929,0.33323,0.942549,-0.463434,-0.614006,0.412823
1.61859e+09,-0.00142407,-0.0187343,0.335381,0.941895,-0.495898,-0.592158,0.551163
1.61859e+09,0.0075792,-0.0342439,0.33971,0.939876,-0.526678,-0.560895,0.565086
1.61859e+09,0.0174262,-0.0492451,0.342445,0.938085,-0.558038,-0.530983,0.574399
1.61859e+09,0.0256389,-0.0569364,0.341166,0.937927,-0.59049,-0.503673,0.59388
1.61859e+09,0.0304922,-0.0592117,0.336529,0.939315,-0.614088,-0.4668,0.594299
1.61859e+09,0.034731,-0.0652017,0.332274,0.940285,-0.634988,-0.42808,0.584653
1.61859e+09,0.0381301,-0.0812674,0.331453,0.939192,-0.656711,-0.397295,0.596082
1.61859e+09,0.0331636,-0.0914471,0.336078,0.936797,-0.673084,-0.373017,0.578555
1.61859e+09,0.0334598,-0.0962638,0.344396,0.933277,-0.68683,-0.358916,0.573606
1.61859e+09,0.0367097,-0.0937135,0.350016,0.931321,-0.690617,-0.359216,0.562367
1.61859e+09,0.0417172,-0.0857215,0.351351,0.931377,-0.686311,-0.367265,0.56167
1.61859e+09,0.0472868,-0.0790045,0.349255,0.932493,-0.673038,-0.38362,0.567054
1.61859e+09,0.051634,-0.0762976,0.345011,0.934066,-0.653549,-0.409614,0.574532
1.61859e+09,0.0511232,-0.0784171,0.338141,0.936428,-0.628416,-0.448854,0.583773
1.61859e+09,0.0446851,-0.0809171,0.330573,0.939243,-0.596835,-0.489924,0.583264
1.61859e+09,0.0391281,-0.0820001,0.32366,0.941801,-0.560839,-0.532973,0.586386
1.61859e+09,0.0328832,-0.0804323,0.319692,0.943529,-0.521262,-0.574528,0.592739
1.61859e+09,0.0260888,-0.0762353,0.319006,0.944321,-0.483858,-0.615821,0.602241
1.61859e+09,0.0188287,-0.0724587,0.318519,0.944955,-0.450682,-0.660087,0.599407
1.61859e+09,0.0106604,-0.0644312,0.317075,0.946149,-0.417681,-0.703357,0.611688
1.61859e+09,0.00383547,-0.058349,0.316209,0.946886,-0.378919,-0.740485,0.594475
1.61859e+09,0.00326235,-0.0552377,0.319852,0.94585,-0.345027,-0.780701,0.592921
1.61859e+09,-0.00162086,-0.0481391,0.324378,0.944701,-0.318397,-0.817732,0.58724
1.61859e+09,-0.00816282,-0.0441634,0.324294,0.94489,-0.298552,-0.847582,0.58464
1.61859e+09,-0.0139055,-0.0401582,0.322639,0.945567,-0.281563,-0.870769,0.566328
1.61859e+09,-0.0134704,-0.0363645,0.320804,0.946351,-0.270655,-0.883972,0.557381
1.61859e+09,-0.00620988,-0.0345176,0.321088,0.9464,-0.263323,-0.886043,0.542983
1.61859e+09,0.000324936,-0.0397664,0.324801,0.944946,-0.262995,-0.881248,0.531031
1.61859e+09,0.00462323,-0.048248,0.327662,0.943551,-0.274897,-0.865698,0.536941
1.61859e+09,0.00992962,-0.0574882,0.326438,0.943416,-0.296559,-0.836885,0.5488
1.61859e+09,0.0149416,-0.058162,0.323813,0.944213,-0.32355,-0.801034,0.577404
1.61859e+09,0.0166696,-0.0533425,0.322317,0.944981,-0.353446,-0.761533,0.588086
1.61859e+09,0.0190774,-0.0471061,0.322903,0.945066,-0.387925,-0.717197,0.582916
1.61859e+09,0.0227461,-0.0459919,0.325046,0.944305,-0.426383,-0.674895,0.591638
1.61859e+09,0.0212205,-0.0414983,0.327224,0.943797,-0.467879,-0.634713,0.58838
1.61859e+09,0.0195595,-0.037478,0.327222,0.944001,-0.509516,-0.594839,0.575379
1.61859e+09,0.0200052,-0.0382735,0.329705,0.943096,-0.548232,-0.547174,0.567785
1.61859e+09,0.0280814,-0.0503465,0.333665,0.940927,-0.58532,-0.504734,0.561309
1.61859e+09,0.0380324,-0.0650802,0.335101,0.939162,-0.621708,-0.47412,0.567607
1.61859e+09,0.0399478,-0.0711253,0.335143,0.938629,-0.648658,-0.444663,0.561911
1.61859e+09,0.0354466,-0.0750652,0.335719,0.938297,-0.66906,-0.417418,0.557733
1.61859e+09,0.0325974,-0.0788455,0.33891,0.936942,-0.683189,-0.395281,0.552871
1.61859e+09,0.029952,-0.0782466,0.341999,0.935958,-0.686059,-0.388753,0.529692
1.61859e+09,0.0273965,-0.0687445,0.342136,0.936732,-0.682274,-0.393813,0.518837
1.61859e+09,0.0302517,-0.0647406,0.339348,0.937943,-0.673074,-0.406237,0.526041
1.61859e+09,0.0357586,-0.0645207,0.335581,0.939119,-0.657238,-0.427631,0.535047
1.61859e+09,0.0423585,-0.0661949,0.332463,0.939836,-0.633836,-0.455513,0.542623
1.61859e+09,0.0472687,-0.0705603,0.332282,0.939348,-0.606736,-0.488343,0.570716
1.61859e+09,0.0407347,-0.0700863,0.333498,0.939259,-0.574243,-0.532772,0.568949
1.61859e+09,0.0310232,-0.0655587,0.333983,0.939784,-0.541043,-0.577172,0.564158
1.61859e+09,0.0260766,-0.0608822,0.33355,0.940403,-0.50915,-0.622808,0.575702
1.61859e+09,0.0226028,-0.0592553,0.331385,0.941362,-0.473965,-0.667865,0.57485
1.61859e+09,0.0203698,-0.0580664,0.33046,0.941812,-0.435352,-0.70878,0.559396
1.61859e+09,0.0205311,-0.0590518,0.332702,0.940957,-0.399336,-0.754301,0.557937
1.61859e+09,0.0144042,-0.058379,0.336173,0.939879,-0.369914,-0.800823,0.573936
1.61859e+09,0.00608336,-0.0566773,0.333237,0.941118,-0.348097,-0.834799,0.565078
1.61859e+09,0.00315648,-0.0497551,0.326848,0.943761,-0.330231,-0.85481,0.550503
1.61859e+09,0.00575692,-0.0458436,0.319033,0.946617,-0.320242,-0.864462,0.551844
1.61859e+09,0.00879065,-0.0462127,0.315032,0.947914,-0.316851,-0.86573,0.547361
1.61859e+09,0.0130552,-0.0493678,0.312591,0.948514,-0.324277,-0.851833,0.541422
1.61859e+09,0.0154563,-0.0523979,0.310176,0.949108,-0.342716,-0.826877,0.552797
1.61859e+09,0.0127263,-0.0562404,0.309221,0.94924,-0.365191,-0.791716,0.555302
1.61859e+09,0.0104245,-0.0633872,0.310784,0.948307,-0.397531,-0.74841,0.567268
1.61859e+09,0.0116555,-0.0690254,0.315544,0.946325,-0.432952,-0.701557,0.57818
1.61859e+09,0.0205781,-0.0759931,0.320932,0.943824,-0.47389,-0.653648,0.593806
1.61859e+09,0.0298714,-0.0840811,0.324699,0.941599,-0.516907,-0.610406,0.617488
1.61859e+09,0.0300786,-0.0844637,0.327007,0.940759,-0.552572,-0.5695,0.621993
1.61859e+09,0.026944,-0.0795891,0.328555,0.94074,-0.586536,-0.524493,0.616718
1.61859e+09,0.021521,-0.0663996,0.328979,0.941754,-0.61989,-0.477871,0.592699
1.61859e+09,0.020274,-0.0565947,0.326923,0.943137,-0.652293,-0.43169,0.585214
1.61859e+09,0.0215134,-0.0524789,0.324867,0.944057,-0.680062,-0.387933,0.572448
1.61859e+09,0.0258059,-0.0574922,0.324384,0.943824,-0.706104,-0.34912,0.566055
1.61859e+09,0.024568,-0.0714418,0.325001,0.942691,-0.735312,-0.324222,0.577882
1.61859e+09,0.0200099,-0.0860361,0.327237,0.940805,-0.755424,-0.303104,0.566387
1.61859e+09,0.0205361,-0.0911861,0.33247,0.938471,-0.762947,-0.297846,0.548022
1.61859e+09,0.0250647,-0.0881106,0.338993,0.936318,-0.75638,-0.307047,0.533478
1.61859e+09,0.034104,-0.0816287,0.344052,0.934774,-0.738755,-0.331726,0.530216
1.61859e+09,0.0456395,-0.0749554,0.348905,0.93304,-0.714783,-0.373659,0.543555
1.61859e+09,0.052919,-0.0694082,0.352358,0.931786,-0.682449,-0.428639,0.549151
1.61859e+09,0.0529449,-0.062446,0.353567,0.93182,-0.64631,-0.485606,0.55367
1.61859e+09,0.0469867,-0.0558193,0.35424,0.932304,-0.610479,-0.542729,0.569936
1.61859e+09,0.0474658,-0.0539707,0.352421,0.933078,-0.574999,-0.590861,0.560708
1.61859e+09,0.0444817,-0.0529199,0.349907,0.93423,-0.53126,-0.634081,0.532176
1.61859e+09,0.0295749,-0.0551145,0.348188,0.935336,-0.477641,-0.685038,0.45508
1.61859e+09,0.0266264,-0.0560131,0.346415,0.936029,-0.431951,-0.731448,0.439387
1.61859e+09,0.0265928,-0.0586914,0.34723,0.935564,-0.393838,-0.776389,0.429404
1.61859e+09,0.0263035,-0.060248,0.34503,0.936287,-0.366037,-0.81504,0.431017
1.61859e+09,0.024684,-0.060688,0.341041,0.937763,-0.348852,-0.837652,0.440139
1.61859e+09,0.0248737,-0.0591693,0.337654,0.93908,-0.339388,-0.844754,0.434795
1.61859e+09,0.0249055,-0.0567243,0.336755,0.939552,-0.335927,-0.841668,0.424775
1.61859e+09,0.0245641,-0.0552383,0.336374,0.939786,-0.342731,-0.827224,0.412243
1.61859e+09,0.0258526,-0.0578793,0.337094,0.939335,-0.354687,-0.805068,0.406748
1.61859e+09,0.0278871,-0.06213,0.339044,0.938302,-0.375336,-0.776997,0.403775
1.61859e+09,0.0304755,-0.0639587,0.343044,0.936644,-0.399316,-0.744959,0.420273
1.61859e+09,0.0295575,-0.0622556,0.348929,0.934612,-0.423391,-0.713964,0.431496
1.61859e+09,0.0267881,-0.0600438,0.354707,0.932663,-0.443375,-0.689457,0.431069
1.61859e+09,0.0251027,-0.0584893,0.35957,0.930945,-0.458088,-0.674308,0.428728
1.61859e+09,0.0253208,-0.0585161,0.362733,0.929709,-0.469182,-0.664412,0.429171
1.61859e+09,0.0279412,-0.0603954,0.364094,0.928982,-0.472895,-0.653965,0.430194
1.61859e+09,0.0325103,-0.0627617,0.365762,0.928021,-0.47153,-0.638224,0.427715
1.61859e+09,0.0336115,-0.0641977,0.370082,0.926168,-0.460853,-0.61797,0.428319
1.61859e+09,0.0273907,-0.0611266,0.377104,0.923745,-0.444284,-0.600242,0.429114
1.61859e+09,0.0186821,-0.0576808,0.382008,0.922168,-0.422938,-0.577671,0.436772
1.61859e+09,0.0102312,-0.0580682,0.381488,0.922491,-0.395733,-0.550411,0.427422
1.61859e+09,0.00650179,-0.0630755,0.376595,0.924205,-0.35378,-0.518277,0.40676
1.61859e+09,0.00136192,-0.0561732,0.368558,0.927905,-0.322003,-0.50149,0.504931
1.61859e+09,0.0107441,-0.0729251,0.359702,0.930151,-0.277424,-0.474311,0.487874
1.61859e+09,0.0150087,-0.0878287,0.350668,0.932252,-0.241795,-0.451018,0.491786
1.61859e+09,0.0116051,-0.0891822,0.344024,0.934644,-0.206818,-0.427645,0.48717
1.61859e+09,0.0100863,-0.0869247,0.339054,0.936688,-0.180652,-0.41045,0.487631
1.61859e+09,0.0103313,-0.0803282,0.335238,0.938646,-0.159705,-0.391966,0.482426
1.61859e+09,0.00725993,-0.0729952,0.334217,0.939637,-0.152219,-0.385682,0.490797
1.61859e+09,0.00456447,-0.0683593,0.333275,0.940337,-0.154401,-0.383642,0.494813
1.61859e+09,0.00607624,-0.0683506,0.333718,0.940172,-0.167286,-0.390916,0.492768
1.61859e+09,0.010207,-0.070843,0.336502,0.938959,-0.19348,-0.410809,0.496693
1.61859e+09,0.0117651,-0.0718129,0.338901,0.938004,-0.233298,-0.446142,0.510466
1.61859e+09,0.00957301,-0.0659667,0.33952,0.938234,-0.275776,-0.485072,0.512914
1.61859e+09,0.00700191,-0.0543947,0.337881,0.939589,-0.319683,-0.523247,0.506651
1.61859e+09,0.00458244,-0.0445358,0.336334,0.940678,-0.363244,-0.557412,0.500791
1.61859e+09,0.00191017,-0.0350255,0.335184,0.941499,-0.407126,-0.590076,0.498821
1.61859e+09,0.00083148,-0.0279129,0.333103,0.942477,-0.447312,-0.620268,0.502051
1.61859e+09,-0.000727407,-0.0198494,0.329159,0.944066,-0.48325,-0.645962,0.508259
1.61859e+09,-0.00176869,-0.0174996,0.325453,0.945395,-0.5151,-0.668146,0.518889
1.61859e+09,-0.0048474,-0.0166415,0.324778,0.945632,-0.539944,-0.685331,0.524588
1.61859e+09,-0.00630596,-0.0168661,0.326401,0.94506,-0.567856,-0.702546,0.522533
1.61859e+09,-0.00939547,-0.0179784,0.327206,0.944735,-0.596554,-0.724045,0.516321
1.61859e+09,-0.0107986,-0.0149844,0.326599,0.944983,-0.618587,-0.737763,0.499338
1.61859e+09,-0.00822075,-0.0141886,0.325841,0.945282,-0.635669,-0.744903,0.49796
1.61859e+09,-0.00708424,-0.0142944,0.325129,0.945535,-0.648322,-0.750535,0.49706
1.61859e+09,-0.0050678,-0.0154079,0.324799,0.945644,-0.657897,-0.751104,0.4967
1.61859e+09,-0.00224703,-0.0178643,0.324643,0.945665,-0.663854,-0.747745,0.492452
1.61859e+09,-0.000521445,-0.0207134,0.324856,0.945536,-0.660773,-0.740678,0.493474
1.61859e+09,0.0035465,-0.0226082,0.325583,0.945236,-0.65246,-0.727551,0.493187
1.61859e+09,0.00922739,-0.0258282,0.326501,0.944799,-0.635437,-0.709279,0.492288
1.61859e+09,0.0131659,-0.0323979,0.328976,0.943691,-0.611992,-0.687011,0.500494
1.61859e+09,0.0109094,-0.0370811,0.333001,0.942134,-0.581612,-0.662492,0.50775
1.61859e+09,0.00627935,-0.0419696,0.337273,0.94045,-0.543934,-0.633967,0.514611
1.61859e+09,0.00194282,-0.0447297,0.340375,0.939223,-0.498831,-0.600599,0.505775
1.61859e+09,-0.00140727,-0.0453179,0.343077,0.938212,-0.449278,-0.56518,0.494219
1.61859e+09,-0.00355146,-0.0441838,0.345505,0.937369,-0.398378,-0.530373,0.484518
1.61859e+09,-0.00616955,-0.0458028,0.349366,0.935846,-0.347346,-0.497566,0.477192
1.61859e+09,-0.0103518,-0.0484241,0.354216,0.933852,-0.297539,-0.467722,0.464032
1.61859e+09,-0.0110295,-0.0496582,0.357544,0.93251,-0.249719,-0.43932,0.457586
1.61859e+09,-0.0127426,-0.0480976,0.356602,0.93293,-0.205961,-0.418616,0.455908
1.61859e+09,-0.00773346,-0.047009,0.350517,0.935344,-0.173051,-0.397425,0.4597
1.61859e+09,-0.00737086,-0.041138,0.341983,0.938776,-0.147002,-0.383176,0.463706
1.61859e+09,-0.000357368,-0.0366021,0.335767,0.941234,-0.130879,-0.368078,0.473594
1.61859e+09,0.000298853,-0.0337592,0.333689,0.942078,-0.128727,-0.36693,0.476764
1.61859e+09,0.000612192,-0.0243582,0.333143,0.942561,-0.140352,-0.374228,0.469632
1.61859e+09,0.00455404,-0.0177611,0.334436,0.94224,-0.170026,-0.392044,0.480131
1.61859e+09,0.0112186,-0.0199038,0.336444,0.941426,-0.212615,-0.418055,0.479068
1.61859e+09,0.00768496,-0.0187117,0.339115,0.940528,-0.261838,-0.458124,0.491719
1.61859e+09,0.00475479,-0.0130793,0.341515,0.939773,-0.318847,-0.497476,0.499702
1.61859e+09,-0.00390835,-0.00937921,0.345282,0.938444,-0.378857,-0.538991,0.504643
1.61859e+09,-0.00716543,-0.00554097,0.34872,0.937183,-0.439682,-0.572522,0.507408
1.61859e+09,-0.00425922,-0.00491944,0.352772,0.935687,-0.497056,-0.600724,0.501383
1.61859e+09,-0.00112711,-0.00421685,0.356119,0.93443,-0.549603,-0.632889,0.494422
1.61859e+09,0.00357732,-0.010138,0.358176,0.933592,-0.598379,-0.663457,0.497051
1.61859e+09,0.0096769,-0.0249385,0.358723,0.933061,-0.641448,-0.691894,0.490017
1.61859e+09,0.01359,-0.040914,0.357364,0.93297,-0.677258,-0.720097,0.494625
1.61859e+09,0.0149254,-0.0476883,0.354008,0.933907,-0.705828,-0.744572,0.502117
1.61859e+09,0.0157525,-0.0475494,0.350603,0.935184,-0.723393,-0.756486,0.499467
1.61859e+09,0.0175245,-0.0427384,0.347317,0.93661,-0.735004,-0.765405,0.497639
1.61859e+09,0.0172988,-0.0381515,0.343671,0.938155,-0.738551,-0.768512,0.500282
1.61859e+09,0.0170623,-0.0337243,0.341328,0.939184,-0.73203,-0.760075,0.490524
1.61859e+09,0.0193785,-0.0334242,0.339912,0.939663,-0.720913,-0.749389,0.488938
1.61859e+09,0.0213629,-0.0339521,0.338452,0.940128,-0.701312,-0.735664,0.490786
1.61859e+09,0.0218755,-0.0347328,0.336348,0.940843,-0.674684,-0.718047,0.496539
1.61859e+09,0.0192266,-0.0354402,0.332785,0.94214,-0.63899,-0.695394,0.497342
1.61859e+09,0.00972155,-0.0341987,0.329872,0.943356,-0.59185,-0.661399,0.493801
1.61859e+09,0.000320718,-0.0342385,0.32801,0.944054,-0.539613,-0.618026,0.488033
1.61859e+09,-0.003401,-0.0402012,0.327193,0.944096,-0.486656,-0.571035,0.482022
1.61859e+09,-0.00493095,-0.0489742,0.325832,0.944145,-0.43065,-0.527067,0.470356
1.61859e+09,-0.00539749,-0.0590175,0.325706,0.943612,-0.374903,-0.483138,0.468077
1.61859e+09,-0.00568684,-0.0660945,0.324788,0.943457,-0.321564,-0.448943,0.469925
1.61859e+09,-0.0019002,-0.0698898,0.322327,0.944043,-0.26675,-0.41219,0.468476
1.61859e+09,0.00050847,-0.0691779,0.318047,0.945548,-0.213942,-0.380625,0.465896
1.61859e+09,0.00101227,-0.0658651,0.311501,0.94796,-0.166431,-0.353298,0.468385
1.61859e+09,0.000102192,-0.0563964,0.303305,0.951223,-0.1253,-0.324823,0.465624
1.61859e+09,0.00346571,-0.052994,0.296714,0.953488,-0.100542,-0.302524,0.475387
1.61859e+09,0.00147252,-0.046567,0.294682,0.954459,-0.0841388,-0.28927,0.470267
1.61859e+09,0.00299911,-0.0407881,0.296098,0.954282,-0.086676,-0.285157,0.482308
1.61859e+09,0.00411739,-0.0339868,0.298819,0.953696,-0.102799,-0.29502,0.477595
1.61859e+09,0.00406245,-0.0290936,0.304182,0.952161,-0.132401,-0.315284,0.485193
1.61859e+09,-0.000486818,-0.0219617,0.312224,0.949755,-0.175324,-0.346853,0.485694
1.61859e+09,-0.00200447,-0.0158161,0.324262,0.945833,-0.231673,-0.387479,0.481905
1.61859e+09,-0.00294193,-0.00972556,0.338321,0.940976,-0.296993,-0.437488,0.487557
1.61859e+09,-0.000345571,-0.00356614,0.353695,0.935354,-0.369565,-0.488264,0.491924
1.61859e+09,0.00070386,-0.00201934,0.364635,0.931148,-0.437922,-0.531082,0.487592
1.61859e+09,-0.0042233,0.00402234,0.371098,0.928575,-0.499437,-0.578926,0.47644
1.61859e+09,-0.00289942,0.0127099,0.375187,0.926857,-0.554873,-0.622439,0.485307
1.61859e+09,0.00359828,0.014026,0.378242,0.925594,-0.597249,-0.655589,0.494446
1.61859e+09,0.0124034,0.0105126,0.378109,0.925618,-0.628158,-0.685175,0.49677
1.61859e+09,0.0165625,0.00439022,0.376764,0.926151,-0.647635,-0.707055,0.508361
1.61859e+09,0.0164287,-0.00131054,0.374131,0.927229,-0.658724,-0.726466,0.516699
1.61859e+09,0.0136848,-0.00771827,0.368505,0.929493,-0.65938,-0.741268,0.531147
1.61859e+09,0.00129343,-0.018119,0.35931,0.933041,-0.647153,-0.755853,0.558698
1.61859e+09,-0.0146928,-0.036232,0.348237,0.936591,-0.624218,-0.770513,0.564594
1.61859e+09,-0.0268877,-0.0540904,0.33421,0.940561,-0.599242,-0.789111,0.593433
1.61859e+09,-0.038638,-0.0724242,0.317201,0.944799,-0.561515,-0.811129,0.595995
1.61859e+09,-0.0435384,-0.0951391,0.300956,0.947881,-0.523196,-0.833088,0.606342
1.61859e+09,-0.041529,-0.114954,0.282924,0.951323,-0.484017,-0.850126,0.620321
1.61859e+09,-0.0373246,-0.119794,0.269098,0.954904,-0.44298,-0.871138,0.636389
1.61859e+09,-0.0303113,-0.11541,0.259812,0.958259,-0.406258,-0.885156,0.614514
1.61859e+09,-0.0239517,-0.0964509,0.25332,0.962264,-0.372032,-0.891997,0.601815
1.61859e+09,-0.0181566,-0.0802825,0.250192,0.964691,-0.335155,-0.889356,0.506449
1.61859e+09,-0.0106192,-0.063552,0.253103,0.965291,-0.301283,-0.873117,0.379279
1.61859e+09,-0.0106352,-0.0552766,0.262479,0.963294,-0.282139,-0.862347,0.310807
1.61859e+09,-0.0140189,-0.0417606,0.274456,0.96059,-0.277708,-0.853537,0.284129
1.61859e+09,-0.022098,-0.0316996,0.285023,0.957741,-0.272526,-0.847549,0.247271
1.61859e+09,-0.0294893,-0.0205214,0.294239,0.955056,-0.269945,-0.841763,0.201098
1.61859e+09,-0.0301575,-0.00183016,0.299076,0.953751,-0.266595,-0.833331,0.157057
1.61859e+09,-0.0277922,0.00739938,0.301661,0.952981,-0.257369,-0.827188,0.104958
1.61859e+09,-0.0263321,0.0193332,0.310264,0.950089,-0.251053,-0.82225,0.0724974
1.61859e+09,-0.0259224,0.0302632,0.322685,0.945667,-0.256917,-0.817247,0.0308272
1.61859e+09,-0.0235546,0.0322545,0.332859,0.94213,-0.260511,-0.812688,0.0251594
1.61859e+09,-0.0221211,0.0374238,0.341983,0.9387,-0.261512,-0.808586,0.0070411
1.61859e+09,-0.01887,0.035788,0.352459,0.934952,-0.260084,-0.801217,-0.0305054
1.61859e+09,-0.0168171,0.0354862,0.361152,0.93168,-0.270851,-0.805386,0.0165724
1.61859e+09,-0.0117783,0.0456489,0.366509,0.929219,-0.293726,-0.815229,0.095208
1.61859e+09,-0.00360117,0.034763,0.369356,0.928631,-0.291052,-0.808949,0.049602
1.61859e+09,-0.00125698,0.0301918,0.37147,0.927953,-0.311318,-0.821352,0.0506364
1.61859e+09,-0.00138691,0.0300122,0.371454,0.927965,-0.311327,-0.821034,0.0514736
1.61859e+09,-0.00504981,0.0208621,0.370027,0.928773,-0.319704,-0.821558,0.0359837
1.61859e+09,-0.0050843,0.0203443,0.369936,0.928821,-0.31866,-0.821188,0.0373347
1.61859e+09,-0.00505491,0.0181452,0.369604,0.928998,-0.316005,-0.820861,0.0406093
1.61859e+09,-0.00693619,0.0170519,0.369422,0.929079,-0.303869,-0.814365,0.096842
1.61859e+09,-0.00710954,0.0176471,0.369366,0.929089,-0.302903,-0.81252,0.0886496
1.61859e+09,-0.0068934,0.0175578,0.369597,0.929001,-0.304254,-0.814471,0.0955205
1.61859e+09,-0.00689166,0.0175985,0.369596,0.929,-0.303943,-0.814163,0.0946249
1.61859e+09,-0.00722192,0.0180701,0.36965,0.928967,-0.302955,-0.813578,0.0923515
1.61859e+09,-0.00685527,0.018108,0.369648,0.92897,-0.302965,-0.813177,0.0918107
1.61859e+09,-0.00726934,0.0183362,0.369514,0.929016,-0.302932,-0.813673,0.0929521
1.61859e+09,-0.00703156,0.0178935,0.369557,0.929009,-0.303663,-0.81361,0.0912311
1.61859e+09,-0.00739952,0.0181573,0.369474,0.929034,-0.302907,-0.813568,0.0908001
1.61859e+09,-0.00682212,0.0182485,0.369493,0.929029,-0.30461,-0.813416,0.0915394
1.61859e+09,-0.00717452,0.018243,0.369513,0.929019,-0.303903,-0.813442,0.0902418
1.61859e+09,-0.00695052,0.0182122,0.369515,0.92902,-0.304543,-0.813805,0.0910434
1.61859e+09,-0.00705236,0.0182674,0.369511,0.92902,-0.304465,-0.813708,0.0895468
1.61859e+09,-0.00687327,0.0180799,0.369508,0.929026,-0.304291,-0.813574,0.0915757
1.61859e+09,-0.00696777,0.0180507,0.369484,0.929036,-0.30419,-0.813468,0.0906099
1.61859e+09,-0.00705722,0.0179071,0.369513,0.929026,-0.304091,-0.81405,0.0898894
1.61859e+09,-0.0068889,0.0177667,0.369534,0.929022,-0.304091,-0.813651,0.0902741
1.61859e+09,-0.00705052,0.0177328,0.369551,0.929015,-0.304468,-0.814287,0.0908437
1.61859e+09,-0.0067806,0.0178798,0.369508,0.929031,-0.304658,-0.813838,0.090235
1.61859e+09,-0.00693344,0.0176672,0.369548,0.929018,-0.304017,-0.814049,0.0909892
1.61859e+09,-0.00693545,0.0176424,0.36951,0.929033,-0.304384,-0.814106,0.0895975
1.61859e+09,-0.0068941,0.0176308,0.369537,0.929023,-0.304201,-0.813995,0.090569
1.61859e+09,-0.0067852,0.0175377,0.369484,0.929047,-0.304101,-0.813565,0.0912639
1.61859e+09,-0.00680852,0.0176309,0.369553,0.929017,-0.303887,-0.813659,0.0903496
1.61859e+09,-0.00679937,0.0175526,0.369557,0.929017,-0.304571,-0.814116,0.091301
1.61859e+09,-0.00671621,0.0176541,0.369535,0.929025,-0.304549,-0.814157,0.0903393
1.61859e+09,-0.00668922,0.017494,0.369581,0.92901,-0.304509,-0.81387,0.0912222
1.61859e+09,-0.00669087,0.0176641,0.369531,0.929026,-0.304089,-0.814456,0.0908494
1.61859e+09,-0.00665584,0.0174012,0.369472,0.929055,-0.30411,-0.813875,0.0910494
1.61859e+09,-0.00661593,0.0174791,0.369555,0.929021,-0.304128,-0.813654,0.0901178
1.61859e+09,-0.0064918,0.0175177,0.369545,0.929025,-0.304755,-0.813789,0.0916491
1.61859e+09,-0.00654343,0.0174617,0.369555,0.929022,-0.304814,-0.813786,0.0917084
1.61859e+09,-0.00652343,0.0174663,0.369535,0.92903,-0.30439,-0.813746,0.0905068
1.61859e+09,-0.00661341,0.0172509,0.36955,0.929027,-0.304087,-0.813828,0.0904849
1.61859e+09,-0.00657528,0.0172616,0.369542,0.929031,-0.304297,-0.813973,0.0914665
1.61859e+09,-0.00638923,0.0173279,0.369491,0.929051,-0.304335,-0.813815,0.0923289
1.61859e+09,-0.00648548,0.0173401,0.369577,0.929016,-0.304955,-0.814169,0.0907912
1.61859e+09,-0.00644669,0.0173229,0.369535,0.929033,-0.304471,-0.813771,0.0915599
1.61859e+09,-0.00641401,0.01733,0.36958,0.929015,-0.304959,-0.81426,0.0908492
1.61859e+09,-0.00648471,0.0171842,0.36958,0.929017,-0.304404,-0.813787,0.0914435
1.61859e+09,-0.00637307,0.0170289,0.369503,0.929052,-0.303575,-0.813793,0.0913869
1.61859e+09,-0.00646308,0.0171846,0.369597,0.929011,-0.304647,-0.814199,0.0910876
1.61859e+09,-0.00623785,0.0172733,0.369546,0.929031,-0.304833,-0.813815,0.0903483
