1.61859e+09,0.00075159,0.00741852,-0.00699365,0.999948,0.0120487,0.00224286,-0.0487007
1.61859e+09,0.00311914,0.000868317,-0.0130058,0.99991,-7.79594e-05,0.000436458,-0.00716545
1.61859e+09,0.00474304,-0.00848562,-0.0169268,0.999809,-0.0111997,0.000840617,0.040967
1.61859e+09,0.00746874,-0.0309902,-0.0208221,0.999275,-0.0222563,0.00147435,0.109121
1.61859e+09,0.00969369,-0.0582875,-0.0240317,0.997963,-0.0344225,0.00204127,0.190411
1.61859e+09,0.00488845,-0.0902063,-0.0259989,0.995572,-0.0507667,0.00422807,0.263645
1.61859e+09,-0.00324695,-0.10416,-0.0281429,0.994157,-0.0695392,0.00841571,0.335215
1.61859e+09,-0.00955622,-0.106456,-0.0300179,0.993818,-0.0818903,0.0115986,0.411224
1.61859e+09,-0.0100349,-0.103888,-0.0299531,0.994087,-0.0865632,0.0146771,0.443948
1.61859e+09,-0.00707596,-0.118684,-0.0269939,0.99254,-0.0969708,0.0167481,0.485475
1.61859e+09,-8.19445e-06,-0.132301,-0.0205736,0.990996,-0.110536,0.0205686,0.518629
1.61859e+09,0.00691563,-0.141344,-0.0143317,0.989833,-0.129103,0.0264639,0.554515
1.61859e+09,0.009902,-0.136785,-0.0101045,0.9905,-0.140714,0.0330461,0.574358
1.61859e+09,0.0110041,-0.126449,-0.00928179,0.991869,-0.144594,0.0380092,0.580312
1.61859e+09,0.0175811,-0.11177,-0.00896802,0.993538,-0.13825,0.0414022,0.570169
1.61859e+09,0.0230687,-0.100643,-0.010201,0.994603,-0.131183,0.0413637,0.567858
1.61859e+09,0.0190191,-0.091266,-0.0111532,0.995582,-0.127408,0.0428515,0.576025
1.61859e+09,0.00458374,-0.0872674,-0.0147286,0.996065,-0.124266,0.0473497,0.571305
1.61859e+09,-0.0212859,-0.0945551,-0.0201006,0.995089,-0.118829,0.0562002,0.561072
1.61859e+09,-0.0563117,-0.103136,-0.0243182,0.992774,-0.118459,0.064882,0.567988
1.61859e+09,-0.101264,-0.107693,-0.0266868,0.988653,-0.120029,0.0742038,0.576478
1.61859e+09,-0.153532,-0.101463,-0.0275488,0.982535,-0.120101,0.0838133,0.573003
1.61859e+09,-0.203706,-0.0900455,-0.0301245,0.974417,-0.11669,0.0865526,0.547257
1.61859e+09,-0.247174,-0.0851136,-0.0332961,0.964651,-0.107059,0.0882049,0.515361
1.61859e+09,-0.285901,-0.0859139,-0.0355357,0.953738,-0.0982012,0.0880394,0.490027
1.61859e+09,-0.321396,-0.0860884,-0.0367716,0.942306,-0.095328,0.0905886,0.476135
1.61859e+09,-0.358106,-0.0805509,-0.0409414,0.929298,-0.0927827,0.096964,0.469582
1.61859e+09,-0.397799,-0.0714788,-0.0461701,0.913518,-0.0907369,0.0954161,0.454887
1.61859e+09,-0.410472,-0.0698881,-0.0471627,0.907967,-0.0883839,0.0748325,0.435263
1.61859e+09,-0.455798,-0.0621967,-0.0490455,0.886552,-0.0901449,0.0685948,0.417307
1.61859e+09,-0.474347,-0.062817,-0.0499085,0.876674,-0.092171,0.0650137,0.413065
1.61859e+09,-0.490667,-0.0602149,-0.0509192,0.867771,-0.094157,0.0643577,0.408163
1.61859e+09,-0.49889,-0.0554099,-0.0516719,0.863347,-0.093668,0.0578713,0.396075
1.61859e+09,-0.499666,-0.0551378,-0.0516347,0.862918,-0.0933554,0.0520758,0.387586
1.61859e+09,-0.495803,-0.0572347,-0.0502602,0.865088,-0.0936364,0.0470356,0.383626
1.61859e+09,-0.489524,-0.0585942,-0.0491923,0.868627,-0.0943622,0.0509052,0.384796
1.61859e+09,-0.482035,-0.0600926,-0.0483648,0.87275,-0.0946666,0.0535305,0.385006
1.61859e+09,-0.466609,-0.0654259,-0.0475745,0.880756,-0.0938489,0.0463337,0.37914
1.61859e+09,-0.465109,-0.0658456,-0.0477039,0.881511,-0.0937616,0.0480625,0.378051
1.61859e+09,-0.399742,-0.0881292,-0.0488535,0.911073,-0.0874422,0.0572632,0.390933
1.61859e+09,-0.390776,-0.088677,-0.0499646,0.914841,-0.0883914,0.0748672,0.406832
1.61859e+09,-0.300589,-0.104329,-0.0549896,0.946434,-0.0796975,0.0652392,0.403896
1.61859e+09,-0.232999,-0.108247,-0.0592154,0.964618,-0.0751396,0.0768683,0.415691
1.61859e+09,-0.158949,-0.113754,-0.0607926,0.978826,-0.0758012,0.0888891,0.447199
1.61859e+09,-0.0878523,-0.114078,-0.0591048,0.987813,-0.0787764,0.0888443,0.483778
1.61859e+09,-0.0188774,-0.115918,-0.0547859,0.991567,-0.0819041,0.0870537,0.500999
1.61859e+09,0.046011,-0.118458,-0.0501455,0.990624,-0.0853836,0.0817287,0.516233
1.61859e+09,0.106913,-0.117313,-0.0434615,0.986366,-0.0936922,0.0692622,0.541777
1.61859e+09,0.166635,-0.108913,-0.0337459,0.979404,-0.102601,0.0565823,0.566209
1.61859e+09,0.224628,-0.105362,-0.025572,0.968394,-0.0981507,0.0598774,0.547888
1.61859e+09,0.274865,-0.102817,-0.0241512,0.955664,-0.0990451,0.0466048,0.557251
1.61859e+09,0.321266,-0.0975205,-0.0236719,0.941657,-0.0972801,0.0299157,0.560792
1.61859e+09,0.364136,-0.0958216,-0.0225151,0.92613,-0.087286,0.0290121,0.546565
1.61859e+09,0.399551,-0.105748,-0.022902,0.910303,-0.0837459,0.0172354,0.53561
1.61859e+09,0.428009,-0.120178,-0.0239338,0.895429,-0.0957047,-0.00473689,0.538388
1.61859e+09,0.450204,-0.130025,-0.0225826,0.883119,-0.103443,-0.0140848,0.537531
1.61859e+09,0.463268,-0.135856,-0.0198288,0.875519,-0.109769,-0.0205877,0.540931
1.61859e+09,0.468962,-0.139208,-0.0169619,0.872014,-0.117802,-0.0253512,0.545257
1.61859e+09,0.469261,-0.140432,-0.0155197,0.871683,-0.123768,-0.0274415,0.550329
1.61859e+09,0.465321,-0.139372,-0.0167233,0.87394,-0.128473,-0.0322855,0.553991
1.61859e+09,0.456475,-0.135744,-0.0189788,0.879115,-0.128133,-0.0276703,0.559599
1.61859e+09,0.436428,-0.130739,-0.0218923,0.88992,-0.129705,-0.0243373,0.572748
1.61859e+09,0.39573,-0.124185,-0.0240909,0.909613,-0.133597,-0.0177008,0.593951
1.61859e+09,0.339955,-0.115581,-0.0249732,0.932978,-0.131528,0.00116336,0.604858
1.61859e+09,0.27634,-0.106994,-0.0257393,0.954739,-0.127011,0.0259569,0.612663
1.61859e+09,0.206575,-0.100029,-0.0282053,0.972895,-0.124071,0.0563336,0.617432
1.61859e+09,0.126884,-0.0937511,-0.0339451,0.986894,-0.124162,0.0828022,0.621252
1.61859e+09,0.0460012,-0.087992,-0.0403697,0.994239,-0.122313,0.10323,0.619009
1.61859e+09,-0.0316749,-0.079514,-0.0456837,0.995282,-0.119864,0.119317,0.60799
1.61859e+09,-0.103326,-0.0776903,-0.0493362,0.990381,-0.116934,0.131257,0.584848
1.61859e+09,-0.172934,-0.0846726,-0.04968,0.980029,-0.11581,0.141715,0.567631
1.61859e+09,-0.238341,-0.091245,-0.0486669,0.96566,-0.115895,0.147498,0.550351
1.61859e+09,-0.296592,-0.0959741,-0.0458557,0.949062,-0.112589,0.148838,0.529703
1.61859e+09,-0.34518,-0.0945031,-0.0424696,0.9328,-0.109789,0.145808,0.506766
1.61859e+09,-0.386243,-0.0920861,-0.0401165,0.916912,-0.106438,0.136065,0.48819
1.61859e+09,-0.407766,-0.0932317,-0.0387786,0.907486,-0.100898,0.132748,0.477282
1.61859e+09,-0.432223,-0.0931955,-0.03885,0.896096,-0.0942047,0.116974,0.466533
1.61859e+09,-0.46862,-0.0926646,-0.0382428,0.877693,-0.0859346,0.107867,0.420999
1.61859e+09,-0.509792,-0.0848528,-0.0336432,0.855442,-0.0973883,0.115355,0.438302
1.61859e+09,-0.517658,-0.0849127,-0.0309224,0.850802,-0.0957668,0.106713,0.426092
1.61859e+09,-0.518543,-0.0869815,-0.027816,0.850161,-0.0955726,0.104532,0.4178
1.61859e+09,-0.513966,-0.0859435,-0.0283509,0.853024,-0.0953414,0.107656,0.416017
1.61859e+09,-0.507306,-0.0842956,-0.0292869,0.857133,-0.094072,0.107781,0.415179
1.61859e+09,-0.498651,-0.0836113,-0.0300173,0.862239,-0.0938918,0.109998,0.412335
1.61859e+09,-0.480775,-0.0817975,-0.0342714,0.872347,-0.0908306,0.117694,0.406805
1.61859e+09,-0.478147,-0.0816957,-0.0348483,0.873777,-0.0918129,0.116931,0.406474
1.61859e+09,-0.426683,-0.0928889,-0.0398254,0.898736,-0.0922114,0.132545,0.409306
1.61859e+09,-0.347975,-0.114468,-0.0412067,0.929577,-0.0821808,0.112475,0.411132
1.61859e+09,-0.28812,-0.12152,-0.0448318,0.948794,-0.0818545,0.116078,0.427178
1.61859e+09,-0.225396,-0.125234,-0.0476004,0.965012,-0.0809083,0.122255,0.443907
1.61859e+09,-0.153307,-0.124861,-0.0481866,0.979074,-0.0833475,0.128512,0.4711
1.61859e+09,-0.0756757,-0.121772,-0.0457237,0.988612,-0.0836517,0.128824,0.488615
1.61859e+09,1.08714e-05,-0.11162,-0.0399509,0.992948,-0.0863465,0.123876,0.50186
1.61859e+09,0.0724546,-0.100004,-0.0319017,0.991833,-0.0965855,0.115809,0.534958
1.61859e+09,0.143521,-0.0940576,-0.024861,0.984854,-0.0973698,0.108366,0.537595
1.61859e+09,0.213988,-0.0933887,-0.0177264,0.9722,-0.096806,0.100907,0.534068
1.61859e+09,0.283954,-0.100317,-0.0101679,0.953522,-0.097203,0.0925221,0.528258
1.61859e+09,0.346503,-0.105886,-0.004922,0.932041,-0.106315,0.0721777,0.544338
1.61859e+09,0.396967,-0.112386,-0.00361598,0.910919,-0.117158,0.0463685,0.561526
1.61859e+09,0.43326,-0.115046,-0.00317863,0.893891,-0.124315,0.0265988,0.571694
1.61859e+09,0.46372,-0.115121,-0.00268047,0.878467,-0.128965,0.00923201,0.573186
1.61859e+09,0.493971,-0.112872,-5.01763e-05,0.862121,-0.128708,0.000537594,0.567583
1.61859e+09,0.518337,-0.112424,0.00102486,0.847754,-0.133521,-0.0150185,0.568291
1.61859e+09,0.533571,-0.113195,0.000320441,0.838146,-0.13851,-0.0264898,0.567215
1.61859e+09,0.539955,-0.113898,-0.00268243,0.833947,-0.139995,-0.0336716,0.564455
1.61859e+09,0.539134,-0.114346,-0.00532773,0.834404,-0.139679,-0.0376572,0.5629
1.61859e+09,0.53056,-0.114583,-0.00725441,0.839836,-0.139798,-0.0369638,0.567991
1.61859e+09,0.507734,-0.115216,-0.00883857,0.853729,-0.141212,-0.0284795,0.581553
1.61859e+09,0.467677,-0.116632,-0.0109144,0.876103,-0.145444,-0.0193436,0.599433
1.61859e+09,0.415187,-0.115866,-0.0130261,0.902234,-0.148106,0.00108596,0.612513
1.61859e+09,0.355678,-0.111104,-0.0152599,0.927855,-0.150443,0.0231569,0.625467
1.61859e+09,0.293732,-0.101523,-0.0181923,0.950307,-0.145572,0.0489802,0.627638
1.61859e+09,0.232828,-0.0913688,-0.0224049,0.967957,-0.135898,0.0751583,0.618836
1.61859e+09,0.172582,-0.0864345,-0.0285029,0.980781,-0.126705,0.099424,0.612063
1.61859e+09,0.119653,-0.083556,-0.0346934,0.988685,-0.112105,0.116869,0.593359
1.61859e+09,0.0851571,-0.0875494,-0.0393366,0.991734,-0.0980387,0.127213,0.567376
1.61859e+09,0.0662999,-0.0972539,-0.0395651,0.99226,-0.0877619,0.135084,0.541003
1.61859e+09,0.0556452,-0.106428,-0.0392924,0.991984,-0.086174,0.139899,0.546706
1.61859e+09,0.0466808,-0.108012,-0.0397022,0.992259,-0.0841282,0.142972,0.553729
1.61859e+09,0.0367202,-0.102203,-0.0408314,0.993247,-0.0809164,0.143842,0.555394
1.61859e+09,0.0272669,-0.0955589,-0.0462683,0.993974,-0.0782314,0.14848,0.550191
1.61859e+09,0.0188185,-0.0877631,-0.059908,0.99416,-0.0727749,0.155919,0.540902
1.61859e+09,0.0104578,-0.0818799,-0.086634,0.992815,-0.0585919,0.174928,0.539689
1.61859e+09,0.00296115,-0.0773193,-0.125452,0.989078,-0.0420216,0.187216,0.537412
1.61859e+09,-0.00324819,-0.0775878,-0.169162,0.982524,-0.0264853,0.189398,0.530098
1.61859e+09,-0.00578824,-0.0827727,-0.215697,0.972928,-0.0105892,0.188143,0.520673
1.61859e+09,-0.00477782,-0.0893372,-0.262362,0.960813,0.00532755,0.18063,0.513223
1.61859e+09,-0.000646801,-0.0916985,-0.306921,0.947307,0.0168609,0.170346,0.507088
1.61859e+09,0.00229974,-0.0910305,-0.35196,0.931575,0.0245576,0.157654,0.510326
1.61859e+09,0.00552332,-0.0904221,-0.395833,0.913843,0.0304875,0.142558,0.50587
1.61859e+09,0.0107075,-0.0892102,-0.43404,0.896402,0.0338819,0.124885,0.505455
1.61859e+09,0.00978765,-0.0925655,-0.46853,0.87853,0.0379005,0.11061,0.506363
1.61859e+09,0.00197945,-0.100972,-0.498418,0.861035,0.0400242,0.0952537,0.503784
1.61859e+09,-0.00582418,-0.110089,-0.522005,0.845788,0.0379029,0.0819273,0.505319
1.61859e+09,-0.0125043,-0.11669,-0.539302,0.833895,0.0366775,0.0700948,0.503932
1.61859e+09,-0.0163077,-0.117337,-0.547242,0.828548,0.031669,0.0587812,0.506768
1.61859e+09,-0.0183926,-0.115494,-0.547208,0.828786,0.0296803,0.0487808,0.502879
1.61859e+09,-0.0169474,-0.111771,-0.537143,0.835881,0.0263841,0.0342177,0.495564
1.61859e+09,-0.0135186,-0.111123,-0.515607,0.849481,0.0222432,0.0240246,0.491858
1.61859e+09,-0.0137278,-0.116102,-0.481705,0.8685,0.00766526,0.0447161,0.488592
1.61859e+09,-0.0104076,-0.118296,-0.439123,0.890544,-0.00621185,0.0623651,0.495457
1.61859e+09,-0.00634077,-0.119156,-0.385908,0.914788,-0.0202014,0.0700032,0.49782
1.61859e+09,-0.00325093,-0.117364,-0.326349,0.937929,-0.0379266,0.0785598,0.513214
1.61859e+09,0.000839609,-0.107698,-0.262009,0.959037,-0.0532836,0.0891918,0.525275
1.61859e+09,0.0054083,-0.0938623,-0.198925,0.975495,-0.0672389,0.103314,0.524511
1.61859e+09,0.00821313,-0.0865872,-0.140978,0.986185,-0.0803331,0.111178,0.506926
1.61859e+09,0.00852417,-0.0864678,-0.127139,0.988072,-0.0368423,0.261214,0.492171
1.61859e+09,0.00663721,-0.0909548,-0.0869494,0.99203,0.114127,0.363575,0.487921
1.61859e+09,0.00267872,-0.103795,-0.0279828,0.994201,0.0991812,0.371733,0.497329
1.61859e+09,-0.00394194,-0.112199,0.032688,0.99314,0.082634,0.381352,0.499973
1.61859e+09,-0.0113946,-0.112173,0.0923376,0.989324,0.0610278,0.387295,0.499709
1.61859e+09,-0.0154168,-0.10562,0.142919,0.983962,0.0431893,0.38886,0.486578
1.61859e+09,-0.0208624,-0.0946799,0.183002,0.97832,0.0210373,0.387183,0.493461
1.61859e+09,-0.031096,-0.0772328,0.218712,0.972231,0.0107161,0.38293,0.481791
1.61859e+09,-0.0382334,-0.0688662,0.251964,0.964526,0.00868626,0.380084,0.475911
1.61859e+09,-0.0364158,-0.0693894,0.287383,0.954605,-0.00493156,0.372996,0.466157
1.61859e+09,-0.0340362,-0.0718606,0.289508,0.953867,-0.00794501,0.380973,0.46751
1.61859e+09,-0.0281156,-0.0817019,0.347037,0.933863,-0.0633835,0.334777,0.473828
1.61859e+09,-0.0286343,-0.0850147,0.358017,0.929396,-0.0849387,0.257102,0.472649
1.61859e+09,-0.0282447,-0.0864604,0.356637,0.929805,-0.0927309,0.244699,0.469043
1.61859e+09,-0.0226089,-0.0932438,0.350846,0.931505,-0.207936,0.145567,0.471016
1.61859e+09,-0.0173926,-0.103503,0.31386,0.943651,-0.19231,0.179438,0.484323
1.61859e+09,-0.0139775,-0.108104,0.304261,0.946332,-0.21024,0.122997,0.506405
1.61859e+09,-0.0132577,-0.108092,0.2989,0.94805,-0.231777,0.131135,0.505018
1.61859e+09,-0.0154801,-0.110803,0.249037,0.96201,-0.24701,-0.119583,0.526906
1.61859e+09,-0.0177436,-0.113959,0.1856,0.975834,-0.242101,-0.113593,0.542956
1.61859e+09,-0.0189689,-0.111819,0.124483,0.985718,-0.279204,-0.122665,0.538198
1.61859e+09,-0.0170235,-0.111394,0.059663,0.991838,-0.266481,-0.113709,0.552942
1.61859e+09,-0.0123333,-0.109377,0.000116261,0.993924,-0.258921,-0.11169,0.553964
1.61859e+09,-0.00430976,-0.101432,-0.0611982,0.992949,-0.21136,-0.0945385,0.549798
1.61859e+09,0.00689663,-0.0950733,-0.116206,0.98864,-0.178513,-0.0841286,0.56666
1.61859e+09,0.0149015,-0.0886863,-0.164828,0.982214,-0.161261,-0.0794232,0.570864
1.61859e+09,0.0190217,-0.0825683,-0.208677,0.974307,-0.144731,-0.0756141,0.568558
1.61859e+09,0.0204708,-0.0832229,-0.248733,0.964773,-0.126627,-0.0699354,0.555681
1.61859e+09,0.0222155,-0.0889756,-0.284795,0.954192,-0.113453,-0.0692895,0.539207
1.61859e+09,0.0268179,-0.0951383,-0.315062,0.94391,-0.104284,-0.0681842,0.536843
1.61859e+09,0.0325765,-0.0936148,-0.337602,0.936055,-0.0978403,-0.074076,0.539151
1.61859e+09,0.0338253,-0.0968058,-0.355528,0.929023,-0.0964425,-0.0762388,0.53336
1.61859e+09,0.0319895,-0.0995253,-0.363949,0.925534,-0.0978803,-0.0802065,0.536699
1.61859e+09,0.0317121,-0.0960092,-0.364228,0.925805,-0.0935532,-0.0819756,0.523438
1.61859e+09,0.0318144,-0.0920954,-0.35595,0.929411,-0.0941393,-0.0759819,0.518799
1.61859e+09,0.0311526,-0.091272,-0.345762,0.933353,-0.0797899,-0.0574538,0.524304
1.61859e+09,0.0262624,-0.0927284,-0.341669,0.934866,-0.0652961,-0.00916297,0.531141
1.61859e+09,0.021175,-0.0973603,-0.337194,0.936148,-0.0146073,0.0629968,0.539724
1.61859e+09,0.00962708,-0.105538,-0.310897,0.944517,0.198715,0.446258,0.539494
1.61859e+09,0.00270442,-0.10435,-0.301081,0.947868,0.293538,0.524045,0.560448
1.61859e+09,-0.00195352,-0.0990476,-0.300571,0.9486,0.373935,0.487237,0.53175
1.61859e+09,0.000505812,-0.0924681,-0.302271,0.948726,0.585338,0.329919,0.533825
1.61859e+09,0.00375575,-0.0861507,-0.252451,0.96376,0.762255,0.340873,0.531271
1.61859e+09,0.00604221,-0.0808563,-0.174613,0.981293,0.731233,0.352971,0.529588
1.61859e+09,0.00270487,-0.0761161,-0.101762,0.991889,0.700407,0.361573,0.532751
1.61859e+09,-0.00458221,-0.0702496,-0.0347385,0.996914,0.666134,0.368207,0.525805
1.61859e+09,-0.0136046,-0.0629495,0.0248556,0.997614,0.630687,0.365244,0.515028
1.61859e+09,-0.0214593,-0.0577278,0.0725849,0.995459,0.59984,0.358322,0.517395
1.61859e+09,-0.0290093,-0.0531926,0.109121,0.99218,0.582209,0.352806,0.502012
1.61859e+09,-0.0308049,-0.0572326,0.136734,0.988473,0.562743,0.345849,0.494002
1.61859e+09,-0.0285914,-0.0666548,0.153117,0.985543,0.546402,0.341876,0.485411
1.61859e+09,-0.0245538,-0.0753411,0.160094,0.983916,0.53384,0.331661,0.488847
1.61859e+09,-0.0221845,-0.0795511,0.156864,0.984161,0.53004,0.316508,0.488967
1.61859e+09,-0.0208878,-0.0811081,0.140425,0.986542,0.547809,0.304889,0.486249
1.61859e+09,-0.022744,-0.0769034,0.13719,0.987293,0.489689,0.296082,0.493883
1.61859e+09,-0.0241458,-0.0741694,0.130579,0.988365,0.616956,0.247441,0.509938
1.61859e+09,-0.0220962,-0.0764439,0.135419,0.987588,0.603805,0.299,0.528962
1.61859e+09,-0.0166328,-0.0798414,0.148318,0.985571,0.167132,0.539132,0.514999
1.61859e+09,-0.0127424,-0.0831779,0.143194,0.986111,0.0352874,0.569747,0.509441
1.61859e+09,-0.00869335,-0.0855993,0.138075,0.986678,-0.182528,0.11393,0.505573
1.61859e+09,-0.00349665,-0.0879285,0.13266,0.987248,-0.273475,-0.0620598,0.4918
1.61859e+09,0.00263476,-0.0898397,0.117412,0.989008,-0.395596,-0.252055,0.475638
1.61859e+09,0.0124667,-0.0892269,0.0663641,0.99372,-0.418878,-0.273775,0.483232
1.61859e+09,0.027778,-0.090733,0.01415,0.995387,-0.450494,-0.291003,0.491977
1.61859e+09,0.0398884,-0.0908685,-0.0421166,0.994172,-0.419177,-0.278187,0.494537
1.61859e+09,0.0437266,-0.0956898,-0.0940439,0.989994,-0.396119,-0.269127,0.494767
1.61859e+09,0.0432247,-0.103986,-0.140167,0.983703,-0.384591,-0.262761,0.500343
1.61859e+09,0.0432987,-0.106534,-0.179514,0.977011,-0.376473,-0.259685,0.500301
1.61859e+09,0.0441869,-0.102205,-0.210256,0.971285,-0.372388,-0.26616,0.499716
1.61859e+09,0.0454804,-0.0953013,-0.228219,0.967866,-0.366531,-0.27729,0.486106
1.61859e+09,0.0493325,-0.0892931,-0.235337,0.966545,-0.361077,-0.285162,0.479881
1.61859e+09,0.0490072,-0.0867575,-0.227438,0.968681,-0.357804,-0.301845,0.470772
1.61859e+09,0.0390072,-0.0917966,-0.223981,0.969476,-0.326845,-0.201753,0.468567
1.61859e+09,0.0193654,-0.111025,-0.243402,0.963355,-0.141156,0.0765616,0.467324
1.61859e+09,0.00793457,-0.125551,-0.240475,0.962469,-0.0265833,0.128648,0.5065
1.61859e+09,0.00790424,-0.125593,-0.240446,0.962471,-0.0265827,0.129504,0.507006
1.61859e+09,-0.00553683,-0.128465,-0.238648,0.962556,-0.0373176,0.104913,0.532252
1.61859e+09,-0.0114573,-0.120568,-0.233307,0.964831,-0.0541129,0.116183,0.469367
1.61859e+09,-0.00805259,-0.107336,-0.233897,0.966285,-0.014524,0.127151,0.454648
1.61859e+09,-0.00439118,-0.0964624,-0.233543,0.96754,0.129812,0.145176,0.483744
1.61859e+09,-0.000811764,-0.080857,-0.213092,0.97368,0.123041,0.152478,0.4624
1.61859e+09,0.00316369,-0.0574986,-0.198327,0.978443,0.112567,0.157102,0.440713
1.61859e+09,0.0104273,-0.0260364,-0.18851,0.981671,0.100739,0.153146,0.424643
1.61859e+09,0.0164266,0.0135895,-0.187061,0.982117,0.0942781,0.150866,0.42493
1.61859e+09,0.022694,0.064144,-0.18943,0.979534,0.0924371,0.145325,0.388227
1.61859e+09,0.0333609,0.118314,-0.193943,0.973281,0.0962907,0.137547,0.368192
1.61859e+09,0.0477935,0.18065,-0.195757,0.962684,0.103811,0.132154,0.355369
1.61859e+09,0.0657954,0.236256,-0.19649,0.94934,0.113521,0.129689,0.358209
1.61859e+09,0.0748938,0.271828,-0.198027,0.938768,0.118783,0.127464,0.354396
1.61859e+09,0.0795844,0.299206,-0.20122,0.929329,0.123908,0.123072,0.3435
1.61859e+09,0.0827684,0.319914,-0.203393,0.921648,0.128902,0.121714,0.333199
1.61859e+09,0.0833525,0.334484,-0.20483,0.916088,0.133921,0.120575,0.326382
1.61859e+09,0.0807655,0.341649,-0.206097,0.913388,0.136513,0.122014,0.31191
1.61859e+09,0.0776258,0.345955,-0.206851,0.911868,0.138466,0.12475,0.304851
1.61859e+09,0.0722154,0.338401,-0.207541,0.914985,0.137703,0.12817,0.298618
1.61859e+09,0.0610736,0.310102,-0.208294,0.925592,0.122463,0.135163,0.270639
1.61859e+09,0.0465749,0.254735,-0.209542,0.942885,0.112748,0.138597,0.256652
1.61859e+09,0.0353713,0.196684,-0.209916,0.957079,0.109938,0.142712,0.270821
1.61859e+09,0.0228111,0.138364,-0.210133,0.967563,0.108507,0.145,0.281109
1.61859e+09,0.0108431,0.080714,-0.210018,0.9743,0.107621,0.146784,0.303272
1.61859e+09,-0.00218334,0.0225169,-0.209656,0.977514,0.104535,0.147806,0.342494
1.61859e+09,-0.00739984,-0.036357,-0.209467,0.977112,0.101735,0.153366,0.405114
1.61859e+09,-0.0193815,-0.0987522,-0.208876,0.97275,0.100651,0.151003,0.3834
1.61859e+09,-0.028761,-0.156842,-0.207578,0.965134,0.0993244,0.147043,0.362113
1.61859e+09,-0.038588,-0.210134,-0.205504,0.955051,0.0927293,0.141948,0.349673
1.61859e+09,-0.0444312,-0.254351,-0.203812,0.944347,0.0897647,0.137951,0.352207
1.61859e+09,-0.0513358,-0.296133,-0.202256,0.932074,0.0857108,0.136424,0.357272
1.61859e+09,-0.060577,-0.337242,-0.19945,0.918051,0.0827782,0.134183,0.362255
1.61859e+09,-0.0686632,-0.36871,-0.196342,0.905973,0.0849717,0.13094,0.35471
1.61859e+09,-0.0729826,-0.384796,-0.195048,0.899201,0.0759905,0.136462,0.377455
1.61859e+09,-0.0764119,-0.389729,-0.194298,0.896951,0.0761489,0.137554,0.378637
1.61859e+09,-0.0760839,-0.386161,-0.194414,0.898495,0.0705214,0.141159,0.383165
1.61859e+09,-0.0660968,-0.352819,-0.197355,0.912251,0.0718872,0.140363,0.380545
1.61859e+09,-0.0469358,-0.285728,-0.2026,0.935473,0.0630676,0.143785,0.417652
1.61859e+09,-0.0297997,-0.212127,-0.206632,0.954682,0.0651274,0.14023,0.431411
1.61859e+09,-0.01344,-0.14234,-0.20936,0.96733,0.0726084,0.135511,0.447322
1.61859e+09,-0.0162117,-0.136576,-0.209401,0.968109,0.102953,0.121788,0.427557
1.61859e+09,-0.0008306,-0.0426037,-0.211961,0.976349,0.10622,0.11686,0.460116
1.61859e+09,0.0170995,0.0160853,-0.212755,0.976823,0.12395,0.115429,0.452358
1.61859e+09,0.0273824,0.0571652,-0.211752,0.975266,0.133527,0.114541,0.429412
1.61859e+09,0.0345721,0.0939426,-0.210851,0.972379,0.132391,0.116339,0.410693
1.61859e+09,0.0420561,0.131809,-0.210776,0.967694,0.133404,0.118118,0.395029
1.61859e+09,0.0487363,0.161087,-0.21102,0.962884,0.138188,0.11974,0.383355
1.61859e+09,0.0531199,0.189846,-0.212056,0.957167,0.142249,0.119277,0.367536
1.61859e+09,0.0578399,0.218582,-0.213305,0.950462,0.15255,0.115337,0.360691
1.61859e+09,0.0609534,0.239508,-0.213696,0.945122,0.155384,0.113964,0.344431
1.61859e+09,0.0629909,0.255378,-0.214149,0.94072,0.159447,0.112331,0.329549
1.61859e+09,0.0624542,0.257783,-0.214536,0.940011,0.159927,0.111331,0.309547
1.61859e+09,0.0586127,0.2409,-0.214727,0.944682,0.157325,0.115389,0.298125
1.61859e+09,0.062973,0.244251,-0.212174,0.944118,0.159083,0.121354,0.366127
1.61859e+09,0.0447003,0.214063,-0.215773,0.951641,0.120539,0.137081,0.264172
1.61859e+09,0.044003,0.191124,-0.214427,0.956847,0.151078,0.127416,0.443775
1.61859e+09,0.0210087,0.101738,-0.217761,0.970458,0.122295,0.140781,0.472914
1.61859e+09,0.00063924,0.00511234,-0.21922,0.975662,0.102689,0.148996,0.488397
1.61859e+09,-0.019682,-0.0789431,-0.217749,0.972608,0.0909091,0.149557,0.45718
1.61859e+09,-0.0306481,-0.145126,-0.215604,0.96515,0.0656679,0.162878,0.483418
1.61859e+09,-0.0456962,-0.211178,-0.213289,0.952798,0.0461403,0.170452,0.468798
1.61859e+09,-0.0498177,-0.226689,-0.213217,0.949036,0.0398015,0.174948,0.415453
1.61859e+09,-0.0599467,-0.250642,-0.210978,0.942907,0.101451,0.141499,0.337335
1.61859e+09,-0.0637144,-0.266971,-0.207492,0.938943,0.105856,0.140985,0.270777
1.61859e+09,-0.0673555,-0.284869,-0.203564,0.934277,0.104277,0.143327,0.268311
1.61859e+09,-0.0660367,-0.287186,-0.202391,0.933917,0.10229,0.145671,0.272342
1.61859e+09,-0.0547128,-0.263086,-0.202383,0.941718,0.100349,0.147756,0.270673
1.61859e+09,-0.0547806,-0.263172,-0.202405,0.941686,0.0995545,0.147959,0.271169
1.61859e+09,-0.0438576,-0.234939,-0.205228,0.949085,0.0700148,0.160201,0.379926
1.61859e+09,-0.0501624,-0.204816,-0.207936,0.955142,0.115444,0.127294,0.361707
1.61859e+09,-0.0320395,-0.132569,-0.21214,0.967675,0.116726,0.129735,0.412578
1.61859e+09,-0.0174621,-0.0434673,-0.214852,0.975523,0.127441,0.120156,0.411412
1.61859e+09,0.00943097,0.0475243,-0.214875,0.975439,0.138265,0.120248,0.413606
1.61859e+09,0.0272257,0.117628,-0.213181,0.969524,0.142465,0.117681,0.386847
1.61859e+09,0.0313244,0.131557,-0.211464,0.967985,0.156562,0.110195,0.363899
1.61859e+09,0.0404036,0.160149,-0.204445,0.964843,0.206529,0.0827185,0.29378
1.61859e+09,0.0516323,0.191526,-0.202408,0.959001,0.195835,0.0893069,0.269256
1.61859e+09,0.0568836,0.217984,-0.202651,0.952985,0.197097,0.0889938,0.263582
1.61859e+09,0.0578397,0.231972,-0.204485,0.949226,0.201564,0.0867662,0.242985
1.61859e+09,0.0582834,0.24226,-0.207371,0.945997,0.208088,0.0858166,0.237945
1.61859e+09,0.0482782,0.227203,-0.211864,0.949295,0.208833,0.0829037,0.21003
1.61859e+09,0.0367296,0.191215,-0.21603,0.956775,0.206904,0.0855551,0.19417
1.61859e+09,0.0338761,0.21526,-0.21659,0.951633,0.151959,0.104105,0.211441
1.61859e+09,0.048152,0.23381,-0.210953,0.947899,0.11682,0.134532,0.228478
1.61859e+09,0.0462065,0.220398,-0.208178,0.951815,0.119802,0.131483,0.405336
1.61859e+09,0.0320133,0.147767,-0.208132,0.966344,0.108384,0.138113,0.468153
1.61859e+09,0.0161742,0.0700073,-0.208267,0.975429,0.0890915,0.143632,0.486117
1.61859e+09,-0.000920338,-0.00870967,-0.207839,0.978124,0.0751373,0.143342,0.485516
1.61859e+09,-0.0119926,-0.0757681,-0.206775,0.975377,0.0531148,0.147493,0.490507
1.61859e+09,-0.0135024,-0.0993138,-0.20632,0.973338,0.0331904,0.150507,0.574778
1.61859e+09,-0.0149752,-0.0967126,-0.206561,0.973527,0.0294807,0.14408,0.603459
1.61859e+09,-0.0142696,-0.0864964,-0.207475,0.974304,0.0298495,0.140708,0.615226
1.61859e+09,-0.0135294,-0.0841345,-0.208424,0.974319,0.0333014,0.139239,0.564906
1.61859e+09,-0.0161193,-0.105474,-0.209151,0.972045,0.0526177,0.136334,0.318855
1.61859e+09,-0.0136475,-0.101847,-0.208205,0.972672,0.0627754,0.13016,0.402178
1.61859e+09,-0.00682558,-0.0872993,-0.207133,0.974386,0.0639677,0.129831,0.415622
1.61859e+09,-0.00317943,-0.0827757,-0.206649,0.974902,0.07503,0.126574,0.392744
1.61859e+09,-0.0105931,-0.0823504,-0.207604,0.974683,0.0817343,0.113218,0.326927
1.61859e+09,-0.00974048,-0.0818319,-0.209436,0.974343,0.0783129,0.109859,0.378137
1.61859e+09,-0.011457,-0.0792577,-0.212118,0.973957,0.0730179,0.103174,0.418082
1.61859e+09,-0.0144063,-0.076391,-0.21534,0.97344,0.068742,0.098078,0.464976
1.61859e+09,-0.0169294,-0.0756831,-0.218622,0.972723,0.0624,0.092532,0.514398
1.61859e+09,-0.0169195,-0.0772855,-0.222024,0.971826,0.0637977,0.0845815,0.571826
1.61859e+09,-0.0105763,-0.0668362,-0.22373,0.972299,0.0539874,0.0839392,0.74454
1.61859e+09,-0.0109439,-0.0649183,-0.224632,0.972217,0.0539397,0.0783352,0.789577
1.61859e+09,-0.0125454,-0.0674928,-0.225558,0.971808,0.0536888,0.0739996,0.832576
1.61859e+09,-0.0133504,-0.076054,-0.227386,0.970739,0.0495159,0.0711246,0.858276
1.61859e+09,-0.0155847,-0.0921596,-0.229118,0.968901,0.0538618,0.0665301,0.868546
1.61859e+09,-0.0185476,-0.100209,-0.227921,0.968332,0.0538471,0.0649174,0.885639
1.61859e+09,-0.0211909,-0.0982978,-0.224756,0.969213,0.0578852,0.0623163,0.854125
1.61859e+09,-0.0210719,-0.0969456,-0.220008,0.97044,0.062474,0.0613014,0.797933
1.61859e+09,-0.0199488,-0.0927568,-0.215408,0.971904,0.0601987,0.0630937,0.750274
1.61859e+09,-0.0170424,-0.0902449,-0.213837,0.972543,0.0616888,0.0632983,0.732531
1.61859e+09,-0.0163517,-0.0880703,-0.21289,0.972962,0.0562686,0.0674028,0.814657
1.61859e+09,-0.0177305,-0.08961,-0.210487,0.973319,0.0615163,0.0675043,0.81286
1.61859e+09,-0.0171235,-0.0897194,-0.206601,0.974153,0.0608893,0.0691447,0.80481
1.61859e+09,-0.0138366,-0.0925373,-0.203651,0.974562,0.062409,0.071541,0.788013
1.61859e+09,-0.0134594,-0.105919,-0.201067,0.973741,0.0722758,0.0758185,0.526884
1.61859e+09,-0.0156991,-0.116175,-0.199986,0.97276,0.0644995,0.0853008,0.258957
1.61859e+09,-0.0202551,-0.125423,-0.201692,0.971174,0.0611305,0.0894309,0.20615
1.61859e+09,-0.023009,-0.128027,-0.204922,0.970096,0.0642772,0.0909235,0.157919
1.61859e+09,-0.0211986,-0.123519,-0.208015,0.970064,0.0692716,0.0915349,0.113699
1.61859e+09,-0.0166114,-0.108849,-0.211453,0.971166,0.0665422,0.0938737,0.0940811
1.61859e+09,-0.0144106,-0.0920095,-0.214404,0.972295,0.068675,0.0965634,0.0787977
1.61859e+09,-0.011137,-0.0796666,-0.2158,0.973119,0.0699652,0.0997306,0.0978981
1.61859e+09,-0.00585611,-0.0653212,-0.216641,0.974046,0.0660904,0.103357,0.14282
1.61859e+09,-0.00497019,-0.0571505,-0.216215,0.974659,0.0671261,0.105333,0.194629
1.61859e+09,-0.00616427,-0.0587475,-0.215369,0.974745,0.0682736,0.107802,0.247631
1.61859e+09,-0.00666841,-0.0586658,-0.214994,0.974829,0.0711329,0.106279,0.305914
1.61859e+09,-0.00287458,-0.0531947,-0.214317,0.97531,0.0715455,0.106223,0.380825
1.61859e+09,-0.00226549,-0.0508631,-0.214906,0.975307,0.0663173,0.104915,0.454133
1.61859e+09,-0.0062628,-0.0449881,-0.218076,0.974874,0.0597234,0.101124,0.529925
1.61859e+09,-0.00921419,-0.0375439,-0.223769,0.973875,0.0570114,0.0992597,0.591909
1.61859e+09,-0.0109695,-0.0389975,-0.2294,0.972489,0.0586509,0.0975375,0.644156
1.61859e+09,-0.0112225,-0.0515157,-0.234114,0.970779,0.0599622,0.0975152,0.700625
1.61859e+09,-0.0113233,-0.0657826,-0.237251,0.969152,0.0586244,0.0951946,0.753459
1.61859e+09,-0.012809,-0.0816617,-0.240307,0.967171,0.0530734,0.092713,0.788128
1.61859e+09,-0.0130798,-0.0966501,-0.243901,0.964883,0.0515269,0.0896696,0.818239
1.61859e+09,-0.0139913,-0.107543,-0.246378,0.963087,0.0464036,0.0888613,0.84422
1.61859e+09,-0.0140416,-0.109307,-0.247597,0.962575,0.0459797,0.0846338,0.858712
1.61859e+09,-0.0155487,-0.101645,-0.247405,0.96344,0.0497325,0.0803713,0.836939
1.61859e+09,-0.0152155,-0.0917576,-0.245573,0.964906,0.0589865,0.0752408,0.789283
1.61859e+09,-0.0140479,-0.0827914,-0.241488,0.966764,0.0666571,0.0739259,0.74863
1.61859e+09,-0.0110383,-0.0736894,-0.235879,0.968922,0.0766662,0.0722798,0.681359
1.61859e+09,-0.0064952,-0.0674597,-0.230911,0.970612,0.0767409,0.0756594,0.623117
1.61859e+09,-0.00474499,-0.0677014,-0.230608,0.970677,0.0744892,0.0791976,0.577059
1.61859e+09,-0.00902911,-0.069992,-0.232391,0.970059,0.0801137,0.0809194,0.510445
1.61859e+09,-0.0116791,-0.0677462,-0.232318,0.970207,0.084528,0.0857859,0.446681
1.61859e+09,-0.0141385,-0.0630937,-0.230984,0.970807,0.0852457,0.0924208,0.362185
1.61859e+09,-0.0169563,-0.0660161,-0.229541,0.97091,0.0863091,0.0989307,0.29066
1.61859e+09,-0.0225634,-0.0726368,-0.226841,0.970957,0.0848566,0.105616,0.230646
1.61859e+09,-0.0231874,-0.075943,-0.223684,0.971422,0.0867849,0.108629,0.164679
1.61859e+09,-0.0196543,-0.0843465,-0.221119,0.971394,0.083459,0.11337,0.12522
1.61859e+09,-0.0173876,-0.0814279,-0.220233,0.971887,0.077526,0.115157,0.0984569
1.61859e+09,-0.0165193,-0.0639469,-0.21964,0.973343,0.0799596,0.115871,0.0664168
1.61859e+09,-0.0152509,-0.0487401,-0.218818,0.974428,0.0841616,0.115023,0.0374182
1.61859e+09,-0.0103186,-0.0348276,-0.217969,0.975279,0.0799471,0.118028,0.0677645
1.61859e+09,-0.00686559,-0.0259534,-0.216247,0.975969,0.0759806,0.120162,0.10851
1.61859e+09,-0.00641164,-0.0269382,-0.214654,0.976298,0.0695332,0.121978,0.161978
1.61859e+09,-0.00616513,-0.0275,-0.214679,0.976278,0.0605408,0.126305,0.164745
1.61859e+09,-0.00559986,-0.0287612,-0.216489,0.975845,0.046446,0.131663,0.190664
1.61859e+09,-0.00382101,-0.02715,-0.220172,0.975076,0.0478569,0.126707,0.257452
1.61859e+09,-0.00218968,-0.0238448,-0.224631,0.97415,0.0493408,0.121719,0.359156
1.61859e+09,-0.00604436,-0.0134577,-0.230011,0.973076,0.050836,0.113372,0.437205
1.61859e+09,-0.0030708,-0.0146266,-0.232781,0.972414,0.0610029,0.112102,0.495055
1.61859e+09,-0.00122013,-0.0240603,-0.233098,0.972155,0.0581791,0.112673,0.567401
1.61859e+09,0.000594963,-0.0385268,-0.235231,0.971175,0.0539925,0.11088,0.621951
1.61859e+09,-0.00545809,-0.0696138,-0.238707,0.968578,0.0452849,0.103092,0.796318
1.61859e+09,-0.0107482,-0.0920315,-0.240754,0.966153,0.0372939,0.101386,0.827918
1.61859e+09,-0.0178524,-0.108865,-0.242815,0.963779,0.0247415,0.102365,0.857802
1.61859e+09,-0.0236216,-0.108454,-0.245038,0.963139,0.0210851,0.0995745,0.85238
1.61859e+09,-0.025328,-0.095866,-0.2451,0.964414,0.0298492,0.0922948,0.782934
1.61859e+09,-0.0201984,-0.0866882,-0.242561,0.966044,0.0355151,0.090828,0.73135
1.61859e+09,-0.0151134,-0.0773863,-0.239513,0.967686,0.0411064,0.0873628,0.665265
1.61859e+09,-0.00879048,-0.0616022,-0.238286,0.969199,0.0438645,0.0836401,0.596913
1.61859e+09,-0.00303843,-0.0506341,-0.236907,0.970207,0.0588806,0.0782959,0.529674
1.61859e+09,-0.00127344,-0.0482188,-0.231967,0.971527,0.0696543,0.0779963,0.469756
1.61859e+09,-0.00470493,-0.0451943,-0.225475,0.973189,0.0722887,0.0778282,0.410033
1.61859e+09,-0.00604472,-0.0339197,-0.217013,0.97556,0.0725435,0.0777506,0.340928
1.61859e+09,-0.00454435,-0.0161768,-0.210145,0.977526,0.0690787,0.075391,0.285447
1.61859e+09,-0.00352979,-0.0041363,-0.205268,0.978691,0.0629877,0.0769233,0.269644
1.61859e+09,-0.00265988,0.0034478,-0.201885,0.9794,0.0550707,0.0795086,0.264119
1.61859e+09,-0.00282257,0.0029978,-0.200208,0.979745,0.0502779,0.0845153,0.265899
1.61859e+09,-0.00861551,-0.00671964,-0.200584,0.979615,0.0435898,0.0940245,0.279391
1.61859e+09,-0.0154914,-0.0168791,-0.203029,0.978905,0.0420913,0.112848,0.298838
1.61859e+09,-0.0177028,-0.0166603,-0.206395,0.978167,0.0353353,0.147235,0.21483
1.61859e+09,-0.0205021,-0.0224583,-0.21319,0.976537,0.0472438,0.178607,0.23342
1.61859e+09,-0.0235244,-0.0256971,-0.222105,0.9744,0.0725358,0.217925,0.238348
1.61859e+09,-0.0231377,-0.0302557,-0.227839,0.972954,0.105499,0.263264,0.258533
1.61859e+09,-0.0247735,-0.0394713,-0.233164,0.97132,0.139861,0.308131,0.272803
1.61859e+09,-0.0235567,-0.0493472,-0.23622,0.97016,0.176248,0.352144,0.287888
1.61859e+09,-0.0268743,-0.05831,-0.237708,0.969212,0.199773,0.392258,0.300427
1.61859e+09,-0.0310346,-0.0609459,-0.239129,0.968576,0.223511,0.432355,0.304928
1.61859e+09,-0.037055,-0.0617745,-0.240839,0.967888,0.249519,0.467794,0.29734
1.61859e+09,-0.0390324,-0.0615713,-0.241127,0.967752,0.272786,0.498565,0.298553
1.61859e+09,-0.0385069,-0.067101,-0.239372,0.967841,0.296911,0.512796,0.403403
1.61859e+09,-0.0346955,-0.0618786,-0.235944,0.969174,0.302521,0.522139,0.408922
1.61859e+09,-0.0336189,-0.058809,-0.234039,0.969864,0.304083,0.522567,0.40684
1.61859e+09,-0.034183,-0.0574431,-0.233666,0.970016,0.301034,0.515791,0.400598
1.61859e+09,-0.0333231,-0.056845,-0.234193,0.969955,0.294263,0.501017,0.396903
1.61859e+09,-0.0311538,-0.0576137,-0.23379,0.970078,0.281896,0.478245,0.398391
1.61859e+09,-0.0271863,-0.0583532,-0.232381,0.970492,0.262765,0.445054,0.398943
1.61859e+09,-0.0212303,-0.0593893,-0.228451,0.97151,0.239911,0.402596,0.401872
1.61859e+09,-0.0183049,-0.0630293,-0.221636,0.972918,0.204131,0.353212,0.419599
1.61859e+09,-0.0183219,-0.0648382,-0.213522,0.974612,0.167115,0.292593,0.414428
1.61859e+09,-0.0162666,-0.0624709,-0.203791,0.976884,0.123064,0.225511,0.406752
1.61859e+09,-0.0129836,-0.0630563,-0.196088,0.978471,0.0762132,0.164932,0.418349
1.61859e+09,-0.0112315,-0.0619666,-0.191951,0.979382,0.0259582,0.100887,0.422893
1.61859e+09,-0.00896926,-0.0578023,-0.191324,0.979782,-0.0199099,0.0380553,0.438747
1.61859e+09,-0.00979331,-0.051297,-0.192809,0.979846,-0.0593957,-0.0241379,0.444196
1.61859e+09,-0.0135384,-0.0511382,-0.195659,0.979244,-0.0932165,-0.0828653,0.439669
1.61859e+09,-0.0175246,-0.0517031,-0.197934,0.978694,-0.121029,-0.138522,0.434624
1.61859e+09,-0.0202684,-0.0533655,-0.200233,0.978084,-0.14544,-0.186538,0.427947
1.61859e+09,-0.0213545,-0.0559776,-0.202704,0.977405,-0.165103,-0.223674,0.423333
1.61859e+09,-0.0206934,-0.0563002,-0.205019,0.976918,-0.179477,-0.249118,0.427884
1.61859e+09,-0.0180953,-0.0615167,-0.208562,0.975905,-0.186597,-0.262271,0.415197
1.61859e+09,-0.0130748,-0.0696615,-0.210471,0.975027,-0.186171,-0.262841,0.42012
1.61859e+09,-0.00788006,-0.0696052,-0.214257,0.974262,-0.178225,-0.243115,0.431797
1.61859e+09,-0.00670767,-0.0679884,-0.222178,0.97261,-0.156094,-0.206687,0.434426
1.61859e+09,-0.00873843,-0.0658113,-0.229598,0.971019,-0.129155,-0.164727,0.438682
1.61859e+09,-0.00893361,-0.0640769,-0.230734,0.970864,-0.104693,-0.119302,0.434999
1.61859e+09,-0.00670553,-0.0656454,-0.230551,0.97082,-0.0713912,-0.0552622,0.426523
1.61859e+09,-0.00269345,-0.0677283,-0.229227,0.97101,-0.0376771,0.0124181,0.422603
1.61859e+09,-0.00303488,-0.068206,-0.226217,0.971681,-0.00874799,0.08449,0.424657
1.61859e+09,-0.00228987,-0.0678455,-0.222569,0.972551,0.0216958,0.160356,0.413154
1.61859e+09,0.00163206,-0.071454,-0.218132,0.973299,0.0498476,0.2412,0.424746
1.61859e+09,0.00254603,-0.0718183,-0.213634,0.974267,0.0699852,0.310826,0.423101
1.61859e+09,-6.17552e-05,-0.0664689,-0.213544,0.97467,0.0868703,0.370254,0.414588
1.61859e+09,-0.00265607,-0.0618365,-0.217592,0.974075,0.116251,0.423548,0.402915
1.61859e+09,-0.00471288,-0.0628957,-0.223377,0.972689,0.141888,0.469526,0.413664
1.61859e+09,-0.0108053,-0.0696208,-0.227155,0.971307,0.173712,0.508949,0.428166
1.61859e+09,-0.0156053,-0.0777274,-0.223392,0.971499,0.197385,0.536165,0.431214
1.61859e+09,-0.0199551,-0.0883043,-0.217751,0.971797,0.201053,0.550448,0.437258
1.61859e+09,-0.0218158,-0.0896158,-0.213043,0.97268,0.199877,0.544652,0.411292
1.61859e+09,-0.0170989,-0.0866964,-0.207913,0.974148,0.189949,0.52373,0.400487
1.61859e+09,-0.0111359,-0.0791311,-0.203907,0.975723,0.171437,0.48778,0.392182
1.61859e+09,-0.00704596,-0.0713697,-0.200876,0.976988,0.15049,0.442021,0.387355
1.61859e+09,-0.00535228,-0.0673031,-0.197613,0.977952,0.120251,0.387507,0.399181
1.61859e+09,-0.00674922,-0.0684541,-0.19441,0.978506,0.0874261,0.329828,0.424473
1.61859e+09,-0.0124514,-0.0698276,-0.191486,0.978929,0.0514672,0.263507,0.420943
1.61859e+09,-0.017519,-0.0717949,-0.18949,0.979098,0.0174019,0.199028,0.431486
1.61859e+09,-0.0232512,-0.0733813,-0.187811,0.979184,-0.0157184,0.132365,0.430677
1.61859e+09,-0.0258781,-0.0695863,-0.185554,0.979825,-0.0483636,0.0666775,0.423306
1.61859e+09,-0.0215592,-0.0681209,-0.182519,0.980603,-0.0767368,0.00823891,0.426947
1.61859e+09,-0.014044,-0.0612495,-0.179636,0.981724,-0.115367,-0.0475181,0.427913
1.61859e+09,-0.00479292,-0.0546441,-0.178338,0.982439,-0.145177,-0.0982422,0.42764
1.61859e+09,0.0012119,-0.0475027,-0.179405,0.982627,-0.172566,-0.142131,0.422143
1.61859e+09,0.00215323,-0.0488208,-0.185574,0.981414,-0.194192,-0.176575,0.40071
1.61859e+09,0.00404937,-0.057282,-0.192623,0.979591,-0.20601,-0.197654,0.395169
1.61859e+09,0.00751003,-0.0599976,-0.197861,0.978363,-0.210359,-0.202269,0.414721
1.61859e+09,0.00654692,-0.056026,-0.203183,0.977515,-0.20277,-0.194604,0.419751
1.61859e+09,0.00109089,-0.053837,-0.207358,0.976782,-0.187325,-0.174257,0.413907
1.61859e+09,-0.00546714,-0.0549787,-0.208535,0.976453,-0.162682,-0.141581,0.407783
1.61859e+09,-0.0068669,-0.0608531,-0.207454,0.976326,-0.135186,-0.0974415,0.396176
1.61859e+09,-0.00389404,-0.0712423,-0.206068,0.975933,-0.110467,-0.0454382,0.402583
1.61859e+09,0.00312133,-0.0752586,-0.206672,0.975507,-0.0883914,0.00913913,0.403284
1.61859e+09,0.00806939,-0.078418,-0.210454,0.97442,-0.0688806,0.0599481,0.403483
1.61859e+09,0.00843814,-0.0763045,-0.214111,0.973788,-0.0501528,0.10095,0.401765
1.61859e+09,0.00538257,-0.0701528,-0.216929,0.973648,-0.0328655,0.133755,0.397358
1.61859e+09,0.00403713,-0.0650063,-0.219056,0.973536,-0.0164926,0.158837,0.386753
1.61859e+09,0.00433637,-0.067493,-0.221372,0.972841,-0.00716103,0.177722,0.385107
1.61859e+09,0.00544544,-0.0702924,-0.224947,0.971817,-0.00221814,0.191717,0.384222
1.61859e+09,0.00416864,-0.0690817,-0.228214,0.971148,0.00593757,0.20081,0.384816
1.61859e+09,-0.000677175,-0.0684083,-0.229717,0.97085,0.0130575,0.209073,0.384358
1.61859e+09,-0.00670318,-0.0676989,-0.230806,0.970619,0.0207448,0.213025,0.375804
1.61859e+09,-0.00812158,-0.0692218,-0.232231,0.97016,0.0365549,0.210569,0.370252
1.61859e+09,-0.00831477,-0.0701331,-0.231802,0.970196,0.0583432,0.196653,0.374033
1.61859e+09,-0.00801223,-0.0686167,-0.229546,0.970843,0.0871462,0.173835,0.376941
1.61859e+09,-0.00165322,-0.0685752,-0.227596,0.971337,0.119596,0.148418,0.382255
1.61859e+09,0.00317703,-0.0710049,-0.228188,0.971019,0.148679,0.121358,0.401252
1.61859e+09,0.00278082,-0.0709878,-0.231524,0.970232,0.186218,0.0908478,0.416694
1.61859e+09,0.000325722,-0.0712909,-0.236125,0.969104,0.232428,0.06201,0.422106
1.61859e+09,-0.00523211,-0.0781413,-0.243689,0.966686,0.282932,0.0302742,0.432272
1.61859e+09,-0.00883389,-0.0860172,-0.251292,0.964041,0.333919,-0.00413223,0.434901
1.61859e+09,-0.0126776,-0.102085,-0.256161,0.961145,0.370756,-0.0338246,0.432227
1.61859e+09,-0.0126987,-0.1048,-0.259785,0.959879,0.38441,-0.0521422,0.453018
1.61859e+09,-0.0132557,-0.10421,-0.262743,0.95913,0.390742,-0.0679872,0.458965
1.61859e+09,-0.0124573,-0.101009,-0.263339,0.95932,0.401233,-0.0782866,0.421528
1.61859e+09,-0.0144285,-0.0976053,-0.260637,0.960382,0.406464,-0.0902649,0.442444
1.61859e+09,-0.0126339,-0.0975466,-0.254251,0.962123,0.383467,-0.0830135,0.563079
1.61859e+09,-0.00592956,-0.102685,-0.247416,0.963435,0.335649,-0.055673,0.571076
1.61859e+09,-0.00395314,-0.106908,-0.243446,0.963997,0.283681,-0.0253719,0.567974
1.61859e+09,-0.00334736,-0.112023,-0.241757,0.963843,0.226705,0.00832169,0.562214
1.61859e+09,-0.00523263,-0.114839,-0.245374,0.962588,0.176337,0.0396677,0.542055
1.61859e+09,-0.00984404,-0.11607,-0.252013,0.960687,0.141144,0.0638575,0.50926
1.61859e+09,-0.0125779,-0.119756,-0.257299,0.9588,0.108366,0.0907082,0.496753
1.61859e+09,-0.0154474,-0.124058,-0.260802,0.957263,0.0796157,0.114326,0.492823
1.61859e+09,-0.0200021,-0.131202,-0.262607,0.955732,0.0537031,0.138712,0.501361
1.61859e+09,-0.0262352,-0.136094,-0.265238,0.954169,0.0305625,0.159801,0.502965
1.61859e+09,-0.0305745,-0.140027,-0.269173,0.952367,0.0205039,0.174919,0.488319
1.61859e+09,-0.0321781,-0.142923,-0.271729,0.951158,0.0190969,0.183298,0.472126
1.61859e+09,-0.0312782,-0.147227,-0.272116,0.95042,0.0163682,0.187783,0.471504
1.61859e+09,-0.0310284,-0.151419,-0.271458,0.949958,0.0197482,0.186956,0.478678
1.61859e+09,-0.0310602,-0.154858,-0.267829,0.950432,0.0386465,0.180403,0.480656
1.61859e+09,-0.0324005,-0.159008,-0.260601,0.951711,0.0659975,0.169186,0.482432
1.61859e+09,-0.0325785,-0.165461,-0.250026,0.95344,0.0970947,0.153621,0.483468
1.61859e+09,-0.0352918,-0.165952,-0.240826,0.955624,0.133534,0.127109,0.472122
1.61859e+09,-0.0343422,-0.167122,-0.23594,0.956673,0.168636,0.103294,0.483365
1.61859e+09,-0.0316417,-0.170284,-0.234382,0.956592,0.212206,0.0737689,0.504309
1.61859e+09,-0.0302619,-0.171685,-0.234188,0.956433,0.25624,0.0437894,0.520795
1.61859e+09,-0.0350376,-0.172577,-0.234206,0.956105,0.292657,0.0146025,0.558686
1.61859e+09,-0.0427443,-0.167433,-0.237917,0.95579,0.329352,-0.0158866,0.541688
1.61859e+09,-0.0466521,-0.164138,-0.24438,0.954547,0.366172,-0.0413715,0.547481
1.61859e+09,-0.0427263,-0.162896,-0.250218,0.953431,0.395963,-0.06366,0.538152
1.61859e+09,-0.0385774,-0.162746,-0.25378,0.952692,0.402069,-0.0757454,0.551621
1.61859e+09,-0.0299841,-0.150249,-0.25718,0.954141,0.399517,-0.0775698,0.575075
1.61859e+09,-0.0238565,-0.139802,-0.258395,0.955572,0.394519,-0.080623,0.55289
1.61859e+09,-0.0168143,-0.132791,-0.255891,0.957394,0.375199,-0.0726309,0.546088
1.61859e+09,-0.00978457,-0.132323,-0.24936,0.959278,0.334811,-0.0492783,0.560298
1.61859e+09,-0.00947334,-0.13032,-0.243516,0.961055,0.288247,-0.0249949,0.530636
1.61859e+09,-0.00947969,-0.12958,-0.241526,0.961657,0.234057,0.00572504,0.510059
1.61859e+09,-0.0103108,-0.126771,-0.243481,0.96153,0.185555,0.0344637,0.489733
1.61859e+09,-0.00862497,-0.122159,-0.246036,0.961493,0.133864,0.0682891,0.484424
1.61859e+09,-0.00983809,-0.117517,-0.250413,0.96093,0.0941698,0.094748,0.466256
1.61859e+09,-0.0131243,-0.111649,-0.255413,0.960274,0.0664211,0.122984,0.454593
1.61859e+09,-0.0179166,-0.111346,-0.25888,0.959303,0.0418166,0.149399,0.451047
1.61859e+09,-0.0252651,-0.117169,-0.261351,0.957773,0.0262913,0.170021,0.441435
1.61859e+09,-0.0316011,-0.125723,-0.263476,0.955916,0.0121367,0.188839,0.436895
1.61859e+09,-0.0346234,-0.132443,-0.266078,0.954182,0.00684473,0.199224,0.428299
1.61859e+09,-0.035923,-0.138475,-0.268734,0.952532,0.00338194,0.206324,0.422304
1.61859e+09,-0.0352267,-0.145947,-0.271376,0.950691,0.00394031,0.209105,0.425251
1.61859e+09,-0.0351833,-0.157492,-0.271417,0.948837,0.0107181,0.206332,0.438732
1.61859e+09,-0.036843,-0.16731,-0.268189,0.948011,0.0279494,0.19464,0.444473
1.61859e+09,-0.0386098,-0.175078,-0.262311,0.948182,0.0553497,0.177818,0.447051
1.61859e+09,-0.040144,-0.183402,-0.253645,0.948903,0.0900195,0.156502,0.456583
1.61859e+09,-0.0411511,-0.184318,-0.243309,0.951386,0.130443,0.129024,0.465159
1.61859e+09,-0.0401019,-0.179599,-0.235179,0.954373,0.180322,0.0994864,0.4614
1.61859e+09,-0.0341072,-0.170465,-0.228208,0.957966,0.229784,0.0663023,0.484516
1.61859e+09,-0.0306423,-0.159723,-0.223782,0.960974,0.274293,0.0355167,0.51289
1.61859e+09,-0.0303328,-0.149946,-0.222911,0.96276,0.31573,0.00644054,0.536562
1.61859e+09,-0.0288214,-0.148351,-0.224543,0.962674,0.352432,-0.0165435,0.55143
1.61859e+09,-0.0271021,-0.148098,-0.229306,0.96164,0.375676,-0.0381861,0.575544
1.61859e+09,-0.0267136,-0.141744,-0.234805,0.961281,0.406305,-0.0617289,0.559476
1.61859e+09,-0.025814,-0.140175,-0.236706,0.96107,0.416095,-0.0705799,0.564224
1.61859e+09,-0.0243414,-0.131004,-0.238252,0.962019,0.413299,-0.0756256,0.55912
1.61859e+09,-0.0201072,-0.12018,-0.238073,0.963573,0.407598,-0.0725347,0.552446
1.61859e+09,-0.0140381,-0.109633,-0.233791,0.965984,0.387641,-0.0585335,0.54493
1.61859e+09,-0.00852699,-0.107841,-0.227517,0.967747,0.347179,-0.0394827,0.541467
1.61859e+09,-0.00653725,-0.105175,-0.222387,0.969247,0.294133,-0.0173704,0.540821
1.61859e+09,-0.00924258,-0.0963567,-0.218333,0.971062,0.240944,0.00432969,0.523399
1.61859e+09,-0.00836359,-0.0871292,-0.215212,0.972637,0.195081,0.028723,0.500488
1.61859e+09,-0.00422116,-0.0846578,-0.211038,0.973796,0.145981,0.0545619,0.482308
1.61859e+09,-0.00551147,-0.0830986,-0.210474,0.974046,0.0824115,0.0822388,0.470936
1.61859e+09,-0.00840957,-0.0846676,-0.213943,0.973134,0.0450965,0.104189,0.452228
1.61859e+09,-0.00594822,-0.0901463,-0.215763,0.972257,0.0194166,0.118971,0.438756
1.61859e+09,0.000478415,-0.0993562,-0.215728,0.971385,0.000108185,0.125961,0.440957
1.61859e+09,-0.000302406,-0.112584,-0.215762,0.969934,-0.0227971,0.123491,0.470822
1.61859e+09,-0.0096856,-0.116489,-0.21747,0.969043,-0.0439124,0.107712,0.497898
1.61859e+09,-0.0215352,-0.115798,-0.219122,0.968562,-0.0571875,0.0787608,0.522254
1.61859e+09,-0.0333143,-0.115154,-0.220931,0.967894,-0.0715498,0.0450169,0.54604
1.61859e+09,-0.0437403,-0.117952,-0.227586,0.965598,-0.0923313,0.000988992,0.575556
1.61859e+09,-0.0498093,-0.120258,-0.239367,0.962164,-0.106197,-0.047458,0.587772
1.61859e+09,-0.0552739,-0.127176,-0.249276,0.958453,-0.115053,-0.101254,0.597528
1.61859e+09,-0.0604667,-0.135454,-0.258951,0.954432,-0.127038,-0.148156,0.617575
1.61859e+09,-0.0647904,-0.144015,-0.269405,0.949991,-0.134213,-0.193246,0.61782
1.61859e+09,-0.0623642,-0.149858,-0.277463,0.946925,-0.136992,-0.232577,0.606026
1.61859e+09,-0.0561111,-0.147494,-0.284862,0.94549,-0.138994,-0.2615,0.602466
1.61859e+09,-0.0484722,-0.131843,-0.291068,0.946333,-0.128761,-0.286755,0.588872
1.61859e+09,-0.0423041,-0.126281,-0.29173,0.947184,-0.11067,-0.308987,0.546793
1.61859e+09,-0.0356176,-0.129863,-0.286299,0.948631,-0.101437,-0.322494,0.516699
1.61859e+09,-0.0339475,-0.135752,-0.279614,0.94986,-0.099688,-0.327856,0.506296
1.61859e+09,-0.0341478,-0.12977,-0.275082,0.95201,-0.101721,-0.334002,0.49326
1.61859e+09,-0.0351138,-0.119956,-0.273008,0.953857,-0.0942261,-0.344246,0.444814
1.61859e+09,-0.0353489,-0.11525,-0.271157,0.954957,-0.0882422,-0.352624,0.395411
1.61859e+09,-0.0352685,-0.116077,-0.268104,0.955721,-0.0816079,-0.353466,0.357328
1.61859e+09,-0.0306482,-0.115904,-0.266234,0.956424,-0.0707243,-0.354775,0.313481
1.61859e+09,-0.0248731,-0.118652,-0.263252,0.95708,-0.0604877,-0.353521,0.282903
1.61859e+09,-0.0205425,-0.115008,-0.256482,0.959462,-0.0549379,-0.350756,0.276581
1.61859e+09,-0.0142191,-0.0974834,-0.246668,0.96408,-0.0501226,-0.342881,0.262633
1.61859e+09,-0.0103904,-0.0852714,-0.237674,0.967539,-0.0371837,-0.339316,0.235221
1.61859e+09,-0.0070347,-0.0810401,-0.229986,0.969788,-0.0292393,-0.333552,0.20643
1.61859e+09,-0.00402164,-0.0792327,-0.224889,0.971149,-0.0274089,-0.326321,0.201334
1.61859e+09,-0.000172707,-0.0756102,-0.222454,0.972007,-0.0216698,-0.322134,0.191982
1.61859e+09,0.00136811,-0.0781655,-0.221044,0.972125,-0.024385,-0.318005,0.17891
1.61859e+09,0.005584,-0.079514,-0.219221,0.972414,-0.0277002,-0.315606,0.180978
1.61859e+09,0.00789572,-0.0791779,-0.217263,0.972865,-0.0259361,-0.317828,0.182272
1.61859e+09,0.00464855,-0.0782041,-0.212811,0.973948,-0.0290744,-0.314143,0.18664
1.61859e+09,-0.00182312,-0.0767211,-0.211449,0.974372,-0.0249229,-0.31218,0.159135
1.61859e+09,-0.00405581,-0.0766763,-0.21222,0.974201,-0.0245284,-0.310027,0.151126
1.61859e+09,-0.0045161,-0.0772827,-0.213429,0.973887,-0.0294087,-0.307183,0.177368
1.61859e+09,-0.00964153,-0.0756645,-0.21393,0.973866,-0.023948,-0.311361,0.159083
1.61859e+09,-0.011063,-0.0752797,-0.214051,0.973855,-0.0235568,-0.309124,0.148328
1.61859e+09,-0.011233,-0.0748378,-0.214552,0.973777,-0.0231361,-0.309553,0.14706
1.61859e+09,-0.0111849,-0.0746773,-0.214715,0.973753,-0.0210965,-0.310533,0.145702
1.61859e+09,-0.0111231,-0.0748184,-0.214698,0.973747,-0.0206114,-0.31035,0.144834
1.61859e+09,-0.010726,-0.0751766,-0.214617,0.973742,-0.0199904,-0.309654,0.142142
1.61859e+09,-0.0108468,-0.0749041,-0.214667,0.97375,-0.0214553,-0.308834,0.141881
1.61859e+09,-0.0109155,-0.0749641,-0.214673,0.973744,-0.0214784,-0.309048,0.140922
1.61859e+09,-0.0109652,-0.0751078,-0.214662,0.973734,-0.0219231,-0.308863,0.13864
1.61859e+09,-0.0110585,-0.0754213,-0.214592,0.973725,-0.0215022,-0.309611,0.138139
1.61859e+09,-0.0115647,-0.0756709,-0.214604,0.973697,-0.0208628,-0.310757,0.134644
1.61859e+09,-0.0116408,-0.0756813,-0.214607,0.973694,-0.0209102,-0.310758,0.133657
1.61859e+09,-0.0117759,-0.0757058,-0.214619,0.973688,-0.0207146,-0.311011,0.132753
1.61859e+09,-0.0119215,-0.075742,-0.214649,0.973677,-0.0206341,-0.311094,0.131812
1.61859e+09,-0.0121864,-0.0758555,-0.214685,0.973657,-0.020715,-0.311014,0.130342
1.61859e+09,-0.0125396,-0.0758466,-0.214731,0.973643,-0.0203117,-0.311742,0.127039
1.61859e+09,-0.0126429,-0.0760282,-0.214722,0.973629,-0.0205066,-0.312047,0.127954
1.61859e+09,-0.0129029,-0.0761434,-0.214724,0.973617,-0.0198827,-0.312549,0.12767
1.61859e+09,-0.0130061,-0.0763183,-0.214725,0.973601,-0.0198572,-0.312615,0.128635
1.61859e+09,-0.0129885,-0.0762642,-0.214686,0.973614,-0.020071,-0.312613,0.127535
1.61859e+09,-0.0127098,-0.0762667,-0.214685,0.973618,-0.0202773,-0.312164,0.12992
1.61859e+09,-0.0123944,-0.0761423,-0.214764,0.973614,-0.0200898,-0.311699,0.130321
1.61859e+09,-0.0125364,-0.0762053,-0.214701,0.973622,-0.0203283,-0.311906,0.131673
1.61859e+09,-0.012283,-0.0761138,-0.214715,0.973629,-0.0208588,-0.310914,0.131736
1.61859e+09,-0.0120867,-0.0760161,-0.214699,0.973642,-0.0209512,-0.310421,0.132473
1.61859e+09,-0.0120157,-0.0758552,-0.214658,0.973665,-0.0208362,-0.310869,0.131432
1.61859e+09,-0.0117753,-0.0757542,-0.214632,0.973682,-0.0210606,-0.310426,0.132109
1.61859e+09,-0.0115638,-0.0756707,-0.214562,0.973706,-0.0216121,-0.309867,0.132451
1.61859e+09,-0.0114968,-0.0756888,-0.214568,0.973704,-0.0212661,-0.309989,0.133369
1.61859e+09,-0.0113869,-0.0755888,-0.214601,0.973706,-0.0212926,-0.309505,0.132366
1.61859e+09,-0.0115656,-0.075669,-0.214565,0.973705,-0.0216415,-0.309891,0.131585
1.61859e+09,-0.0115522,-0.0756843,-0.214617,0.973693,-0.0214326,-0.309917,0.132552
1.61859e+09,-0.0113248,-0.0756052,-0.214576,0.973711,-0.0206371,-0.310017,0.132698
