1618586249196964264, 0.999969, 1.57052e-05, -0.00754627, 0.00208112, 0, 0, 0, 0, 0, 0
1618586249566483498, 0.999963, 0.000764874, -0.00826472, 0.002196, -0.000150241, 0.000572311, -8.18972e-05, 0.00641789, 0.00425981, -3.69246e-05
1618586249666497707, 0.999961, 0.00112724, -0.0085163, 0.00220711, 0.000103037, 0.000993935, 2.76247e-05, -0.00038791, 0.00728797, 0.000796076
1618586249766438246, 0.999958, 0.00102951, -0.00886811, 0.00209428, 0.000450123, 0.000929878, 0.000253448, 0.00894429, -0.000843827, -8.61256e-05
1618586249866326809, 0.999955, 0.00105467, -0.0091487, 0.00206751, 0.00148449, 0.00111781, 0.000843514, 0.00859591, -0.00295393, 0.000657473
1618586249966226578, 0.999955, 0.000896766, -0.00925377, 0.00192572, 0.00232996, 0.00040614, 0.00159743, 0.0138625, 0.00330807, 0.0018479
1618586250066161156, 0.999955, 0.000802347, -0.00923352, 0.00191008, 0.00286259, 0.000339561, 0.00226403, 0.0132596, -0.00282049, 0.00329525
1618586250166110277, 0.999955, 0.000729852, -0.00923158, 0.00185249, 0.00302496, -3.60636e-05, 0.00289955, 0.00800882, 0.00680688, 0.00411353
1618586250266153097, 0.999956, 0.000566167, -0.0092221, 0.00184445, 0.00297371, 4.97532e-05, 0.0035628, 0.0162602, -0.00573792, 0.0049272
1618586250366229534, 0.999956, 0.000656215, -0.00919141, 0.00181482, 0.00308556, -0.000118757, 0.00378826, 0.0096569, -0.00121092, 0.00445449
1618586250466381311, 0.999956, 0.000652625, -0.00914538, 0.00180869, 0.00300728, -0.00046624, 0.0043011, 0.0116998, -0.00710901, 0.00475056
1618586250566569805, 0.999951, 0.000927631, -0.00964365, 0.00182243, 0.0029937, -0.000808309, 0.00417022, 0.0054701, 0.00274618, 0.00350885
1618586250666705847, 0.999956, 0.000919083, -0.00911947, 0.00182016, 0.00172204, -0.00112797, 0.00578618, 0.0110421, -0.00899759, 0.00748791
1618586250766780138, 0.999903, 0.00103985, -0.0137564, 0.00173152, 0.00130629, -0.0011623, 0.00688414, 0.00101421, 0.0153649, 0.012057
1618586250866709232, 0.999608, 0.00394976, -0.0274284, 0.00401896, 0.00203707, 0.00347229, 0.0119954, 0.0140765, 0.0456597, 0.153835
1618586250966701508, 0.999961, 0.00377485, -0.00295405, 0.00742054, 0.00247692, 0.0070513, 0.0407435, 0.0244743, 0.00477837, 0.378393
1618586251066861153, 0.999904, -0.00191129, 0.0132323, 0.00372737, 0.00756893, 0.00536206, 0.0831715, 0.0648233, -0.0304498, 0.466545
1618586251166954041, -0.999687, 0.00959424, -0.0228639, 0.00327694, 0.0143902, 0.00203566, 0.125831, 0.059809, -0.00991958, 0.499576
1618586251266911983, -0.999202, 0.0172164, -0.0355303, 0.00612374, 0.0216985, 0.00379876, 0.177355, 0.066196, 0.028719, 0.499495
1618586251366687059, -0.999216, 0.0208438, -0.0335268, 0.00299453, 0.0287071, 0.00810353, 0.229022, 0.0712132, 0.0473166, 0.468163
1618586251466412306, 0.999173, -0.0220338, 0.0340408, 0.00291425, 0.0356758, 0.0134699, 0.27262, 0.0640568, 0.0583797, 0.424485
1618586251566262484, 0.99916, -0.0232162, 0.0330868, 0.006806, 0.0404922, 0.0201908, 0.310168, 0.0460094, 0.064261, 0.33973
1618586251666044712, 0.999574, -0.0199842, 0.0206953, 0.00485433, 0.0425296, 0.0280787, 0.338957, 0.0166637, 0.101274, 0.241951
1618586251766058445, -0.999637, 0.0194359, -0.0185667, 0.00171088, 0.0433622, 0.0382616, 0.364272, 0.0237215, 0.102664, 0.227984
1618586251866098642, -0.99956, 0.0187569, -0.0222036, 0.00592583, 0.0446936, 0.0445042, 0.386947, 0.0366122, 0.0219452, 0.259508
1618586251965910196, 0.999472, -0.0111025, 0.0303773, 0.00320216, 0.042942, 0.045632, 0.409151, -0.0116575, 0.00254028, 0.193875
1618586252065851450, 0.998995, -0.00446272, 0.044414, 0.00396921, 0.0393462, 0.0460075, 0.423067, -0.0207089, 0.0063185, 0.0952602
1618586252166004181, -0.998765, 0.00144512, -0.0494079, 0.00510824, 0.0363262, 0.0452125, 0.428241, -0.0125935, -0.0015568, 0.0147467
1618586252266185045, -0.998771, 0.00107136, -0.0490553, 0.00696254, 0.0341155, 0.0451176, 0.427034, -0.0115153, 0.00992019, -0.0251305
1618586252366302252, -0.998968, 0.00101596, -0.0453823, 0.00122078, 0.0323773, 0.0476315, 0.424367, -0.00291746, 0.0372261, -0.0275061
1618586252466430902, 0.999258, -0.00180289, 0.0383736, 0.00294246, 0.032203, 0.0510919, 0.421577, -1.82049e-05, 0.0293937, -0.0285995
1618586252566488981, 0.999371, -0.00191065, 0.0351233, 0.00440035, 0.0309285, 0.0535521, 0.419682, -0.0209992, 0.0249577, -0.0171803
1618586252666480303, 0.999253, -0.00177765, 0.0383957, 0.00409931, 0.0280775, 0.0562122, 0.419706, -0.0291309, 0.0296591, 0.00166422
1618586252766406298, 0.999027, -0.00135724, 0.0434529, 0.00740233, 0.0247801, 0.0596965, 0.420257, -0.0401932, 0.0392309, 0.00863462
1618586252866291761, 0.998574, -0.00167454, 0.045103, 0.0284983, 0.0208844, 0.0648193, 0.421282, -0.0385316, 0.0466127, 0.00821353
1618586252966209650, 0.99707, -0.00273089, 0.0409813, 0.0645352, 0.0182514, 0.0697006, 0.419393, -0.0318222, 0.0451498, 0.00772289
1618586253066262960, 0.993355, -0.00347882, 0.0400196, 0.107852, 0.0160638, 0.0735031, 0.417377, -0.0280169, 0.0421728, -0.000757697
1618586253166308641, 0.987228, -0.00425003, 0.0429384, 0.153357, 0.0138242, 0.076725, 0.41595, -0.0121217, 0.0396074, -0.00550437
1618586253266279459, 0.979055, -0.00477735, 0.0434579, 0.198848, 0.0125769, 0.0798256, 0.414426, -0.0079942, 0.0411285, -0.0216698
1618586253366238117, 0.968694, -0.00402375, 0.042872, 0.244494, 0.0118874, 0.0834139, 0.411189, -0.00144668, 0.0504029, -0.0453349
1618586253466305971, 0.956931, -0.00409801, 0.0359697, 0.28805, 0.0129487, 0.0872174, 0.405994, 0.0149189, 0.0393952, -0.0575347
1618586253566486835, 0.94492, -0.00683626, 0.0216993, 0.32651, 0.0150135, 0.087648, 0.399376, 0.0150057, 0.015086, -0.0657876
1618586253666683674, 0.932991, -0.0108101, 0.00304921, 0.359725, 0.0160153, 0.0858131, 0.391851, 0.0016446, -0.000936894, -0.0757629
1618586253766870022, 0.919725, -0.0141843, -0.0132134, 0.392083, 0.0156176, 0.0828025, 0.385076, -0.00919527, -0.0219211, -0.0702475
1618586253867066622, 0.904068, -0.0188829, -0.0280987, 0.426046, 0.0135105, 0.0754989, 0.380293, -0.0319245, -0.0335563, -0.0409448
1618586253967201948, 0.889383, -0.0204156, -0.0352057, 0.455348, 0.00911532, 0.070192, 0.381722, -0.0416396, -0.0328913, -0.00430682
1618586254067324877, 0.880971, -0.0182487, -0.029618, 0.47189, 0.00558062, 0.0709722, 0.387708, -0.0345965, -0.0176475, 0.0048589
1618586254167387486, 0.877654, -0.0159896, -0.0199906, 0.47861, 0.0027578, 0.0738255, 0.39356, -0.0262757, -0.0230907, -0.0137032
1618586254267369509, 0.874493, -0.0154406, -0.0164419, 0.484514, 0.00218414, 0.0762244, 0.396002, 0.00022848, -0.0389504, -0.0218635
1618586254367234707, 0.871858, -0.0188435, -0.0249727, 0.488759, 0.0021642, 0.0758574, 0.396852, -0.00509718, -0.0200278, -0.0348456
1618586254467095613, 0.871694, -0.0173798, -0.0262265, 0.489039, 0.00147808, 0.0784799, 0.396597, -0.00793037, -0.00901212, -0.0338267
1618586254566952705, 0.871888, -0.0151868, -0.0253118, 0.488815, 0.00161059, 0.0806883, 0.396625, -0.000118894, -0.017847, -0.0199553
1618586254666816235, 0.872369, -0.0132548, -0.0252077, 0.488017, 0.00143157, 0.0813409, 0.396837, -0.00660903, -0.018327, -0.00805143
1618586254766794443, 0.872421, -0.012697, -0.0256638, 0.487916, 0.00105847, 0.0818786, 0.397162, -0.00720871, -0.0159523, -0.00506194
1618586254866850138, 0.872402, -0.0140267, -0.027545, 0.487811, 0.000263445, 0.0805489, 0.397629, -0.0132378, -0.019566, 0.00410346
1618586254966950417, 0.874025, -0.0145696, -0.0270701, 0.484907, -0.00102875, 0.0789103, 0.39821, -0.0175965, -0.0280238, 0.00633256
1618586255067093611, 0.87895, -0.0160735, -0.0256004, 0.475955, -0.00237551, 0.0801592, 0.399576, -0.0120982, -0.0119173, 0.00453576
1618586255167304516, 0.89036, -0.0193522, -0.0214303, 0.454341, -0.00314309, 0.0810837, 0.400219, -0.0043741, 0.00694163, -0.000299005
1618586255267511368, 0.905281, -0.0215242, -0.00967981, 0.424158, -0.0018831, 0.0900042, 0.402423, 0.0126038, 0.0189811, -0.00125206
1618586255367690802, 0.921425, -0.0291364, -0.00269906, 0.387452, 0.00212896, 0.0970284, 0.404789, 0.0450956, 0.0215114, 0.00480435
1618586255467744827, 0.938635, -0.0393988, 0.00241314, 0.342647, 0.00709975, 0.0974613, 0.407737, 0.047308, 0.017477, 0.0235698
1618586255567637920, 0.95526, -0.0487557, 0.00925664, 0.291574, 0.0107118, 0.0966633, 0.413823, 0.0262177, 0.00839389, 0.0669626
1618586255667524338, 0.970775, -0.0569127, 0.0185317, 0.232406, 0.0123534, 0.094659, 0.423101, 0.0087157, -0.0133594, 0.078497
1618586255767382622, 0.982857, -0.0651094, 0.028562, 0.170107, 0.0125488, 0.0900528, 0.431035, -0.00175612, -0.0441796, 0.0466948
1618586255867227316, 0.990565, -0.0742719, 0.0315067, 0.110776, 0.0121906, 0.0828096, 0.435341, -0.00156957, -0.0583173, 0.00556609
1618586255967115879, 0.994787, -0.0828768, 0.0247778, 0.0539947, 0.0116433, 0.0755619, 0.436345, 0.00301136, -0.0502322, 0.00273431
1618586256066976309, -0.995985, 0.0870675, -0.0176429, 0.0110665, 0.0120436, 0.0688677, 0.43776, 0.00511794, -0.046914, 0.0147077
1618586256166812181, -0.992951, 0.0872606, -0.0221939, 0.0770863, 0.0116018, 0.0626661, 0.439624, 0.00793453, -0.0541169, 0.0135519
1618586256266551018, -0.986628, 0.0829145, -0.0208176, 0.138772, 0.0126565, 0.0574855, 0.438886, 0.0209291, -0.046569, -0.00809202
1618586256366426468, -0.978921, 0.0765651, -0.0197275, 0.188316, 0.0144384, 0.0541693, 0.435297, 0.021779, -0.0255478, -0.0234147
1618586256466508389, -0.970533, 0.0704947, -0.0215365, 0.229418, 0.0157459, 0.052711, 0.431657, 0.01584, -0.0124212, -0.0234946
1618586256566682339, -0.96094, 0.0668935, -0.0293236, 0.266947, 0.0162143, 0.0511918, 0.42791, 0.00775589, -0.0225392, -0.0309101
1618586256666918039, -0.949432, 0.0657442, -0.0404351, 0.304338, 0.0156016, 0.0494464, 0.424354, -0.00330293, -0.0336128, -0.0269451
1618586256767126083, -0.935768, 0.0679353, -0.0556982, 0.341498, 0.013721, 0.0458155, 0.422076, -0.0123506, -0.0551788, -0.0132798
1618586256867305994, -0.921447, 0.0729316, -0.0704579, 0.375035, 0.0114381, 0.040373, 0.42133, -0.00456466, -0.055354, -0.006151
1618586256967468739, -0.9085, 0.0765661, -0.0768024, 0.403568, 0.0107368, 0.0360386, 0.420984, 0.00591741, -0.0420503, 0.0013416
1618586257067496777, -0.898324, 0.0775033, -0.07877, 0.425209, 0.0106293, 0.0310424, 0.421048, 0.00951373, -0.0382951, 0.0131341
1618586257167341471, -0.890437, 0.074589, -0.0783883, 0.442056, 0.0105692, 0.0287077, 0.421576, -0.0028541, -0.0247544, -0.000460149
1618586257267056942, -0.884501, 0.0702194, -0.077564, 0.454654, 0.0107315, 0.031673, 0.421095, -0.00590136, -0.00475431, -0.0161011
1618586257366897345, -0.881159, 0.070398, -0.0809792, 0.460483, 0.0102536, 0.0339997, 0.41884, 0.00239459, -0.000986051, -0.0457081
1618586257466929674, -0.881352, 0.0712852, -0.0780163, 0.460489, 0.0117004, 0.037701, 0.413029, 0.0130141, 0.00756593, -0.0595636
1618586257567031860, -0.883055, 0.0735486, -0.0730498, 0.457678, 0.0136329, 0.0415434, 0.407062, 0.0186068, 0.0118904, -0.0524713
1618586257667123318, -0.884811, 0.075342, -0.0685146, 0.454686, 0.0152304, 0.0438916, 0.401668, 0.0134529, 0.00782398, -0.028656
1618586257767157316, -0.888202, 0.0758121, -0.0658266, 0.448348, 0.0164257, 0.0465638, 0.401507, 0.00564214, 0.00728108, 0.0107933
1618586257867165327, -0.897703, 0.0766815, -0.0642453, 0.429093, 0.0161041, 0.0489089, 0.40501, -0.00898188, 0.00475477, 0.0568578
1618586257967133522, -0.914674, 0.0786462, -0.0628845, 0.391448, 0.0151511, 0.0508372, 0.413465, -0.00841002, 0.00673175, 0.10869
1618586258067144871, -0.937056, 0.0808266, -0.0564502, 0.334973, 0.0146035, 0.0513402, 0.426094, 0.0054454, 0.00649091, 0.137636
1618586258167185545, -0.959818, 0.0811611, -0.0426135, 0.265229, 0.0142899, 0.0528423, 0.440895, -0.0203629, 0.0133244, 0.173833
1618586258267098665, -0.977921, 0.0824573, -0.0395835, 0.187895, 0.0107381, 0.0542892, 0.458351, -0.0450253, 0.0335012, 0.195062
1618586258366937637, -0.990013, 0.0810337, -0.0390006, 0.108571, 0.00497818, 0.0582312, 0.476167, -0.0554478, 0.0605348, 0.185578
1618586258466926098, -0.995575, 0.0775961, -0.0403038, 0.0344307, -0.000676041, 0.0646529, 0.493059, -0.0459569, 0.0882513, 0.156087
1618586258567019463, 0.996028, -0.0722957, 0.0409463, 0.0320095, -0.00569071, 0.0722171, 0.506748, -0.0405675, 0.088203, 0.0979143
1618586258667160749, 0.992363, -0.0657636, 0.0379229, 0.0972239, -0.0098955, 0.0781898, 0.51222, -0.0284207, 0.0550949, 0.0236208
1618586258767384052, 0.98446, -0.0617426, 0.0279176, 0.162007, -0.0111844, 0.0812738, 0.51123, 0.00437944, 0.0448925, -0.0398817
1618586258867553949, 0.973131, -0.0591013, 0.0169588, 0.221891, -0.0101126, 0.0831086, 0.505142, 0.0272951, 0.0416399, -0.0671847
1618586258967658043, 0.959839, -0.0563932, 0.00991144, 0.274648, -0.00632279, 0.0859859, 0.499195, 0.0365784, 0.0506392, -0.0650372
1618586259067598104, 0.944197, -0.0493406, 0.00983699, 0.325517, -0.00342121, 0.0910102, 0.493419, 0.0109819, 0.0593853, -0.0695857
1618586259167376995, 0.92645, -0.0383148, 0.0068293, 0.3744, -0.00367527, 0.0969004, 0.486945, -0.0134873, 0.0827055, -0.0725187
1618586259267217636, 0.908978, -0.0244256, 0.0117794, 0.415961, -0.0048017, 0.10628, 0.481045, -0.00660774, 0.0972202, -0.0683776
1618586259367193460, 0.892765, -0.0147401, 0.00983912, 0.450174, -0.00551922, 0.114194, 0.474691, -0.0132839, 0.0757328, -0.0748994
1618586259467302322, 0.878697, -0.0086204, 0.00196849, 0.477297, -0.00728016, 0.117473, 0.468499, -0.0167225, 0.0377507, -0.0672066
1618586259567502022, 0.869247, -0.00489099, -0.00691819, 0.494306, -0.00847902, 0.117845, 0.463443, -0.00786021, -0.00240222, -0.0386262
1618586259667785168, 0.864029, -0.00255667, -0.0105669, 0.503325, -0.00871184, 0.116056, 0.460307, -0.00743317, -0.00790746, -0.0189075
1618586259768026829, 0.860183, -0.00222172, -0.0115611, 0.50985, -0.00953369, 0.114891, 0.458767, -0.0177369, -0.00756024, -0.00826343
1618586259868176699, 0.857219, -0.00173785, -0.0119917, 0.51481, -0.0110969, 0.114538, 0.458443, -0.0218582, -0.0105823, 0.000391331
1618586259968207121, 0.85454, -0.00183559, -0.0128999, 0.519221, -0.0124489, 0.113606, 0.457896, -0.0122934, -0.0150735, -0.00632414
1618586260068061590, 0.852356, -0.00158527, -0.0148306, 0.522749, -0.0133099, 0.113578, 0.456755, -0.0117043, -0.00863397, -0.0144559
1618586260167875528, 0.851042, -0.000859111, -0.0171386, 0.524817, -0.0137266, 0.112846, 0.4546, -0.00557522, -0.00831434, -0.0216751
1618586260267738819, 0.851528, -0.00031915, -0.0192301, 0.523956, -0.0140304, 0.112143, 0.452083, -0.00655968, -0.0068832, -0.0163153
1618586260367631197, 0.855778, 0.00029549, -0.0180191, 0.517029, -0.0141741, 0.112765, 0.450866, -0.00944568, -0.00948321, -0.00463749
1618586260467681885, 0.866757, -0.00336401, -0.0169219, 0.498432, -0.0147722, 0.112821, 0.451945, -0.00228758, -0.0134627, 0.0331382
1618586260567878485, 0.885869, -0.0106641, -0.0091716, 0.463723, -0.013092, 0.113227, 0.457592, 0.0203354, -0.0184786, 0.0747549
1618586260668036699, 0.90763, -0.0222529, -0.000492064, 0.419181, -0.0106229, 0.113263, 0.466326, 0.0212158, -0.0270404, 0.0948224
1618586260768169165, 0.929963, -0.0364987, 0.00672697, 0.365776, -0.00776648, 0.110878, 0.476114, 0.0292562, -0.0298421, 0.0989198
1618586260868167162, 0.950512, -0.0507531, 0.0130397, 0.306238, -0.00486624, 0.107237, 0.485278, 0.0231009, -0.0433681, 0.0904385
1618586260967978001, 0.96811, -0.060147, 0.0199103, 0.242383, -0.00401072, 0.102724, 0.492586, -0.00780512, -0.0452174, 0.0660293
1618586261067651033, 0.982337, -0.064817, 0.0248588, 0.173767, -0.00559008, 0.0974033, 0.498302, -0.0206141, -0.0497221, 0.0557925
1618586261167340279, 0.992545, -0.0673141, 0.0282682, 0.0975927, -0.00745915, 0.0914881, 0.502779, -0.0108513, -0.0698734, 0.0293003
1618586261267155647, 0.997172, -0.0692464, 0.0212371, 0.0200533, -0.00768213, 0.083778, 0.503322, 0.00239082, -0.0933457, -0.00236637
1618586261367003918, -0.996303, 0.0681412, -0.0117189, 0.0509967, -0.00815119, 0.0755208, 0.501931, -0.0100397, -0.0697973, -0.032904
1618586261466913700, -0.990367, 0.062879, 0.00365038, 0.123314, -0.00742049, 0.0712289, 0.495875, 0.0177467, -0.0365461, -0.0776148
1618586261566866398, -0.97909, 0.0545594, 0.0114798, 0.195636, -0.00548007, 0.0694966, 0.486021, 0.00815229, -0.0191862, -0.108833
1618586261666857958, -0.964761, 0.0460908, 0.00218815, 0.25905, -0.00528112, 0.0685155, 0.475166, 0.00201651, -0.00826946, -0.104903
1618586261767006874, -0.94791, 0.0398233, -0.0106263, 0.315861, -0.00545882, 0.0690149, 0.465645, 0.00816127, 0.00144652, -0.0876666
1618586261867330074, -0.929643, 0.0378099, -0.0253426, 0.365638, -0.00545205, 0.0705132, 0.458422, 0.0110612, 0.00841337, -0.058231
1618586261967718124, -0.91174, 0.0347831, -0.0315922, 0.408071, -0.00490858, 0.0728835, 0.453078, 0.0113335, 0.0102338, -0.0403129
1618586262068096161, -0.895958, 0.0350816, -0.0372108, 0.441184, -0.00363891, 0.0747638, 0.44937, 0.0233879, 0.00724213, -0.0225098
1618586262168274641, -0.884358, 0.0355182, -0.0384031, 0.463869, -0.00181354, 0.0756989, 0.447202, 0.0217875, -0.0085187, -0.0149199
1618586262268287182, -0.878071, 0.0368438, -0.0415296, 0.4753, -0.00127755, 0.0753524, 0.444988, 0.00110646, -0.0178536, -0.0173337
1618586262368181705, -0.875407, 0.0401403, -0.0491906, 0.479199, -0.0024823, 0.0734936, 0.442577, -0.0130138, -0.0352335, -0.01769
1618586262468043089, -0.874266, 0.0447704, -0.0578708, 0.479902, -0.00483315, 0.0695157, 0.440214, -0.015348, -0.0396622, -0.0171434
1618586262567876101, -0.872662, 0.0475638, -0.0634579, 0.481842, -0.00648798, 0.066361, 0.438345, -0.0120128, -0.0301262, -0.012209
1618586262667767286, -0.870906, 0.0500461, -0.0694261, 0.48394, -0.00823393, 0.0642303, 0.437033, -0.00949782, -0.00931927, -0.0105335
1618586262767672062, -0.870294, 0.0503243, -0.0729475, 0.484494, -0.0091057, 0.0650319, 0.436098, -0.00743148, 0.0105061, -0.00434876
1618586262867588282, -0.873223, 0.0518499, -0.0780085, 0.478234, -0.00966526, 0.0685663, 0.436599, 0.00044816, 0.0419827, 0.011787
1618586262967486858, -0.88437, 0.0538062, -0.0812576, 0.456499, -0.00938796, 0.0758434, 0.438536, 0.0046386, 0.0758372, 0.0271217
1618586263067407846, -0.905524, 0.0564629, -0.0824122, 0.412368, -0.00845163, 0.0846034, 0.441345, 0.0180338, 0.0815839, 0.0383717
1618586263167427540, -0.932055, 0.0571272, -0.0758791, 0.349645, -0.00648575, 0.0929506, 0.445271, 0.0260998, 0.0842595, 0.0530596
1618586263267529249, -0.957508, 0.0576039, -0.0645307, 0.275129, -0.00408734, 0.10052, 0.45029, 0.0222386, 0.0694259, 0.053138
1618586263367530823, -0.977341, 0.055562, -0.0501461, 0.197995, -0.00372714, 0.105765, 0.453866, -0.0144896, 0.058656, 0.0271528
1618586263467456818, -0.990033, 0.050473, -0.0381156, 0.125833, -0.00768752, 0.110283, 0.454522, -0.0539507, 0.055613, 0.000991295
1618586263567398071, -0.995931, 0.0449626, -0.0405899, 0.06672, -0.0145101, 0.114436, 0.45355, -0.0742226, 0.0500557, -0.0224601
1618586263667359114, -0.997889, 0.0378175, -0.0444479, 0.0284932, -0.0220567, 0.117742, 0.450785, -0.0660835, 0.0420949, -0.0397318
1618586263767495155, -0.998375, 0.0333037, -0.0445171, 0.0125119, -0.0268268, 0.120426, 0.44778, -0.0285393, 0.0300758, -0.0337913
1618586263867752790, -0.998485, 0.0322768, -0.0437159, 0.00865011, -0.0276888, 0.121704, 0.446111, 0.00209131, 0.0102809, -0.0207851
1618586263967879772, -0.998503, 0.0329308, -0.0426243, 0.00955959, -0.0268533, 0.121429, 0.444582, 0.00196529, -0.00357615, -0.0218003
1618586264067858934, -0.99848, 0.0341772, -0.0418598, 0.0107873, -0.0261617, 0.120465, 0.442791, 0.0049863, -0.0116991, -0.0206179
1618586264167854548, -0.998535, 0.0372695, -0.0376928, 0.0108242, -0.0243913, 0.119075, 0.44125, 0.0133662, -0.00658541, -0.0130043
1618586264267902374, -0.998121, 0.0476953, -0.0374821, 0.00862386, -0.0219312, 0.119051, 0.440799, 0.0202172, -0.00453129, -0.00999502
1618586264368011475, -0.996932, 0.0694109, -0.0354572, 0.00714748, -0.0193542, 0.118826, 0.439603, 0.0143319, -0.00314969, -0.0208323
1618586264468210697, -0.994075, 0.102956, -0.0346991, 0.00340797, -0.0168995, 0.118058, 0.437027, 0.0282253, -0.0164, -0.0368764
1618586264568336725, 0.989232, -0.142783, 0.0321033, 0.00144392, -0.0122848, 0.116301, 0.432713, 0.0504201, -0.0149514, -0.0416261
1618586264668303013, 0.981799, -0.187802, 0.0277036, 0.00589527, -0.00650975, 0.115468, 0.430023, 0.0493185, 0.00363414, 0.00504145
1618586264768185139, 0.970567, -0.238969, 0.0283141, 0.00957791, -0.000160592, 0.117927, 0.432433, 0.0763121, 0.0382468, 0.0403799
1618586264868037462, 0.95516, -0.293577, 0.0360591, 0.0134982, 0.00884513, 0.123137, 0.435667, 0.097478, 0.0648631, 0.0180451
1618586264967818022, 0.935772, -0.349181, 0.0448973, 0.0196834, 0.0191039, 0.129473, 0.434741, 0.0983717, 0.0584571, -0.028583
1618586265067464352, 0.914737, -0.399284, 0.0537741, 0.030615, 0.0278869, 0.135179, 0.428918, 0.0751319, 0.0596954, -0.0774434
1618586265167050123, 0.893704, -0.44171, 0.0650498, 0.044208, 0.0337631, 0.141141, 0.420444, 0.0495664, 0.0567485, -0.101391
1618586265266689539, 0.87453, -0.476741, 0.0731042, 0.0507057, 0.0378935, 0.145421, 0.411564, 0.0432563, 0.0295439, -0.0981432
1618586265366466284, 0.856407, -0.508863, 0.0728276, 0.0481779, 0.0416727, 0.146751, 0.402504, 0.0462628, 0.0122975, -0.0707941
1618586265466243029, 0.840766, -0.535742, 0.0676472, 0.0389526, 0.0448398, 0.144901, 0.394862, 0.0320499, -0.00640098, -0.0581926
1618586265565946579, 0.82917, -0.553783, 0.0695152, 0.031137, 0.0450618, 0.142601, 0.39028, 0.00344289, -0.00288722, -0.0356851
1618586265665750742, 0.820108, -0.567067, 0.0712551, 0.027936, 0.0463801, 0.144981, 0.387581, 0.00353372, 0.00704092, -0.0134751
1618586265765720367, 0.813668, -0.57616, 0.0720366, 0.0281948, 0.0465202, 0.147067, 0.386678, -0.00736465, 0.0132591, -0.000456523
1618586265865851164, 0.809005, -0.581914, 0.0767696, 0.0315155, 0.0456183, 0.149739, 0.38701, -0.0116275, 0.0270749, -0.00483502
1618586265966010571, 0.806424, -0.584972, 0.0796955, 0.0337243, 0.0445074, 0.152736, 0.387189, -0.00453743, 0.0329689, -0.00511115
1618586266066119671, 0.806329, -0.584599, 0.0821884, 0.0363613, 0.0437681, 0.155519, 0.386866, -0.00323073, 0.0297004, -0.0147138
1618586266166071892, 0.810711, -0.57868, 0.0810938, 0.0360721, 0.0422771, 0.157631, 0.385017, -0.0151418, 0.0198474, -0.0238853
1618586266265811443, 0.820585, -0.56529, 0.0774912, 0.032918, 0.0406118, 0.158946, 0.382656, -0.0185185, 0.00505958, -0.0184442
1618586266365453243, 0.836964, -0.541932, 0.0704574, 0.0289118, 0.038288, 0.157644, 0.381351, -0.0321755, -0.0268014, 0.000777469
1618586266464955091, 0.860634, -0.504433, 0.0651411, 0.0247859, 0.0338162, 0.154059, 0.382585, -0.0657239, -0.0465459, 0.0320985
1618586266564616680, 0.888172, -0.454626, 0.0637807, 0.0199467, 0.0260429, 0.148489, 0.388019, -0.0777194, -0.0572455, 0.0575609
1618586266664587259, 0.914773, -0.399982, 0.0555425, 0.0109903, 0.0178732, 0.141419, 0.395351, -0.0810909, -0.0757498, 0.0731452
1618586266764814854, 0.938608, -0.34174, 0.0472105, 0.000853609, 0.00894412, 0.132252, 0.40202, -0.0946287, -0.104106, 0.0658752
1618586266865111351, -0.95932, 0.278761, -0.0442339, 0.00635124, -0.00186977, 0.121028, 0.407996, -0.113595, -0.118268, 0.0621514
1618586266965481043, -0.977161, 0.208965, -0.0369079, 0.0113283, -0.0129235, 0.108188, 0.414294, -0.100261, -0.121409, 0.0609987
1618586267065995455, -0.990048, 0.137107, -0.0294329, 0.0118536, -0.0216813, 0.0966985, 0.419879, -0.0720327, -0.101464, 0.0484065
1618586267166667223, -0.997133, 0.0686495, -0.0294107, 0.012172, -0.0264066, 0.0890299, 0.423255, -0.0256241, -0.0501411, 0.0161929
1618586267267286539, -0.999632, 0.00415389, -0.0234543, 0.0129726, -0.0264149, 0.0856987, 0.421549, 0.0171292, -0.0225006, -0.0442201
1618586267367598534, -0.998127, -0.0599489, -0.0121735, 0.00075528, -0.0232071, 0.084304, 0.413732, 0.0510707, -0.01523, -0.0994176
1618586267467829227, 0.992791, 0.118304, 0.00460238, 0.0187024, -0.0142494, 0.0834348, 0.402708, 0.122931, 0.00156493, -0.0987187
1618586267568025827, 0.985019, 0.168838, -0.0015654, 0.0350597, -0.00205545, 0.0855325, 0.394691, 0.103283, 0.0330979, -0.0694523
1618586267668085337, 0.976051, 0.212269, -0.00145575, 0.0475888, 0.006849, 0.089567, 0.390042, 0.069966, 0.0477213, -0.0356299
1618586267768057823, 0.967033, 0.249268, 0.00131815, 0.0520658, 0.0110047, 0.0937446, 0.387441, 0.0257288, 0.0311291, -0.0204466
1618586267867883921, 0.958599, 0.280719, 0.0109193, 0.0465271, 0.0120704, 0.0964, 0.384916, 0.00269518, 0.0158399, -0.0239867
1618586267967619181, 0.95118, 0.305475, 0.0194205, 0.0395578, 0.0112002, 0.0983784, 0.382612, -0.0171117, 0.013711, -0.011569
1618586268067420244, 0.945304, 0.322635, 0.028447, 0.0387016, 0.0093733, 0.0995486, 0.381258, -0.0152499, 0.00497242, -0.0065698
1618586268167550802, 0.94326, 0.327964, 0.0320806, 0.0408667, 0.00839516, 0.100319, 0.381624, -0.00849392, 0.00309277, 0.019928
1618586268267766953, 0.944338, 0.324335, 0.0381733, 0.0396835, 0.00606316, 0.100555, 0.38366, -0.0448923, -0.0103302, 0.0127541
1618586268368006706, 0.947706, 0.314076, 0.0415023, 0.038554, -0.000206573, 0.0993094, 0.384076, -0.0796715, -0.0198317, -0.0103084
1618586268468278170, 0.954299, 0.29402, 0.0383023, 0.0374012, -0.00845243, 0.096766, 0.382744, -0.0879728, -0.0341262, -0.0202516
1618586268568560362, 0.963936, 0.262006, 0.0295962, 0.0361176, -0.0167894, 0.0934662, 0.380494, -0.0908736, -0.0300411, -0.0213437
1618586268668828011, 0.97546, 0.216571, 0.0224392, 0.0327279, -0.0248379, 0.0908407, 0.378081, -0.0798733, -0.0285353, -0.0149112
1618586268768859625, 0.986007, 0.163381, 0.0185229, 0.0274612, -0.0322185, 0.0870336, 0.377362, -0.0778108, -0.0523451, 0.00729895
1618586268868628025, 0.993893, 0.10651, 0.0156756, 0.024241, -0.0389776, 0.0812358, 0.378884, -0.0713363, -0.0622202, 0.0242843
1618586268968137503, 0.998485, 0.0483922, 0.0165694, 0.0203044, -0.0454467, 0.0752579, 0.382223, -0.0613659, -0.058908, 0.0392342
1618586269067482710, 0.999707, -0.00797969, 0.0195465, 0.0118352, -0.0507271, 0.0699521, 0.386053, -0.0503371, -0.0492668, 0.0289778
1618586269166853666, 0.997522, -0.0644923, 0.0276756, 0.00491226, -0.0554849, 0.0663891, 0.387669, -0.0336731, -0.0219481, 0.00208343
1618586269266401291, -0.992038, 0.122402, -0.0296339, 0.000143813, -0.0571716, 0.0652854, 0.387612, 0.00757124, -0.00795624, 0.00205752
1618586269366143227, -0.983356, 0.180379, -0.0211498, 0.00515599, -0.0549336, 0.0651129, 0.388482, 0.0300178, 0.004882, 0.0196758
1618586269466059685, -0.970811, 0.238869, -0.0177691, 0.0123022, -0.0512906, 0.0676197, 0.390304, 0.040941, 0.034626, 0.0214627
1618586269566035748, -0.95474, 0.295814, -0.026165, 0.0167846, -0.0468025, 0.0719932, 0.391901, 0.043698, 0.0450828, 0.00674011
1618586269666033268, -0.935766, 0.350873, -0.0317425, 0.0149461, -0.0417771, 0.0778369, 0.391606, 0.0615799, 0.0679371, -0.00770511
1618586269765994310, -0.914907, 0.402024, -0.0349634, 0.00993728, -0.0346934, 0.0853827, 0.389918, 0.0806273, 0.076138, -0.0145002
1618586269866054058, -0.892075, 0.449968, -0.0414552, 0.00349636, -0.0276986, 0.0938144, 0.387345, 0.0598058, 0.090092, -0.0384914
1618586269966182470, 0.86809, -0.493621, 0.0524882, 0.00172192, -0.0235937, 0.103088, 0.382381, 0.036929, 0.094902, -0.0633897
1618586270066243410, 0.844646, -0.531317, 0.064767, 0.00892344, -0.0216503, 0.111896, 0.376358, 0.014932, 0.0819247, -0.0583241
1618586270166190386, 0.821598, -0.565664, 0.0689913, 0.0155101, -0.0217295, 0.119871, 0.371979, -0.00056606, 0.080314, -0.0477605
1618586270266040087, 0.799837, -0.596191, 0.0677641, 0.0150021, -0.0230094, 0.127817, 0.368302, -0.0115206, 0.0783195, -0.0365642
1618586270365793705, 0.781115, -0.62123, 0.0625465, 0.00456829, -0.0245166, 0.133592, 0.364146, -0.015312, 0.0624493, -0.0387333
1618586270465487957, -0.765759, 0.640161, -0.0614986, 0.0050023, -0.0259436, 0.139881, 0.36035, -0.0146276, 0.0609318, -0.037177
1618586270565257788, -0.754509, 0.653326, -0.0610631, 0.0123543, -0.0273942, 0.146205, 0.356516, -0.0156207, 0.0554824, -0.0409147
1618586270665136337, -0.747391, 0.661345, -0.0615494, 0.0155249, -0.0277782, 0.151561, 0.352227, 0.0045817, 0.0542085, -0.048977
1618586270765193224, -0.742797, 0.666477, -0.0618319, 0.0154424, -0.0268802, 0.156663, 0.347133, 0.00947964, 0.0409828, -0.0527427
1618586270865379095, -0.740669, 0.669039, -0.0595644, 0.0157505, -0.0261019, 0.160152, 0.342798, 0.00348621, 0.0316384, -0.0328487
1618586270965705395, -0.739382, 0.670528, -0.0591235, 0.0145216, -0.0262783, 0.163488, 0.340647, -0.00399309, 0.0317368, -0.0107288
1618586271066051006, -0.739248, 0.670629, -0.0597104, 0.0143085, -0.0267356, 0.166628, 0.339861, -0.00561424, 0.031894, -0.00298505
1618586271166392565, -0.74031, 0.669347, -0.060985, 0.0140251, -0.0268916, 0.169718, 0.340125, 0.000929756, 0.0284552, 0.00288762
1618586271266692638, -0.74271, 0.666575, -0.0622195, 0.0137385, -0.0269477, 0.172328, 0.340269, -0.00335791, 0.0207821, -0.000454841
1618586271366730690, -0.749918, 0.658482, -0.0622129, 0.0123925, -0.0277278, 0.173492, 0.33974, -0.0108324, 0.00647065, -0.00134618
1618586271466411829, -0.765511, 0.640413, -0.0616687, 0.00781778, -0.0291983, 0.17449, 0.340077, -0.0264657, 0.0163345, 0.0192958
1618586271565871000, -0.789327, 0.610269, -0.0673279, 0.00140248, -0.0336576, 0.176451, 0.343189, -0.0625203, 0.0211891, 0.0388983
1618586271665214539, 0.820289, -0.56687, 0.0760161, 0.00233305, -0.0416153, 0.177141, 0.347948, -0.097284, -0.0129819, 0.0480684
1618586271764712334, 0.854294, -0.513669, 0.0795043, 0.00218066, -0.0514882, 0.173397, 0.353951, -0.0974853, -0.0608302, 0.0737382
1618586271864567518, 0.887003, -0.454771, 0.0800514, 3.56735e-05, -0.0611283, 0.165594, 0.362336, -0.0977293, -0.0958619, 0.0894346
1618586271964632988, -0.917247, 0.390371, -0.0790217, 0.00498893, -0.071042, 0.154655, 0.371173, -0.100965, -0.114005, 0.0885143
1618586272064902544, -0.94328, 0.322754, -0.077356, 0.00827172, -0.080988, 0.142825, 0.378868, -0.0969794, -0.114881, 0.0685304
1618586272165222883, -0.965582, 0.250348, -0.0699935, 0.00881818, -0.090268, 0.131252, 0.384786, -0.0764808, -0.11657, 0.0332594
1618586272265610695, -0.982742, 0.17626, -0.0551007, 0.0107065, -0.0950495, 0.119566, 0.385937, -0.0244129, -0.109507, 0.000462829
1618586272366002083, -0.993912, 0.100722, -0.041963, 0.0152408, -0.0960174, 0.109457, 0.385162, 0.00143873, -0.0851426, -0.0119491
1618586272466431856, -0.998742, 0.0271314, -0.038448, 0.0173052, -0.0950701, 0.101796, 0.383368, 0.0170074, -0.0624867, -0.0213521
1618586272566952229, -0.998316, -0.0368656, -0.0437519, 0.00961813, -0.0924694, 0.0963727, 0.381666, 0.0324397, -0.0458813, -0.0138072
1618586272667294979, 0.993468, 0.0979861, 0.0584279, 0.00240157, -0.0880312, 0.0919666, 0.381585, 0.0614398, -0.0507249, 0.0109369
1618586272767441034, 0.985037, 0.157877, 0.0672533, 0.0159615, -0.0816046, 0.0871674, 0.382647, 0.0581928, -0.0397571, 0.0157492
1618586272867598534, 0.974352, 0.211642, 0.0712454, 0.0277479, -0.0755722, 0.0846142, 0.385522, 0.0651805, -0.00852368, 0.0441586
1618586272967722654, 0.963584, 0.256811, 0.0670602, 0.0325053, -0.0684065, 0.0849365, 0.391691, 0.0812282, 0.0183798, 0.0687991
1618586273067797661, 0.95393, 0.291959, 0.0568462, 0.0393092, -0.0599707, 0.0874586, 0.396742, 0.0829917, 0.0352479, 0.0413062
1618586273167879581, 0.945171, 0.319139, 0.052651, 0.0450599, -0.0536343, 0.0909224, 0.399885, 0.0461343, 0.0381514, 0.0178393
1618586273268056870, 0.938691, 0.336776, 0.0602856, 0.042501, -0.050136, 0.0958862, 0.400814, 0.0323846, 0.054802, 0.00439746
1618586273368173361, 0.936307, 0.344244, 0.0568155, 0.0399756, -0.047087, 0.100941, 0.399567, 0.0295596, 0.0412123, -0.0270065
1618586273468150854, 0.936666, 0.343856, 0.0512759, 0.0423094, -0.0451249, 0.104526, 0.395896, 0.0151265, 0.0296163, -0.0290812
1618586273568063498, 0.939559, 0.33615, 0.0486072, 0.043239, -0.0453067, 0.106024, 0.393728, -0.0155642, -0.00456579, -0.00873583
1618586273667884827, 0.944072, 0.323478, 0.0495901, 0.0403758, -0.0487076, 0.104359, 0.394046, -0.0417051, -0.0164358, 0.0097508
1618586273767726660, 0.951019, 0.30301, 0.0513808, 0.033295, -0.0532121, 0.10298, 0.395457, -0.0453231, -0.00694906, 0.00564731
1618586273867695093, 0.960395, 0.273562, 0.0442512, 0.0290921, -0.0578773, 0.102434, 0.394769, -0.042483, 0.00136595, -0.0191938
1618586273967758179, 0.971601, 0.232683, 0.0321199, 0.0285937, -0.0614477, 0.104354, 0.392777, -0.025784, 0.0322322, -0.0131835
1618586274067771673, 0.982591, 0.182355, 0.028, 0.0218712, -0.06359, 0.10729, 0.391312, -0.0244663, 0.0142034, -0.0167619
1618586274167450190, 0.990457, 0.132473, 0.0360413, 0.0121448, -0.067638, 0.106343, 0.388642, -0.0520761, -0.022535, -0.0283745
1618586274266993046, 0.995132, 0.0814661, 0.0548816, 0.00793436, -0.0733967, 0.103768, 0.385829, -0.065705, -0.0229056, -0.0159216
1618586274366472244, 0.996405, 0.0322272, 0.0781248, 0.00585405, -0.0809306, 0.1015, 0.384033, -0.0872273, -0.0319848, -0.0187945
1618586274465738535, 0.995316, -0.00173655, 0.0965754, 0.00392992, -0.0910147, 0.0972414, 0.382614, -0.117252, -0.0356675, -0.0003002
1618586274565103292, 0.992993, -0.022649, 0.115818, 0.0062125, -0.103154, 0.0949411, 0.385493, -0.115108, -0.011404, 0.0361841
1618586274664674997, 0.991393, -0.0312901, 0.12686, 0.00818936, -0.109466, 0.0915218, 0.390098, -0.064571, 0.000438842, 0.0491522
1618586274764562130, 0.99153, -0.0323233, 0.125653, 0.00591122, -0.114149, 0.0947422, 0.396174, -0.00262315, 0.0387381, 0.0347496
1618586274864794731, 0.994551, -0.0291331, 0.0999996, 0.00436758, -0.112872, 0.100775, 0.398175, 0.0532679, 0.0561804, 0.000533797
1618586274965223074, 0.998587, -0.0247376, 0.0468582, 0.00395982, -0.105949, 0.106623, 0.397146, 0.0966549, 0.0435965, -0.0144133
1618586275065751076, 0.999787, -0.0202507, -0.000493063, 0.00384134, -0.0961863, 0.11104, 0.395456, 0.100951, 0.0356262, -0.00923485
1618586275166363955, 0.998195, -0.0160607, -0.0577271, 0.00406661, -0.0861257, 0.114096, 0.39366, 0.102361, 0.0155535, -0.0150038
1618586275266968012, 0.993932, -0.013095, -0.109164, 0.00327703, -0.0758515, 0.114833, 0.391568, 0.0978699, 0.0012739, -0.0257603
1618586275367372036, 0.989281, -0.0116629, -0.145559, 0.000239637, -0.0669865, 0.114526, 0.388747, 0.0830236, -0.00555065, -0.0394206
1618586275467446327, -0.98346, 0.0103759, 0.180788, 0.00378274, -0.0601345, 0.113317, 0.384105, 0.0634978, -0.00754292, -0.0604138
1618586275567303181, -0.976205, 0.00937872, 0.216537, 0.00695366, -0.0547656, 0.111944, 0.377634, 0.0512446, -0.00921626, -0.0776696
1618586275667113304, -0.969933, 0.00878932, 0.243064, 0.00852438, -0.0512827, 0.110213, 0.369426, 0.0377333, -0.0152186, -0.0882888
1618586275766947985, -0.961012, 0.00944182, 0.276192, 0.0092543, -0.0486828, 0.108315, 0.360243, 0.0309326, -0.0155948, -0.100608
1618586275866771936, -0.951357, 0.0103306, 0.307761, 0.00980986, -0.0471518, 0.106315, 0.35005, 0.0166275, -0.018505, -0.103647
1618586275966624498, -0.942152, 0.0113075, 0.334817, 0.0109224, -0.0470184, 0.104131, 0.339489, 0.0022983, -0.0194798, -0.10305
1618586276066579819, -0.932328, 0.0127384, 0.361166, 0.0127114, -0.0473293, 0.10146, 0.329106, -5.24896e-05, -0.0277991, -0.102765
1618586276166610956, -0.923422, 0.0155717, 0.383278, 0.0121037, -0.0481196, 0.0986631, 0.318321, -0.00361536, -0.0236969, -0.104774
1618586276266668081, -0.917135, 0.0185794, 0.397969, 0.0117831, -0.0495765, 0.0963709, 0.308342, -0.0127329, -0.0242011, -0.0876739
1618586276366794348, -0.912786, 0.0207647, 0.407711, 0.0127388, -0.0519943, 0.0941102, 0.300228, -0.0195465, -0.0202162, -0.0676549
1618586276467016935, -0.910192, 0.0230975, 0.413333, 0.0131798, -0.0545798, 0.0925907, 0.293608, -0.0176784, -0.0149366, -0.0522381
1618586276567243576, -0.907824, 0.0253222, 0.418398, 0.0125044, -0.0563091, 0.0912165, 0.289447, -0.0124208, -0.0130245, -0.0313918
1618586276667532444, -0.905335, 0.0271586, 0.423671, 0.0115912, -0.0576129, 0.0904591, 0.286593, -0.0082607, -0.00530618, -0.0226808
1618586276767762899, -0.903739, 0.028247, 0.427033, 0.0100061, -0.0579958, 0.0906767, 0.284492, 0.000437221, 0.00629394, -0.0129302
1618586276867926836, -0.904236, 0.0283012, 0.425986, 0.00964531, -0.0578675, 0.0919301, 0.283514, 0.00540866, 0.0144009, 0.00212365
1618586276968018770, -0.91512, 0.0268934, 0.402165, 0.00981231, -0.0587232, 0.0938066, 0.284952, -0.00722824, 0.022174, 0.0440852
1618586277068078518, -0.935277, 0.0243881, 0.352948, 0.00950029, -0.0593075, 0.0952389, 0.290028, -0.0125396, 0.0091138, 0.0734201
1618586277168127537, -0.957426, 0.0227173, 0.287638, 0.00912106, -0.0593774, 0.0965809, 0.298666, -0.00650513, 0.00338537, 0.0999699
1618586277268172979, -0.97962, 0.0221854, 0.199487, 0.00753505, -0.0595776, 0.096903, 0.309422, -0.0286226, -0.00726559, 0.118179
1618586277368187904, -0.99322, 0.0205138, 0.114327, 0.00477429, -0.062228, 0.0959751, 0.319791, -0.0439271, -0.0123173, 0.0952267
1618586277468156338, 0.999351, -0.0194605, -0.0302996, 0.00055759, -0.0665964, 0.0946302, 0.327921, -0.0423784, -0.00890583, 0.0741428
1618586277568094969, 0.998936, -0.0189575, 0.0416522, 0.00574763, -0.0704917, 0.0930973, 0.333227, -0.0411793, -0.0129356, 0.043957
1618586277667895079, 0.993642, -0.0169666, 0.110797, 0.0105761, -0.0752773, 0.0917528, 0.337372, -0.0657802, -0.00468767, 0.0413702
1618586277767660379, 0.981384, -0.0145426, 0.190925, 0.0149107, -0.0818319, 0.0911093, 0.34286, -0.0682105, -0.00187538, 0.0514538
1618586277867512465, 0.969262, -0.0140191, 0.245136, 0.0155731, -0.0860836, 0.0904441, 0.348841, -0.0213384, -0.00864061, 0.0489374
1618586277967473507, 0.963835, -0.0158007, 0.265676, 0.0137152, -0.086222, 0.0892681, 0.3526, 0.000295644, -0.00779005, 0.0114103
1618586278067430496, 0.955426, -0.0164048, 0.294438, 0.0140788, -0.0885222, 0.0885306, 0.353631, -0.0482146, -0.00156202, 0.00337285
1618586278167440653, 0.944428, -0.0159704, 0.327926, 0.0163041, -0.0938967, 0.088251, 0.354299, -0.0510075, -0.00320275, -6.51167e-05
1618586278267520189, 0.939152, -0.0159972, 0.342629, 0.0185261, -0.0967902, 0.0878119, 0.354408, -0.0258395, 0.00480752, -0.00105285
1618586278367608070, 0.93432, -0.0164756, 0.355372, 0.0220235, -0.0984879, 0.0879751, 0.35506, -0.0162964, 0.00104178, 0.00586034
1618586278467740297, 0.934415, -0.0165133, 0.35506, 0.0229927, -0.0988246, 0.0870851, 0.355532, -0.013827, -0.00708087, 0.00242223
1618586278567829132, 0.932647, -0.0162784, 0.359725, 0.0224183, -0.100645, 0.0866149, 0.356051, -0.0203796, 0.00563379, 0.0040935
1618586278667903185, 0.929717, -0.0168927, 0.367251, 0.0216279, -0.101825, 0.087058, 0.35618, -0.0175114, 0.00497798, 0.00225434
1618586278767950296, 0.929126, -0.0178321, 0.368773, 0.0203074, -0.10269, 0.0872056, 0.356172, -0.017805, 0.00352853, 0.00406409
1618586278867905378, 0.930967, -0.0179076, 0.364135, 0.0196548, -0.104014, 0.0876704, 0.357752, -0.0189827, 0.00606691, 0.0302214
1618586278967777014, 0.938573, -0.0163597, 0.344176, 0.0188954, -0.104485, 0.0876475, 0.362795, -0.00107243, -0.00413512, 0.0650741
1618586279067639112, 0.950078, -0.0141908, 0.311142, 0.018464, -0.105005, 0.0867195, 0.372065, 0.0084194, -0.00894026, 0.0890934
1618586279167504311, 0.965083, -0.0121416, 0.261131, 0.01668, -0.102317, 0.0855175, 0.38011, 0.0214335, -0.0196057, 0.0798018
1618586279267500877, 0.980054, -0.0109985, 0.198015, 0.0127852, -0.0992347, 0.0838291, 0.386488, 0.0219772, -0.0180765, 0.06005
1618586279367612362, 0.99079, -0.011159, 0.134594, 0.00976785, -0.0969083, 0.0821912, 0.390101, 0.0240829, -0.0193759, 0.0315662
1618586279467746735, 0.997546, -0.0116512, 0.0686141, 0.00761497, -0.0935296, 0.0804155, 0.390483, 0.0385866, -0.0191344, -0.00435854
1618586279567876101, 0.999887, -0.0118391, -0.00708627, 0.00596565, -0.0887866, 0.0789168, 0.387824, 0.0478234, -0.0142394, -0.0489585
1618586279667947292, 0.996943, -0.0122371, -0.0769488, 0.00580466, -0.0836362, 0.0780331, 0.380306, 0.0578776, -0.0104814, -0.0979284
1618586279767972469, 0.988685, -0.0135144, -0.149279, 0.00593847, -0.0785463, 0.0773121, 0.368339, 0.061087, -0.00842167, -0.134405
1618586279867893696, 0.979561, -0.0150701, -0.200474, 0.00655571, -0.0751798, 0.0765285, 0.355297, 0.0427701, -0.00871827, -0.128055
1618586279967765331, 0.968843, -0.0162883, -0.247073, 0.00573018, -0.0733309, 0.0752718, 0.344036, 0.0343279, -0.0142897, -0.116297
1618586280067603111, 0.957227, -0.0189897, -0.28866, 0.00554463, -0.0719015, 0.0738736, 0.332855, 0.0244599, -0.0107244, -0.115406
1618586280167533875, 0.944963, -0.0215365, -0.326398, 0.00671914, -0.0736459, 0.0729073, 0.323265, 0.0109967, -0.00847794, -0.107458
1618586280267581940, 0.934038, -0.0232293, -0.356315, 0.00858887, -0.0785097, 0.0722405, 0.315938, -0.00806135, -0.0102878, -0.0773137
1618586280367672920, 0.929141, -0.0241316, -0.368802, 0.0100192, -0.0776748, 0.0711685, 0.308124, -0.00516918, -0.00808023, -0.0417192
1618586280467792034, 0.925763, -0.0244633, -0.377189, 0.00961431, -0.0770161, 0.0702496, 0.303134, 0.00176015, -0.00841455, -0.028705
1618586280567902565, 0.922594, -0.0247836, -0.384877, 0.00870953, -0.0768865, 0.0695832, 0.298977, 0.00471472, -0.00706243, -0.0254557
1618586280668024063, 0.920916, -0.0247112, -0.388886, 0.00839158, -0.0770858, 0.0691462, 0.295231, -0.00215484, -0.0100531, -0.0225175
1618586280768073559, 0.919986, -0.0246227, -0.391102, 0.00770219, -0.0780536, 0.0690763, 0.294403, 0.0014515, -0.00588356, -0.00678026
1618586280868042946, 0.923558, -0.0245936, -0.382608, 0.00682816, -0.0821135, 0.0695762, 0.293177, -0.0120918, -0.000682274, 0.0298496
1618586280967951298, 0.931099, -0.0236678, -0.363954, 0.00562712, -0.0859843, 0.0703611, 0.298742, -0.0182578, 0.00309821, 0.0671653
1618586281067903996, 0.945676, -0.0226623, -0.324271, 0.00568654, -0.0860783, 0.071641, 0.306349, -0.0118825, 0.00917331, 0.086245
1618586281167884350, 0.962963, -0.0214875, -0.268694, 0.00671753, -0.0851639, 0.0725506, 0.31325, -0.0177137, 0.0124447, 0.0997023
1618586281267948627, 0.979428, -0.0197418, -0.200661, 0.00818556, -0.0853635, 0.0739418, 0.322213, -0.0290245, 0.0156904, 0.114231
1618586281368044138, 0.993191, -0.0173233, -0.114785, 0.00976944, -0.0875733, 0.0753567, 0.332842, -0.0424993, 0.0184966, 0.119373
1618586281468096018, 0.999089, -0.0150343, -0.0387422, 0.00974813, -0.0912128, 0.0771124, 0.342828, -0.0332957, 0.0223074, 0.092858
1618586281567995310, 0.999407, -0.0134847, 0.030087, 0.00991772, -0.0939921, 0.079132, 0.350568, -0.0250554, 0.0261343, 0.0758756
1618586281667903185, 0.994985, -0.0129923, 0.098378, 0.0125721, -0.0964765, 0.0810054, 0.357789, -0.0283767, 0.0215007, 0.0701014
1618586281767846107, 0.986091, -0.0132791, 0.164717, 0.017767, -0.0988575, 0.0829498, 0.364015, -0.0344859, 0.0203584, 0.0424071
1618586281867719173, 0.973579, -0.0132275, 0.226743, 0.0235862, -0.101861, 0.0846553, 0.36744, -0.03178, 0.0160208, 0.0105675
1618586281967645884, 0.961675, -0.0142307, 0.272246, 0.0293572, -0.104428, 0.0863988, 0.367126, -0.0324685, 0.020702, -0.03183
1618586282067630529, 0.945236, -0.0150027, 0.324322, 0.0334634, -0.108618, 0.0884227, 0.363462, -0.0491612, 0.0220442, -0.0563942
1618586282167780638, 0.930787, -0.0166224, 0.363502, 0.0350084, -0.112917, 0.0897679, 0.358066, -0.0347768, 0.00790119, -0.0690194
1618586282267947674, 0.921493, -0.018959, 0.386413, 0.0342991, -0.115611, 0.090044, 0.352332, -0.0274121, 0.0017545, -0.0678719
1618586282368016720, 0.911793, -0.0212427, 0.408617, 0.034837, -0.117817, 0.0900545, 0.346751, -0.0285591, 0.00110727, -0.0630478
1618586282468088150, 0.906512, -0.0233485, 0.420053, 0.0353016, -0.119727, 0.0896111, 0.342159, -0.0196598, -0.00534898, -0.0427339
1618586282568121672, 0.903013, -0.0244781, 0.427448, 0.0354509, -0.121018, 0.0884176, 0.340128, -0.0210286, -0.0103725, -0.0143422
1618586282668158531, 0.89647, -0.0249977, 0.440823, 0.0373047, -0.121953, 0.086856, 0.339544, -0.028116, -0.0124674, -0.00689586
1618586282768206358, 0.889573, -0.0255327, 0.454467, 0.0383029, -0.122202, 0.085343, 0.339132, -0.0219149, -0.00921738, -0.0122809
1618586282868193865, 0.885841, -0.0276116, 0.461599, 0.0380649, -0.123862, 0.0848205, 0.337377, -0.0210641, 0.00313263, -0.024486
1618586282968132257, 0.883058, -0.0298368, 0.466823, 0.0373549, -0.124747, 0.0847775, 0.33608, -0.0135074, 0.00408209, -0.016381
1618586283068029642, 0.886182, -0.0315383, 0.460884, 0.0356741, -0.12549, 0.085211, 0.335604, -0.00709635, 0.011273, 0.025124
1618586283167854071, 0.891556, -0.0312465, 0.45045, 0.0352954, -0.125677, 0.0862207, 0.33989, -0.00676263, 0.0103763, 0.0659732
1618586283267746210, 0.898657, -0.0293102, 0.436202, 0.0358348, -0.12554, 0.0864874, 0.34689, -0.00187086, -0.00216336, 0.0877027
1618586283367819309, 0.916827, -0.0279445, 0.396884, 0.0336257, -0.124142, 0.0851592, 0.35734, 0.0189899, -0.0204852, 0.124537
1618586283467997789, 0.937928, -0.0272909, 0.344441, 0.0301083, -0.120877, 0.0825569, 0.370588, 0.0208666, -0.0289878, 0.136014
1618586283568056345, 0.955408, -0.0259363, 0.292873, 0.0273433, -0.118027, 0.0799746, 0.383149, 0.0257609, -0.0267621, 0.110922
1618586283667983770, 0.971373, -0.0239647, 0.235125, 0.0239997, -0.115026, 0.0775121, 0.392681, 0.0324043, -0.0221788, 0.079574
1618586283767840862, 0.985043, -0.0216835, 0.169954, 0.0183496, -0.111503, 0.0754055, 0.39753, 0.0389184, -0.0197558, 0.0254614
1618586283867647886, 0.992878, -0.0194402, 0.11699, 0.0113295, -0.10882, 0.0746386, 0.39566, 0.0255599, 0.00299414, -0.0431955
1618586283967567921, 0.995794, -0.0189663, 0.0893911, 0.00666485, -0.107366, 0.0763811, 0.388505, 0.0176046, 0.0265174, -0.0772192
1618586284067580700, 0.99679, -0.0197824, 0.077328, 0.00614902, -0.106242, 0.0787279, 0.379824, 0.015961, 0.017292, -0.0778452
1618586284167557716, 0.99695, -0.0201795, 0.0752612, 0.00440881, -0.105634, 0.0798935, 0.372248, 0.00464548, 0.00519309, -0.0540675
1618586284267480135, 0.99656, -0.0208027, 0.0802057, 0.00153691, -0.106558, 0.0808075, 0.368798, -0.00571714, 0.010234, -0.0164028
1618586284367427588, -0.996589, 0.0231455, -0.0792054, 0.000614595, -0.106393, 0.0826909, 0.371735, 0.0234906, 0.0249292, 0.0821012
1618586284467380524, -0.996851, 0.0278186, -0.0742438, 0.00111572, -0.103341, 0.0850432, 0.388353, 0.0497096, 0.0110968, 0.241753
1618586284567308903, 0.997011, -0.0330363, 0.0698264, 0.00130698, -0.0972227, 0.0855644, 0.420932, 0.070667, -0.00653402, 0.407415
1618586284667226553, 0.997171, -0.0376851, 0.0646134, 0.00742942, -0.0905268, 0.0853711, 0.466942, 0.0614076, -0.00983667, 0.498227
1618586284767248154, 0.997278, -0.0423067, 0.0584946, 0.0149871, -0.0839319, 0.084753, 0.518487, 0.0653689, -0.00621033, 0.53207
1618586284867406607, 0.996993, -0.0506815, 0.0551001, 0.0200069, -0.0782971, 0.0847964, 0.574499, 0.0464695, -0.00694813, 0.506513
1618586284967666388, 0.995647, -0.0610957, 0.0672026, 0.0209529, -0.0740576, 0.0839004, 0.621166, 0.0325021, -0.0198936, 0.444431
1618586285067835093, 0.994767, -0.0717766, 0.0711313, 0.0150691, -0.0695428, 0.0815187, 0.663157, 0.0409149, -0.0393791, 0.39047
1618586285167715549, 0.993867, -0.0788941, 0.077224, 0.00634034, -0.0662585, 0.0785032, 0.699145, 0.0211551, -0.030745, 0.326084
1618586285267371893, 0.99277, -0.0825253, 0.087039, 0.00455178, -0.0661537, 0.0766803, 0.72649, -0.0101212, -0.011523, 0.226925
1618586285366992950, 0.991935, -0.0846651, 0.0938107, 0.00980296, -0.0682878, 0.076686, 0.742011, -0.0198726, 0.00700038, 0.0785433
1618586285466579676, 0.99201, -0.0833624, 0.0938551, 0.012584, -0.0700608, 0.0773491, 0.741801, -0.0074078, 0.00774487, -0.0930762
1618586285566130877, 0.99303, -0.0788453, 0.087087, 0.00955923, -0.0703601, 0.0771182, 0.724823, 0.00930706, -0.00262098, -0.242833
1618586285665839672, 0.994709, -0.0722903, 0.0729557, 0.00255882, -0.0695942, 0.0760962, 0.69332, 0.0141594, -0.0066865, -0.379915
1618586285765794277, -0.996273, 0.0639067, -0.0578792, 0.00264624, -0.0693169, 0.0749356, 0.649891, 0.00265139, -0.00992862, -0.478722
1618586285865906954, -0.997624, 0.0533256, -0.0435344, 0.00258146, -0.0712575, 0.0734292, 0.598778, -0.0221591, -0.0058832, -0.521341
1618586285966206551, 0.99828, -0.0433445, 0.0394152, 0.00204826, -0.0756123, 0.0737793, 0.545374, -0.0459769, 0.0132806, -0.529155
1618586286066567659, 0.998491, -0.0341133, 0.0423772, 0.00746436, -0.0810721, 0.074453, 0.492452, -0.0437089, 0.00928139, -0.519567
1618586286166938782, 0.998665, -0.0277258, 0.0421344, 0.0110999, -0.084653, 0.0742094, 0.441021, -0.0251526, -0.00556551, -0.498408
1618586286267202139, 0.99823, -0.021334, 0.0537356, 0.0139395, -0.0884179, 0.0733115, 0.394357, -0.0446275, -0.00480474, -0.440285
1618586286367304564, 0.997025, -0.0145726, 0.0742065, 0.0149244, -0.0925365, 0.0726617, 0.353472, -0.0281587, -0.00764765, -0.389953
1618586286467250586, 0.996517, -0.00968551, 0.0811171, 0.0167175, -0.0944603, 0.0721891, 0.317549, -0.0108826, 4.16902e-05, -0.342712
1618586286567099333, 0.996673, -0.00558173, 0.0786913, 0.0204866, -0.0942504, 0.0724865, 0.283855, 0.00854201, 0.00341906, -0.347953
1618586286667009354, 0.995954, -0.00380566, 0.0865119, 0.0240312, -0.0942076, 0.0742409, 0.251003, -0.0146059, 0.0307302, -0.309753
1618586286766990662, 0.995971, -0.00385453, 0.0866027, 0.0229452, -0.0957269, 0.0779338, 0.223332, -0.0207805, 0.0370675, -0.237919
1618586286867013216, 0.996086, -0.00664275, 0.0864798, 0.0170389, -0.0971993, 0.0824969, 0.205339, -0.0114283, 0.040111, -0.125663
1618586286967070580, 0.996508, -0.0123521, 0.0822782, 0.00696707, -0.0968621, 0.0859952, 0.198377, 0.0105999, 0.0194069, -0.0297352
1618586287067010164, 0.997256, -0.0189857, 0.0715344, 0.001815, -0.0951011, 0.0883896, 0.199054, 0.0108391, 0.0175731, 0.0436963
1618586287166930199, 0.997928, -0.0262038, 0.0586381, 0.00384561, -0.093547, 0.0907448, 0.207771, 0.0139686, 0.0177888, 0.128678
1618586287266904354, 0.998422, -0.0323264, 0.0456868, 0.00462156, -0.0920499, 0.091145, 0.219538, 0.0226468, -0.0141041, 0.2092
1618586287366861820, 0.998463, -0.0343885, 0.0430625, 0.00594119, -0.0882546, 0.0896491, 0.248087, 0.0191484, -0.0254745, 0.325092
1618586287466835022, 0.998268, -0.0319232, 0.0477291, 0.0128062, -0.0851972, 0.087226, 0.287008, 0.022219, -0.025142, 0.448127
1618586287566837311, 0.997752, -0.0295691, 0.0575816, 0.0173411, -0.081334, 0.0847014, 0.340252, 0.0349872, -0.0304866, 0.575288
1618586287666873932, 0.997632, -0.0304149, 0.0596463, 0.0157618, -0.0772401, 0.0824915, 0.40158, 0.0345721, -0.0161559, 0.607848
1618586287766832590, 0.996779, -0.0335706, 0.0717026, 0.0127893, -0.0748567, 0.0817606, 0.463482, 0.0107438, -0.00519606, 0.597241
1618586287866754055, 0.995548, -0.0395403, 0.0845085, 0.0134186, -0.0737265, 0.0811926, 0.521456, 0.01128, -0.0152596, 0.555159
1618586287966664791, 0.995257, -0.0477463, 0.082913, 0.0175724, -0.0708791, 0.0786386, 0.573566, 0.0405057, -0.0334356, 0.501513
1618586288066615582, 0.995268, -0.058464, 0.0739757, 0.0234901, -0.0653793, 0.0748984, 0.619539, 0.0617482, -0.0461474, 0.439073
1618586288166569233, 0.994927, -0.0689764, 0.0689698, 0.0246038, -0.0592719, 0.0707763, 0.6578, 0.0498044, -0.0377077, 0.34333
1618586288266455650, 0.994196, -0.0770297, 0.0735415, 0.0152228, -0.0559551, 0.0678388, 0.68703, 0.0167104, -0.0196499, 0.252732
1618586288366311789, 0.992624, -0.0821177, 0.0890257, 0.00528972, -0.0552525, 0.0666809, 0.705185, -0.00690642, 0.00505554, 0.11195
1618586288466063976, 0.991084, -0.0830645, 0.104154, 0.00235283, -0.0573025, 0.0679516, 0.706532, -0.0210128, 0.0272976, -0.0910595
1618586288565805197, 0.991375, -0.0797872, 0.103952, 0.00209284, -0.0593343, 0.0704398, 0.687352, -0.000113271, 0.0290411, -0.278216
1618586288665631294, 0.993077, -0.0754471, 0.0900132, 0.00194524, -0.0588655, 0.072736, 0.653005, 0.0189227, 0.0320231, -0.384581
1618586288765614986, 0.994547, -0.071366, 0.0760441, 0.000406324, -0.0573624, 0.0755629, 0.611259, 0.0130544, 0.0334909, -0.431148
1618586288865728140, -0.995758, 0.0631537, -0.0668483, 0.00298283, -0.0590019, 0.0782483, 0.566068, -0.0253789, 0.0335798, -0.463486
1618586288965921164, -0.996849, 0.0516794, -0.0601132, 0.00290126, -0.064202, 0.0813833, 0.518076, -0.0504925, 0.0368747, -0.484412
1618586289066227198, -0.99775, 0.0421363, -0.0521395, 0.000940241, -0.0693908, 0.0840048, 0.470123, -0.0388347, 0.0249813, -0.468195
1618586289166644812, 0.998245, -0.0346911, 0.0479853, 0.00134036, -0.074399, 0.085726, 0.424226, -0.0480369, 0.016629, -0.439501
1618586289267004728, 0.998417, -0.0290216, 0.0480023, 0.00402827, -0.0804157, 0.0869264, 0.383335, -0.0571335, 0.010267, -0.374818
1618586289367232561, 0.998156, -0.0254627, 0.0549658, 0.00380282, -0.0871368, 0.0877569, 0.348354, -0.059847, 0.00336367, -0.333075
1618586289467304468, 0.99842, -0.0234878, 0.0509095, 0.00366332, -0.09292, 0.0883643, 0.314775, -0.0619102, 0.0111687, -0.338692
1618586289567257166, 0.998372, -0.0215972, 0.0524076, 0.00634476, -0.0998842, 0.0897938, 0.282352, -0.0680637, 0.0142406, -0.321955
1618586289667164564, 0.997658, -0.0218249, 0.0640188, 0.0101616, -0.105676, 0.0915998, 0.253704, -0.0546041, 0.0212144, -0.272883
1618586289766992807, 0.997431, -0.0219489, 0.0667929, 0.013689, -0.109682, 0.0938764, 0.229311, -0.035813, 0.0202028, -0.223105
1618586289866758585, 0.997821, -0.0192556, 0.0612604, 0.0151839, -0.113207, 0.0957453, 0.209023, -0.0456242, 0.0153962, -0.195681
1618586289966544867, 0.997722, -0.0161394, 0.0642027, 0.0129961, -0.117151, 0.0976702, 0.192417, -0.0336416, 0.0164729, -0.154643
1618586290066448450, 0.998377, -0.0146338, 0.0543248, 0.00879634, -0.118334, 0.0992012, 0.179172, -0.00504846, 0.0105452, -0.106067
1618586290166423082, 0.998993, -0.0133232, 0.0422757, 0.0069359, -0.118412, 0.100211, 0.173049, -0.00288006, 0.0023288, -0.0165943
1618586290266500950, 0.999125, -0.0125034, 0.0388672, 0.00909633, -0.118328, 0.100593, 0.177655, 0.00633163, -0.000974718, 0.103854
1618586290366655588, 0.999284, -0.01242, 0.0338041, 0.0116126, -0.116361, 0.10097, 0.194647, 0.0278277, 0.000974007, 0.244926
1618586290466856718, 0.999334, -0.013497, 0.0312623, 0.0131047, -0.11219, 0.101481, 0.225379, 0.0432268, 0.000578293, 0.379222
1618586290567033768, 0.999378, -0.014248, 0.0272889, 0.0172128, -0.106143, 0.101426, 0.264912, 0.0574405, 0.00663577, 0.467608
1618586290667160273, 0.99883, -0.0146591, 0.0420673, 0.0188394, -0.100977, 0.101872, 0.318294, 0.03909, 0.00334989, 0.596561
1618586290767276287, 0.998204, -0.016069, 0.0553049, 0.0164629, -0.0968995, 0.101876, 0.382083, 0.0413547, -0.00424861, 0.648213
1618586290867250443, 0.998046, -0.0184258, 0.0576952, 0.015332, -0.0924419, 0.101921, 0.446626, 0.0437416, -0.00273919, 0.643907
1618586290967086792, 0.997714, -0.0217671, 0.0605206, 0.0207322, -0.088564, 0.101913, 0.50872, 0.0257781, -0.00172825, 0.598197
1618586291066888094, 0.997106, -0.0251603, 0.0653204, 0.0296557, -0.085555, 0.101113, 0.564025, 0.0291154, -0.0152225, 0.521998
1618586291166729212, 0.996451, -0.0298591, 0.0701451, 0.035697, -0.0823143, 0.0992499, 0.613124, 0.0237188, -0.0242067, 0.46667
1618586291266626120, 0.995525, -0.0338493, 0.080844, 0.0353351, -0.0800686, 0.0959878, 0.656062, 0.0147759, -0.0350865, 0.398991
1618586291366544962, 0.994203, -0.0370725, 0.0955641, 0.0324577, -0.0803869, 0.0925833, 0.690667, -0.0225106, -0.0254138, 0.305013
1618586291466479540, 0.992162, -0.0388829, 0.114814, 0.0303551, -0.0840236, 0.0903432, 0.714691, -0.0481562, -0.00986474, 0.167775
1618586291566282749, 0.990399, -0.0373079, 0.129878, 0.0291525, -0.0891895, 0.0889292, 0.721556, -0.0533943, -0.0118254, -0.0429775
1618586291666082144, 0.990188, -0.0327053, 0.13329, 0.0263086, -0.0927877, 0.0871252, 0.70569, -0.0116072, -0.023226, -0.260668
1618586291766065359, 0.992546, -0.0273456, 0.117108, 0.0197569, -0.0917577, 0.0841558, 0.67197, 0.0338766, -0.0267809, -0.401328
1618586291866259575, 0.995057, -0.0236091, 0.0957168, 0.011912, -0.0873422, 0.0812534, 0.626966, 0.0616741, -0.0238609, -0.475213
1618586291966531515, 0.996975, -0.0200594, 0.0749607, 0.00446374, -0.0828642, 0.078638, 0.577826, 0.0309466, -0.0181907, -0.50146
1618586292066745281, 0.997295, -0.0154837, 0.0718348, 0.0013859, -0.0825785, 0.0766048, 0.528736, 0.00210068, -0.0146253, -0.472774
1618586292166868210, 0.997876, -0.0113679, 0.0641359, 0.00106265, -0.0833661, 0.0747566, 0.484607, -0.00799068, -0.0141621, -0.396521
1618586292266869783, 0.998097, -0.00770072, 0.0611695, 0.000641302, -0.0856528, 0.0729764, 0.450417, -0.0147092, -0.0223108, -0.279633
1618586292366926432, -0.998099, 0.00625771, -0.0611596, 0.00428399, -0.0874439, 0.0700726, 0.429436, -0.0122539, -0.0362766, -0.138165
1618586292467064381, -0.998027, 0.00621021, -0.0613584, 0.0117775, -0.0888596, 0.0669313, 0.421018, -0.0152585, -0.0258088, -0.0568204
1618586292567113400, -0.997943, 0.00635866, -0.0626114, 0.0121845, -0.0902256, 0.0653815, 0.416842, -0.00767973, -0.00875467, -0.0388885
1618586292667143822, -0.998051, 0.00739479, -0.0611829, 0.00982639, -0.0906959, 0.0665392, 0.414422, -0.00551314, 0.0352776, -0.0185014
1618586292767199039, -0.997917, 0.00894977, -0.0633853, 0.00804855, -0.0911462, 0.0742782, 0.414452, -0.00444509, 0.113625, 0.00264864
1618586292867174864, -0.997518, 0.0105128, -0.069356, 0.00615268, -0.0908542, 0.0893874, 0.415897, 0.0140694, 0.185567, 0.00858094
1618586292967077017, -0.997305, 0.0114029, -0.0724269, 0.00249386, -0.0884279, 0.112412, 0.416155, 0.0362109, 0.269671, -0.0109399
1618586293066939592, 0.997312, -0.0121149, 0.0722275, 0.00209696, -0.0849761, 0.133293, 0.414221, 0.0589683, 0.323148, -0.030484
1618586293166908979, 0.997632, -0.0124742, 0.0673935, 0.00578321, -0.0771394, 0.173927, 0.410696, 0.0840563, 0.401977, -0.0369709
1618586293266805649, 0.997689, -0.0123747, 0.0665159, 0.00633091, -0.0682239, 0.219535, 0.406742, 0.0858971, 0.44138, -0.0403272
1618586293366676569, 0.997585, -0.0112483, 0.0683421, 0.00515175, -0.0611878, 0.258146, 0.40465, 0.075857, 0.441403, -0.0405573
1618586293466685534, 0.997311, -0.00911627, 0.0725959, 0.0042068, -0.0567934, 0.293739, 0.402776, 0.0673992, 0.424315, -0.0412354
1618586293566704035, 0.997134, -0.00881802, 0.0750274, 0.00419203, -0.0517692, 0.331707, 0.401157, 0.0637244, 0.416045, -0.0501219
1618586293666655302, 0.996981, -0.00769797, 0.0771594, 0.00390102, -0.0412697, 0.386172, 0.390205, 0.0745164, 0.418501, -0.0818248
1618586293766580582, 0.996978, -0.0042607, 0.0773103, 0.00630184, -0.0332914, 0.420194, 0.379008, 0.0566855, 0.359522, -0.0933885
1618586293866546154, 0.997351, 2.43777e-05, 0.0718709, 0.01117, -0.0251235, 0.467341, 0.367553, 0.0614476, 0.348575, -0.090669
1618586293966552973, 0.997371, 0.00429226, 0.0713288, 0.0120048, -0.0191536, 0.506666, 0.357845, 0.0332417, 0.282024, -0.0802229
1618586294066629410, 0.99742, 0.00925523, 0.0704557, 0.010158, -0.0162568, 0.534617, 0.349892, 0.0129375, 0.187456, -0.0706751
1618586294166697741, 0.997456, 0.0148166, 0.0692404, 0.00821869, -0.0149244, 0.550479, 0.34368, 0.00121402, 0.0869327, -0.0531992
1618586294266816854, 0.997397, 0.0189463, 0.069192, 0.00730171, -0.0152855, 0.554583, 0.33881, -0.019032, -0.00698321, -0.0381481
1618586294366964817, 0.997076, 0.0203184, 0.0733198, 0.00718259, -0.017203, 0.549484, 0.337213, -0.0203969, -0.0712293, -0.0152401
1618586294467058420, 0.997082, 0.0214549, 0.0728839, 0.00744039, -0.0177819, 0.539066, 0.336008, -0.00444464, -0.098542, -0.0206891
1618586294567077637, 0.997424, 0.0224722, 0.0678782, 0.00577881, -0.019437, 0.52528, 0.334763, -0.0317518, -0.141793, -0.0198083
1618586294667075634, 0.997512, 0.0228604, 0.0666521, 0.00202438, -0.0233634, 0.504666, 0.333949, -0.0364755, -0.230446, -0.0103871
1618586294767028809, 0.997803, 0.0217528, 0.0625564, 0.00176187, -0.0272486, 0.473532, 0.334045, -0.0377566, -0.347229, 0.00280551
1618586294866925716, 0.998192, 0.0187965, 0.0567468, 0.00629991, -0.0315027, 0.431635, 0.335393, -0.0487712, -0.443253, 0.0156712
1618586294966859818, 0.998155, 0.0155283, 0.057857, 0.00992055, -0.0379312, 0.381813, 0.33819, -0.0670103, -0.513364, 0.0306968
1618586295066739798, 0.997899, 0.0132049, 0.0626885, 0.00962816, -0.0423883, 0.344924, 0.340708, -0.0742486, -0.527011, 0.0349898
1618586295166635275, 0.997477, 0.0101195, 0.0697183, 0.00875191, -0.0455777, 0.31073, 0.343818, -0.0683305, -0.501861, 0.0348143
1618586295266560078, 0.997362, 0.00306706, 0.0717545, 0.0105371, -0.0555558, 0.264691, 0.342673, -0.0543991, -0.477091, 0.030938
1618586295366654873, 0.997757, -0.00498444, 0.0645984, 0.0168328, -0.0618956, 0.213712, 0.346175, -0.0387788, -0.452787, 0.0441361
1618586295466785431, 0.997276, -0.0141125, 0.0679918, 0.0248601, -0.0694019, 0.141389, 0.356267, -0.0606134, -0.468773, 0.0648991
1618586295566854715, 0.996839, -0.0204136, 0.0712507, 0.0286236, -0.0743409, 0.0930431, 0.36358, -0.0392537, -0.436355, 0.0576989
1618586295666850090, 0.996245, -0.0263913, 0.076641, 0.0304171, -0.0775752, 0.046548, 0.366129, -0.034412, -0.399137, 0.0414075
1618586295766718149, 0.995152, -0.029468, 0.0893384, 0.0286717, -0.079414, 0.0144108, 0.366462, -0.0218709, -0.350471, 0.0105381
1618586295866566896, 0.994136, -0.0330734, 0.0995208, 0.0263677, -0.0847633, -0.0405233, 0.372428, -0.0183273, -0.346504, 0.0195677
1618586295966470003, 0.994398, -0.0354815, 0.0940712, 0.0326158, -0.0889973, -0.0867884, 0.378424, -0.0319207, -0.31864, 0.0265568
1618586296066488504, 0.995201, -0.0394463, 0.0794044, 0.041401, -0.0939511, -0.123918, 0.382349, -0.037392, -0.274246, 0.0156214
1618586296166594505, 0.995383, -0.0441156, 0.0723675, 0.0450444, -0.0989884, -0.149975, 0.383698, -0.0507571, -0.204348, -0.00287436
1618586296266668797, 0.995076, -0.0457937, 0.0774889, 0.0414951, -0.104773, -0.16513, 0.38332, -0.0487195, -0.118225, -0.0143109
1618586296366720200, 0.994734, -0.0462438, 0.0844098, 0.0352105, -0.108268, -0.169655, 0.381655, -0.0212803, -0.0443234, -0.0107959
1618586296466727495, 0.994766, -0.0466796, 0.0846734, 0.0330441, -0.108667, -0.165965, 0.379961, 0.00190956, 0.0302299, 0.00107882
1618586296566677094, 0.995322, -0.0469374, 0.0778227, 0.0327949, -0.107321, -0.151992, 0.379218, 0.0211322, 0.142968, 0.016424
1618586296666653395, 0.995446, -0.0455439, 0.0782124, 0.0299293, -0.103824, -0.127034, 0.380139, 0.0430606, 0.235472, 0.0278856
1618586296766731024, 0.995645, -0.042766, 0.0786046, 0.0261302, -0.0973623, -0.107299, 0.382253, 0.0558902, 0.297783, 0.0479223
1618586296866915226, 0.9954, -0.0417116, 0.0831965, 0.0227535, -0.0916782, -0.0754706, 0.384756, 0.0656042, 0.382841, 0.0648905
1618586296966996193, 0.99521, -0.0420993, 0.085721, 0.0208922, -0.0874346, -0.0319012, 0.389278, 0.0547423, 0.462679, 0.0544708
1618586297066960335, 0.995718, -0.0425284, 0.0800187, 0.0182952, -0.0849402, 0.0197774, 0.387746, 0.0539569, 0.517488, -0.00967585
1618586297166905165, 0.996813, -0.0459264, 0.0635396, 0.0147234, -0.0820362, 0.0766846, 0.382145, 0.0734544, 0.555643, -0.0671098
1618586297266839743, 0.997434, -0.0493416, 0.050136, 0.0133057, -0.0696342, 0.153377, 0.378264, 0.0722531, 0.586162, -0.0817033
1618586297366771698, 0.997817, -0.0505532, 0.0407968, 0.0118948, -0.0583973, 0.225113, 0.372814, 0.0836973, 0.576634, -0.0827288
1618586297466750145, 0.998242, -0.0505547, 0.0296458, 0.00885449, -0.0452114, 0.271832, 0.369854, 0.0888547, 0.507718, -0.087501
1618586297566900253, 0.998276, -0.0505015, 0.0288673, 0.00787974, -0.0430551, 0.308052, 0.366395, 0.0470418, 0.449429, -0.0786291
1618586297667021513, 0.997949, -0.0475116, 0.042455, 0.00612897, -0.0439374, 0.338367, 0.366168, 0.00699409, 0.390784, -0.0463242
1618586297767069340, 0.996355, -0.0442672, 0.0722307, 0.00998995, -0.0386696, 0.402302, 0.354206, 0.00526117, 0.398587, -0.0451579
1618586297867140293, 0.994517, -0.0404909, 0.0949419, 0.0168288, -0.0346159, 0.456177, 0.344552, 0.0134934, 0.368353, -0.0477164
1618586297967217207, 0.993898, -0.0332296, 0.103809, 0.0169092, -0.0294435, 0.500369, 0.33666, 0.0431829, 0.333162, -0.0399542
1618586298067396641, 0.995001, -0.0277176, 0.0951739, 0.0120872, -0.0227902, 0.535624, 0.331445, 0.0541584, 0.299923, -0.0165588
1618586298167744398, 0.996341, -0.0274155, 0.0805607, 0.00793276, -0.0169461, 0.564207, 0.327903, 0.0480643, 0.267511, -0.0291395
1618586298267964363, 0.997501, -0.0267904, 0.06514, 0.00562851, -0.0132285, 0.583913, 0.322451, 0.0102368, 0.155249, -0.0550895
1618586298367889404, 0.998105, -0.022584, 0.0571952, 0.00242118, -0.014647, 0.58744, 0.316359, -0.0344933, -0.0122047, -0.0597716
1618586298467656851, -0.998579, 0.0168711, -0.0505513, 0.000229963, -0.0199603, 0.572175, 0.312645, -0.0609962, -0.192969, -0.0151551
1618586298567469120, -0.998323, 0.0127947, -0.0563161, 0.00400624, -0.0274397, 0.537832, 0.314268, -0.073583, -0.373319, 0.0424655
1618586298667397022, -0.997792, 0.0135084, -0.0644405, 0.00873828, -0.0351272, 0.487912, 0.320877, -0.0679543, -0.512126, 0.0790034
1618586298767383099, -0.997442, 0.0179495, -0.0675718, 0.0148633, -0.0426392, 0.426937, 0.330494, -0.0747225, -0.605679, 0.0962963
1618586298867379665, -0.996957, 0.0250701, -0.0714443, 0.0185286, -0.0518046, 0.358271, 0.340682, -0.102057, -0.675754, 0.0941674
1618586298967343092, -0.996167, 0.0311161, -0.0793074, 0.0198404, -0.060535, 0.303585, 0.346889, -0.115986, -0.658307, 0.0706285
1618586299067297697, -0.995557, 0.0345529, -0.0856721, 0.0182196, -0.0607891, 0.262817, 0.350314, -0.0968845, -0.603056, 0.0300752
1618586299167212725, -0.995233, 0.038901, -0.0885393, 0.0125739, -0.0577418, 0.237519, 0.349983, -0.0556263, -0.483128, -0.0061263
1618586299267045259, -0.995349, 0.0400767, -0.0873606, 0.00645056, -0.0713991, 0.212228, 0.349785, -0.050337, -0.371997, 0.0049727
1618586299366751909, -0.99604, 0.0353521, -0.0815071, 0.00338304, -0.0887585, 0.198708, 0.350159, -0.0337339, -0.228904, -0.00890488
1618586299466419935, 0.997046, -0.0311657, 0.0701857, 0.00119004, -0.0982086, 0.0983486, 0.357078, -0.0170207, -0.314361, 0.00102633
1618586299566217422, 0.998217, -0.0261084, 0.0533099, 0.00625012, -0.103891, 0.0154573, 0.363735, -0.0122271, -0.33652, 0.0320413
1618586299666245937, 0.998342, -0.0223554, 0.0520148, 0.0104316, -0.109883, -0.0487491, 0.37012, -0.0545948, -0.295585, 0.0530688
1618586299766404867, 0.998322, -0.019314, 0.0538598, 0.00887346, -0.1189, -0.0950274, 0.376938, -0.087949, -0.261028, 0.0585428
1618586299866621256, 0.997982, -0.0178931, 0.0606525, 0.00566587, -0.128537, -0.127403, 0.3815, -0.0894171, -0.214603, 0.0283223
1618586299966856003, 0.997669, -0.0190323, 0.0654691, 0.00278701, -0.135374, -0.146298, 0.383337, -0.043036, -0.142222, 0.0153668
1618586300067004204, 0.997827, -0.0217158, 0.0620776, 0.00401758, -0.135767, -0.15221, 0.382675, 0.0190562, -0.0675044, 0.00737783
1618586300166993380, 0.998032, -0.0233018, 0.0576826, 0.00787278, -0.130785, -0.145155, 0.382355, 0.0614345, 0.0517324, 0.0179194
1618586300266878366, 0.998155, -0.0241085, 0.0550023, 0.00900646, -0.121794, -0.123174, 0.383906, 0.0951248, 0.186823, 0.0341348
1618586300366758585, 0.998104, -0.0242885, 0.0560408, 0.00766245, -0.110858, -0.088035, 0.385905, 0.0971527, 0.292214, 0.0404309
1618586300466655016, 0.998237, -0.0239379, 0.0541162, 0.00468832, -0.101954, -0.0508381, 0.388393, 0.0863446, 0.367458, 0.0412797
1618586300566649199, 0.998129, -0.0246423, 0.0559269, 0.00192486, -0.0920278, 0.00387366, 0.390974, 0.08646, 0.458024, 0.0257712
1618586300666733265, -0.99815, 0.0285684, -0.0536666, 8.90627e-05, -0.0815349, 0.0662278, 0.38942, 0.0971714, 0.554349, -0.0315701
1618586300766819239, 0.998392, -0.0328234, 0.0462125, 0.000442539, -0.071574, 0.134728, 0.381997, 0.0846275, 0.604779, -0.0880258
1618586300866756916, 0.998619, -0.0323423, 0.0413206, 0.00273222, -0.0628945, 0.202022, 0.372316, 0.0780435, 0.574779, -0.0761496
1618586300966689825, 0.998944, -0.0303998, 0.0338938, 0.00609321, -0.0553966, 0.263705, 0.364029, 0.0640241, 0.540602, -0.0752742
1618586301066710472, 0.999323, -0.027706, 0.0218421, 0.0103946, -0.049132, 0.321689, 0.355115, 0.054692, 0.531604, -0.0829183
1618586301166917801, 0.99934, -0.0265738, 0.0166135, 0.0183533, -0.0429272, 0.377647, 0.346368, 0.0578625, 0.516703, -0.087457
1618586301267081976, 0.999049, -0.0224669, 0.0254053, 0.027397, -0.0376472, 0.429418, 0.337501, 0.0437995, 0.482162, -0.0884605
1618586301367273808, 0.998554, -0.0163005, 0.0396437, 0.0324314, -0.0339572, 0.478005, 0.329817, 0.0310562, 0.472928, -0.0701693
1618586301467503548, 0.997817, -0.0124741, 0.0539414, 0.0360064, -0.0313108, 0.523818, 0.324288, 0.0176136, 0.437656, -0.0507163
1618586301567643642, 0.996888, -0.0078653, 0.0692664, 0.0367997, -0.0307709, 0.562981, 0.319636, -0.0084924, 0.346409, -0.0451186
1618586301667638779, 0.996583, -0.00309477, 0.0739507, 0.0366619, -0.0321325, 0.590727, 0.315612, -0.0181802, 0.236844, -0.0436676
1618586301767610073, 0.997161, 8.85941e-05, 0.0663823, 0.0355366, -0.0326291, 0.608128, 0.311336, 0.00337387, 0.137222, -0.0450486
1618586301867546797, 0.997966, 0.00211559, 0.0548241, 0.0324527, -0.0315379, 0.614053, 0.306961, 0.00536869, 0.0136529, -0.0422653
1618586301967514038, 0.998461, 0.00287248, 0.0471539, 0.0290518, -0.0322201, 0.606043, 0.303571, -0.0257383, -0.137864, -0.01833
1618586302067455530, 0.998597, 0.00302556, 0.0462347, 0.0256261, -0.0360608, 0.582747, 0.303696, -0.055938, -0.293091, 0.00635431
1618586302167423487, 0.998494, 0.00218785, 0.0513698, 0.0191519, -0.0426308, 0.545482, 0.306813, -0.0771053, -0.411481, 0.0461344
1618586302267455339, 0.998008, 0.000446927, 0.0621977, 0.0105765, -0.0474845, 0.514155, 0.311384, -0.0764981, -0.469288, 0.0767253
1618586302367434978, 0.997461, -0.00327005, 0.0710928, 0.00264294, -0.059073, 0.481386, 0.318426, -0.0756274, -0.49525, 0.0975543
1618586302467266798, -0.997514, 0.00428823, -0.0702808, 0.00276611, -0.0672445, 0.433189, 0.321321, -0.068821, -0.525821, 0.0891996
1618586302567095518, -0.997999, 0.00511781, -0.0629942, 0.00162032, -0.0725139, 0.37613, 0.329574, -0.0649293, -0.530066, 0.0861982
1618586302667083502, 0.998519, -0.00757416, 0.0537865, 0.00298771, -0.0781312, 0.298694, 0.345309, -0.0578479, -0.545587, 0.0873272
1618586302767055511, 0.998931, -0.00917439, 0.0452282, 0.00266168, -0.083488, 0.228391, 0.357703, -0.0630051, -0.536644, 0.0594183
1618586302866985559, -0.999035, 0.009525, -0.0428717, 0.000941719, -0.0879926, 0.182518, 0.363793, -0.0830223, -0.48638, 0.0296489
1618586302967001200, -0.998372, 0.0109781, -0.0558823, 0.00321824, -0.0946695, 0.143151, 0.36404, -0.0857045, -0.415997, 0.0142864
1618586303067107916, -0.998041, 0.0127021, -0.0611439, 0.00384026, -0.104562, 0.0872717, 0.368558, -0.055821, -0.349767, -0.0173495
1618586303167305231, -0.99841, 0.0167707, -0.0538179, 0.000759046, -0.110184, 0.0481811, 0.36782, -0.0219994, -0.217074, -0.0208694
1618586303267475367, 0.998416, -0.0213309, 0.0520276, 0.00194132, -0.113547, 0.0277038, 0.36715, -0.0134844, -0.0969635, 0.000598636
1618586303367502451, 0.998116, -0.0233469, 0.0566719, 0.00281336, -0.115103, 0.0188033, 0.367827, 0.00870194, -0.0462022, 0.0140272
1618586303467391014, 0.998101, -0.022289, 0.0573552, 0.00267685, -0.11442, 0.0165685, 0.368948, 0.0219965, -0.0109643, 0.0160488
1618586303567239285, 0.998154, -0.0195181, 0.0573489, 0.00431297, -0.11215, 0.0184965, 0.369019, 0.0341296, 0.000644141, 0.00705714
1618586303667127371, 0.998282, -0.0167483, 0.0559816, 0.00427007, -0.10822, 0.0213445, 0.367766, 0.0463036, -0.00992273, -0.0128882
1618586303767051220, 0.998596, -0.0149385, 0.0507763, 0.00202838, -0.103582, 0.0239767, 0.36452, 0.0441381, -0.00787012, -0.028956
1618586303867024660, -0.998773, 0.0146707, -0.0472915, 0.000265887, -0.100232, 0.0273817, 0.360359, 0.0217985, -0.00503797, -0.0296506
1618586303967034817, -0.998898, 0.0139773, -0.0447649, 0.00168979, -0.0985927, 0.0302252, 0.356912, 0.00934141, -0.0150673, -0.0189557
1618586304067111492, -0.99891, 0.0132468, -0.0446427, 0.00320499, -0.0973397, 0.0321645, 0.354896, 0.0124139, -0.0163858, -0.00411567
1618586304167245388, -0.998843, 0.0133324, -0.0460174, 0.00423786, -0.0964245, 0.0345451, 0.354155, 0.00134696, 0.000166068, 0.00478598
1618586304267346382, -0.998738, 0.0139311, -0.0480686, 0.00413564, -0.0961409, 0.0379222, 0.353794, 0.00121554, 0.0086345, 0.000350973
1618586304367469072, -0.998717, 0.0143015, -0.0484435, 0.00363884, -0.0957774, 0.0413712, 0.35316, -0.000842381, 0.0138592, -0.000683332
1618586304467597723, -0.998705, 0.0143702, -0.0487367, 0.00241319, -0.0958723, 0.0446281, 0.352857, -0.00655083, 0.0155165, -0.000198517
1618586304567705631, -0.998643, 0.0143778, -0.0499694, 0.00274698, -0.0962774, 0.0475596, 0.352633, -0.00931455, 0.0173041, 0.00104534
1618586304667783737, -0.998562, 0.0140796, -0.051628, 0.00327377, -0.09791, 0.0504473, 0.353145, -0.0262415, 0.0290532, 0.00644884
1618586304767820358, -0.998331, 0.0132071, -0.0560779, 0.00404855, -0.100422, 0.0545248, 0.353839, -0.0227036, 0.0392939, 0.00469573
1618586304867875099, -0.998171, 0.0139033, -0.0586768, 0.00427187, -0.101454, 0.0587997, 0.353889, -0.000567708, 0.0438667, -0.000746911
1618586304967931032, -0.998173, 0.0154502, -0.0582893, 0.00371644, -0.100437, 0.0639986, 0.354484, 0.0232256, 0.0653653, 0.015042
1618586305068000317, -0.998267, 0.0167781, -0.0562542, 0.0042335, -0.0963188, 0.070961, 0.35643, 0.0560542, 0.0775525, 0.0176966
1618586305167927742, -0.99817, 0.0143174, -0.0584945, 0.00539907, -0.0879616, 0.0789015, 0.358626, 0.122989, 0.0918537, 0.0264171
1618586305267707348, -0.997992, 0.00906163, -0.0621366, 0.00832662, -0.071213, 0.0869812, 0.361856, 0.210456, 0.0707833, 0.0323328
1618586305367546558, -0.997841, 0.00510267, -0.065173, 0.00635414, -0.0455108, 0.0923758, 0.365813, 0.299535, 0.0486749, 0.027829
1618586305467451096, -0.997757, 0.00344349, -0.0668468, 0.000550489, -0.00984266, 0.0949087, 0.366948, 0.408219, 0.0192461, 0.00735901
1618586305567472696, 0.997851, -0.00319225, 0.0651384, 0.00640258, 0.0344634, 0.0961842, 0.366146, 0.464133, 0.0116368, -0.0172931
1618586305667711735, 0.997615, -0.0058168, 0.0678743, 0.0111126, 0.0828498, 0.096361, 0.362126, 0.496009, 0.0023861, -0.048898
1618586305767945051, 0.99736, -0.00978179, 0.0713458, 0.00936347, 0.132983, 0.0941671, 0.355531, 0.492254, -0.0430921, -0.0833073
1618586305867893696, 0.997406, -0.00868284, 0.0713255, 0.00434332, 0.179847, 0.0882951, 0.345147, 0.448324, -0.0425686, -0.131997
1618586305967839003, 0.997401, -0.00848145, 0.0712537, 0.00642241, 0.22395, 0.0847411, 0.331256, 0.430824, -0.023898, -0.132383
1618586306067706585, 0.998292, -0.0059999, 0.0572468, 0.0100002, 0.263018, 0.0828882, 0.31931, 0.348871, -0.0050003, -0.0967325
1618586306167578697, 0.998553, -0.000755022, 0.0519995, 0.0136646, 0.29239, 0.0824212, 0.311872, 0.244079, 0.00599282, -0.0533924
1618586306267619610, 0.998724, 0.00290851, 0.0490243, 0.0117836, 0.310618, 0.0827362, 0.307784, 0.12072, 0.0135082, -0.032979
1618586306367792606, 0.998746, 0.00447344, 0.049186, 0.00820662, 0.316445, 0.0834732, 0.305293, 0.00461163, 0.00758054, -0.0145535
1618586306467982292, 0.998685, 0.00432857, 0.050727, 0.00595668, 0.310329, 0.0838853, 0.305888, -0.119382, 0.012743, 0.0236607
1618586306568156481, 0.998482, 0.00115969, 0.0549803, 0.0030013, 0.291475, 0.0856582, 0.310419, -0.258164, 0.027899, 0.063321
1618586306668160439, -0.997968, 0.000847143, -0.0637091, 0.000473318, 0.257074, 0.0892933, 0.319126, -0.420793, 0.0460877, 0.0990051
1618586306767993927, -0.997474, -0.00182784, -0.0709951, 0.00166256, 0.207783, 0.0942855, 0.331878, -0.565685, 0.0629588, 0.140403
1618586306867790699, -0.997057, -0.00565562, -0.0764427, 0.00102129, 0.145692, 0.100693, 0.348937, -0.663942, 0.0693871, 0.172789
1618586306967634916, 0.996616, 0.0080165, 0.081753, 0.00302516, 0.0792854, 0.107437, 0.366285, -0.650117, 0.0582895, 0.148771
1618586307067580462, 0.997612, 0.00910343, 0.0680135, 0.00788816, 0.0165257, 0.113034, 0.378243, -0.611513, 0.0567167, 0.0857841
1618586307167666435, 0.998528, 0.00547564, 0.0526796, 0.0116602, -0.0409208, 0.118123, 0.38433, -0.544727, 0.0422141, 0.0391931
1618586307267772198, 0.998888, 0.000468416, 0.0457432, 0.0114463, -0.092695, 0.122024, 0.386589, -0.505177, 0.0380553, 0.00299931
1618586307367777586, 0.998706, -0.00389179, 0.0492563, 0.0120306, -0.140935, 0.125681, 0.38598, -0.467318, 0.0286214, -0.0234562
1618586307467638731, 0.998565, -0.00699284, 0.0516235, 0.0124072, -0.184136, 0.128715, 0.382614, -0.406494, 0.0338815, -0.0440669
1618586307567520857, 0.998337, -0.0104115, 0.0552814, 0.0126183, -0.221793, 0.133081, 0.37765, -0.346873, 0.0553478, -0.0600404
1618586307667546034, 0.997913, -0.0161956, 0.061799, 0.0093649, -0.251042, 0.139765, 0.371759, -0.230917, 0.0670634, -0.0573971
1618586307767527342, 0.998226, -0.0216093, 0.0550835, 0.0066064, -0.26821, 0.145915, 0.365644, -0.125922, 0.0503667, -0.0587011
1618586307867527008, 0.998694, -0.0265518, 0.0429123, 0.0080111, -0.277022, 0.149981, 0.359323, -0.0503281, 0.0180365, -0.0654881
1618586307967503309, 0.998996, -0.0274913, 0.0344479, 0.00799519, -0.277567, 0.147896, 0.3528, 0.0328259, -0.0573803, -0.0539085
1618586308067434549, 0.999173, -0.0238102, 0.0324676, 0.00565254, -0.270925, 0.140507, 0.347345, 0.0961403, -0.0820631, -0.0373912
1618586308167375565, 0.999263, -0.0168614, 0.0344372, 0.00186806, -0.258624, 0.134216, 0.345157, 0.153941, -0.0414186, -0.00609112
1618586308267232418, 0.999213, -0.00649789, 0.0390942, 0.00193034, -0.238758, 0.133209, 0.346687, 0.252916, 0.0179175, 0.0351642
1618586308367175341, 0.99931, 0.00342515, 0.0368694, 0.00282468, -0.207769, 0.137196, 0.351191, 0.355447, 0.0470697, 0.0667638
1618586308467239618, 0.999178, 0.0111882, 0.0389638, 0.000560065, -0.168989, 0.142089, 0.356147, 0.42277, 0.0392471, 0.04646
1618586308567418575, -0.998889, -0.0183015, -0.0433102, 0.00322929, -0.12283, 0.144432, 0.357023, 0.500797, 0.0121712, -0.00811748
1618586308667756557, -0.998787, -0.0235096, -0.043166, 0.00304415, -0.0836071, 0.146217, 0.354283, 0.523531, 0.0312632, -0.0400744
1618586308768052816, 0.998707, 0.0249253, 0.0442638, 0.00177912, -0.0347883, 0.148508, 0.350844, 0.521513, 0.0125433, -0.0407451
1618586308868271589, 0.998517, 0.0254909, 0.0476262, 0.00671294, 0.0284094, 0.147969, 0.346743, 0.575279, -0.0298152, -0.0323213
1618586308968268633, 0.997849, 0.027799, 0.0592912, 0.00315465, 0.0931643, 0.144547, 0.341432, 0.58927, -0.0446812, -0.0553791
1618586309068121910, -0.997276, -0.0285628, -0.0679624, 0.00251486, 0.153238, 0.139801, 0.333892, 0.54381, -0.0613095, -0.076759
1618586309167931318, -0.997228, -0.0288751, -0.0685221, 0.00254301, 0.207164, 0.133072, 0.324971, 0.484805, -0.0714692, -0.0851301
1618586309267763138, 0.997127, 0.028898, 0.0699738, 0.00242789, 0.252477, 0.127376, 0.316238, 0.401668, -0.046481, -0.0922283
1618586309367763281, 0.997715, 0.0265174, 0.0612586, 0.0104071, 0.289619, 0.123533, 0.30631, 0.339091, -0.0304099, -0.0915363
1618586309467856646, 0.998437, 0.0225019, 0.0488411, 0.0152362, 0.319108, 0.121426, 0.298809, 0.246821, -0.00294767, -0.0577523
1618586309567908049, 0.998757, 0.0191364, 0.0440073, 0.0134622, 0.336942, 0.12293, 0.294401, 0.123044, 0.0298118, -0.0329393
1618586309667974234, 0.998697, 0.0156465, 0.0477691, 0.00884236, 0.34115, 0.125894, 0.292056, -0.019863, 0.0270958, -0.0198865
1618586309768040180, 0.998794, 0.0131641, 0.0472614, 0.00175226, 0.33003, 0.127796, 0.292017, -0.185057, 0.0247471, 0.0132146
1618586309868032932, -0.998468, -0.0103934, -0.0540935, 0.00518179, 0.302123, 0.129822, 0.296822, -0.346147, 0.0216623, 0.0713898
1618586309967971802, -0.997766, -0.00959328, -0.0651322, 0.0113229, 0.259303, 0.131607, 0.307147, -0.478691, 0.0223081, 0.12105
1618586310067986727, -0.997444, -0.00984041, -0.0692998, 0.0143788, 0.224366, 0.133129, 0.315406, -0.53049, 0.0209281, 0.126462
1618586310167955875, -0.997492, -0.0123364, -0.0687597, 0.0114164, 0.157879, 0.135319, 0.329302, -0.619545, 0.0153416, 0.0895837
1618586310267865658, -0.998127, -0.0162875, -0.0589004, 0.00291808, 0.0882976, 0.137613, 0.338574, -0.632919, 0.021097, 0.0473176
1618586310367792130, 0.999037, 0.0178135, 0.0397346, 0.00535865, 0.0235369, 0.139815, 0.343064, -0.585896, 0.0178232, 0.0267014
1618586310467757940, 0.999572, 0.0202774, 0.0198126, 0.00717195, -0.0367964, 0.141535, 0.346747, -0.5687, 0.0168737, 0.0362555
1618586310567889690, 0.999746, 0.0190292, 0.0106979, 0.00568054, -0.0932591, 0.142485, 0.352248, -0.529026, -0.00639301, 0.049132
1618586310668049097, 0.99986, 0.0147828, 0.00717128, 0.00313054, -0.145683, 0.139304, 0.356728, -0.502477, -0.0583772, 0.0330062
1618586310768193483, 0.999894, 0.00925502, 0.0109974, 0.00234037, -0.193026, 0.132853, 0.359843, -0.441069, -0.0676381, 0.0206295
1618586310868197680, 0.999739, 0.0047336, 0.0219229, 0.00441097, -0.232401, 0.126413, 0.361383, -0.356487, -0.0609765, 0.00926136
1618586310968009233, 0.999652, 0.00171435, 0.0251849, 0.00760838, -0.262574, 0.121287, 0.361635, -0.263151, -0.0419325, 0.0110493
1618586311067775965, 0.999599, 0.000353153, 0.0273115, 0.00746374, -0.28391, 0.117904, 0.361488, -0.178568, -0.0241217, -0.00239172
1618586311167568445, 0.999498, -0.000611409, 0.0310805, 0.00612379, -0.295843, 0.116363, 0.359844, -0.0757914, -0.00392392, -0.0159975
1618586311267449379, 0.999524, -0.00130033, 0.0304827, 0.00464993, -0.297561, 0.116986, 0.357237, 0.0253668, 0.0224185, -0.0271969
1618586311367435455, 0.999463, -0.00103029, 0.0325429, 0.00376357, -0.287503, 0.120135, 0.354287, 0.162036, 0.0430337, -0.0205877
1618586311467602491, 0.999474, -0.000153006, 0.0323309, 0.00253013, -0.263905, 0.125835, 0.352052, 0.290109, 0.0676842, -0.0216444
1618586311567735195, 0.999416, 0.00160001, 0.0341073, 0.00091202, -0.229139, 0.133263, 0.34842, 0.385813, 0.0749103, -0.040677
1618586311667873621, 0.99923, 0.00373582, 0.0390645, 0.00056121, -0.185136, 0.140374, 0.342806, 0.477207, 0.0656858, -0.0462102
1618586311768008709, 0.998974, 0.00665638, 0.0445138, 0.00506131, -0.132165, 0.146625, 0.338394, 0.579116, 0.0636107, -0.0241455
1618586311868131399, 0.998306, 0.00886319, 0.0559087, 0.0134512, -0.0689087, 0.153113, 0.336197, 0.672859, 0.0725483, -0.00558443
1618586311968221188, 0.997623, 0.00788178, 0.0661771, 0.0175365, 0.00197487, 0.159343, 0.33524, 0.724266, 0.0538101, -0.00496722
1618586312068284750, 0.99688, 0.00454499, 0.0771727, 0.0159548, 0.0744928, 0.161909, 0.333176, 0.725032, -0.00615808, -0.0319453
1618586312168333054, 0.99637, 0.000743935, 0.0842233, 0.0123906, 0.147367, 0.158227, 0.328822, 0.722175, -0.057845, -0.0503415
1618586312268347740, 0.995648, -0.00285306, 0.0921316, 0.0137282, 0.217848, 0.150781, 0.322072, 0.678727, -0.090477, -0.0800031
1618586312368183374, 0.995974, -0.00149571, 0.086437, 0.0237125, 0.282045, 0.141012, 0.313178, 0.602378, -0.0871069, -0.0779524
1618586312468048334, 0.995874, 0.00175314, 0.0828344, 0.0370102, 0.336466, 0.134696, 0.305197, 0.488691, -0.0330151, -0.0784238
1618586312567981482, 0.995906, 0.00401825, 0.0812973, 0.039314, 0.378344, 0.133847, 0.298054, 0.354649, 0.0114681, -0.0718039
1618586312668072939, 0.99639, 0.00426774, 0.078762, 0.0314028, 0.406867, 0.135766, 0.291367, 0.22793, 0.0194182, -0.0764028
1618586312768241882, 0.996996, 0.00287944, 0.073997, 0.0227047, 0.424957, 0.136949, 0.284485, 0.141118, 0.00344362, -0.0764777
1618586312868396521, 0.997704, 0.00181631, 0.0653904, 0.0175145, 0.43464, 0.136996, 0.278183, 0.0495036, -0.00418886, -0.0559274
1618586312968456745, 0.997992, 0.00221665, 0.0619226, 0.0131481, 0.434676, 0.136847, 0.274647, -0.0488847, 0.00380913, -0.0207749
1618586313068470240, 0.998067, 0.00306933, 0.0616384, 0.00727707, 0.423335, 0.138472, 0.274902, -0.184544, 0.0339869, 0.0270373
1618586313168421984, -0.997666, -0.00572144, -0.0680319, 0.000989433, 0.396986, 0.143468, 0.281467, -0.343609, 0.0575894, 0.0886338
1618586313268337011, -0.996948, -0.0104589, -0.0768195, 0.00914396, 0.372542, 0.147844, 0.286403, -0.438975, 0.0661109, 0.127105
1618586313368223667, -0.996537, -0.0181301, -0.0803682, 0.0112307, 0.326884, 0.150951, 0.291754, -0.565158, 0.066767, 0.121042
1618586313468155384, -0.996455, -0.0253851, -0.0796217, 0.00963645, 0.254024, 0.159765, 0.311793, -0.679453, 0.0498795, 0.122739
1618586313568241835, -0.997173, -0.0314473, -0.0677192, 0.0084006, 0.174079, 0.165684, 0.328415, -0.764474, 0.0295131, 0.100171
1618586313668592215, -0.997963, -0.0320138, -0.0547221, 0.00708629, 0.0915888, 0.169222, 0.341808, -0.789126, 0.0140204, 0.0880007
1618586313768960714, -0.998395, -0.0278916, -0.0487408, 0.00727634, 0.0118433, 0.170116, 0.353571, -0.732677, -0.0128902, 0.0890367
1618586313869099617, -0.99898, -0.0221144, -0.0389342, 0.00584242, -0.0397344, 0.169224, 0.36458, -0.579502, -0.0434288, 0.101313
1618586313968984604, -0.999245, -0.0172276, -0.0346111, 0.00379146, -0.100374, 0.163184, 0.375202, -0.494308, -0.068759, 0.0928783
1618586314068769455, -0.999014, -0.013242, -0.0421724, 0.00422984, -0.151407, 0.156268, 0.383669, -0.431963, -0.0597928, 0.0681653
1618586314168484926, -0.998382, -0.0111116, -0.0554954, 0.00548988, -0.192916, 0.150106, 0.390066, -0.338384, -0.0595558, 0.0526328
1618586314268263102, -0.998047, -0.00673412, -0.0619155, 0.00485669, -0.221018, 0.142733, 0.396185, -0.195606, -0.0858774, 0.07698
1618586314368259668, -0.998209, 0.00209596, -0.0596888, 0.00331703, -0.233215, 0.132373, 0.406608, -0.0541009, -0.108087, 0.171172
1618586314468323946, 0.998017, -0.0120712, 0.061743, 0.00199697, -0.234822, 0.121068, 0.427879, 0.000314863, -0.118369, 0.271822
1618586314568288326, 0.996726, -0.0184268, 0.0783248, 0.00797251, -0.232783, 0.106638, 0.457062, 0.0274792, -0.171035, 0.311998
1618586314668252707, 0.994697, -0.0246796, 0.0985571, 0.0159624, -0.226508, 0.0861584, 0.487987, 0.070663, -0.226844, 0.317933
1618586314768196106, 0.993188, -0.0307172, 0.109264, 0.0263803, -0.217374, 0.0625883, 0.51768, 0.0790978, -0.236293, 0.297467
1618586314868166208, 0.991522, -0.0372376, 0.117875, 0.0400305, -0.20864, 0.0404253, 0.543359, 0.0657281, -0.196843, 0.232581
1618586314968245029, 0.989593, -0.0450239, 0.126745, 0.0511218, -0.201282, 0.0217569, 0.56027, 0.0580404, -0.164397, 0.0998159
1618586315068317175, 0.988438, -0.0508623, 0.134299, 0.0486602, -0.193026, 0.00685802, 0.558664, 0.0858115, -0.126836, -0.140958
1618586315168297052, 0.989738, -0.0525505, 0.127022, 0.0390106, -0.179135, -0.00589678, 0.531292, 0.16714, -0.130806, -0.369278
1618586315268315315, 0.993297, -0.0530225, 0.0968122, 0.0343143, -0.15675, -0.0197566, 0.483671, 0.24522, -0.139113, -0.510867
1618586315368396521, 0.995587, -0.0532236, 0.0688846, 0.0350463, -0.131078, -0.0313329, 0.427267, 0.250994, -0.0786954, -0.57188
1618586315468456030, 0.996694, -0.052554, 0.0548206, 0.0288929, -0.106208, -0.0367488, 0.37077, 0.236032, -0.0373695, -0.560007
1618586315568488121, 0.99757, -0.0507345, 0.041228, 0.0241071, -0.0846313, -0.0394768, 0.314021, 0.195911, -0.0148061, -0.568142
1618586315668412447, 0.998397, -0.043862, 0.0271451, 0.0233151, -0.0681015, -0.0385723, 0.257641, 0.144506, 0.0392725, -0.550653
1618586315768311262, 0.99909, -0.0336913, 0.0191668, 0.0178135, -0.0546475, -0.0325383, 0.209054, 0.145084, 0.0793862, -0.436573
1618586315868395090, 0.999426, -0.0262158, 0.0206791, 0.00565631, -0.0385608, -0.0239907, 0.172749, 0.169011, 0.100803, -0.323068
1618586315968549013, 0.999734, -0.020208, 0.0110968, 0.000258243, -0.0233345, -0.0126557, 0.143072, 0.129025, 0.124116, -0.284603
1618586316068493843, 0.999955, -0.00941022, 0.000382011, 0.00117002, -0.0126449, -0.000956802, 0.115932, 0.0979964, 0.10357, -0.256955
1618586316168423414, -0.999983, -0.00271611, 0.00369015, 0.00359293, -0.00402961, 0.00864497, 0.0928198, 0.0877546, 0.0912469, -0.212442
1618586316268697500, -0.999905, -0.00525817, 0.0066111, 0.010858, 0.00463335, 0.0162656, 0.0729895, 0.0860728, 0.0609757, -0.196404
1618586316369050026, -0.999761, -0.00407882, 0.0176415, 0.0122562, 0.0113936, 0.0193063, 0.0528271, 0.0463415, 0.00441785, -0.182636
1618586316469225168, -0.999863, -0.00607404, 0.0066632, 0.0138653, 0.0131896, 0.0185973, 0.0408705, 0.0111656, -0.0162218, -0.0649729
1618586316569372177, -0.999779, -0.00599622, -0.00858972, 0.0182377, 0.0141503, 0.016019, 0.0360758, 0.0193603, -0.0295587, -0.0600484
1618586316669444799, -0.99977, -0.0026334, -0.00768468, 0.0198324, 0.0158685, 0.01472, 0.0270717, 0.0246401, 0.000841457, -0.126804
1618586316769283295, -0.999944, -0.0024265, 0.00281906, 0.0098796, 0.010819, 0.0146255, 0.0240498, 0.0176079, -0.0228308, -0.030993
1618586316869134188, 0.9995, 0.00343498, -0.0313313, 0.00259998, 0.0152935, 0.00874645, 0.0188321, -0.000449498, -0.0986567, 0.0123614
1618586316968939543, 0.999558, 0.00572803, -0.028588, 0.00582693, 0.0143741, -0.00108722, 0.0202161, -0.0394576, -0.0869027, -0.0202849
1618586317068737507, -0.99977, -0.00877998, 0.0195359, 0.000926563, 0.0122966, -0.00334282, 0.0158993, -0.0193767, 0.0288907, -0.0281565
1618586317168478489, -0.999812, -0.0139527, -0.0134834, 0.000687223, 0.00395617, 0.000130622, 0.0181925, -0.0262503, 0.0247663, 0.0101122
1618586317268307924, -0.999731, -0.0190522, -0.0132157, 0.000738924, 0.00143245, 0.00252818, 0.0191197, -0.0194773, 0.00265438, 0.0113181
1618586317368434906, -0.999731, -0.0189541, -0.0133184, 0.000732526, -0.000321639, 0.00280753, 0.0169498, -0.016038, -0.00456178, 0.00406993
1618586317468629599, -0.999741, -0.0186027, -0.0131069, 0.000708863, -0.00132051, 0.00311319, 0.0157153, -0.0202195, 0.00484988, 0.000804898
1618586317568862200, -0.999739, -0.0188124, -0.0129654, 0.000662155, -0.00231215, 0.0039585, 0.0150074, -0.0183951, 0.00654597, -0.00151687
1618586317669050455, -0.999742, -0.0187376, -0.012836, 0.000650474, -0.00268839, 0.00428882, 0.0147632, -0.0157421, 0.00278982, -0.00226822
1618586317769158363, -0.999742, -0.0187274, -0.0128719, 0.000596201, -0.00219396, 0.00432809, 0.0112376, -0.0137106, 0.00578556, -0.00893692
1618586317869183302, -0.999742, -0.018716, -0.0128567, 0.000556706, -0.00147582, 0.00432666, 0.00880333, -0.00750668, 0.00220466, -0.0135958
1618586317969209433, -0.999742, -0.0187085, -0.0128509, 0.000471617, 0.00327965, 0.00338722, 0.00892388, 0.00246399, 0.00222477, -0.0119952
1618586318069249630, -0.999743, -0.0186977, -0.0128385, 0.000416116, 0.00694899, 0.00275812, 0.00904568, 0.0124093, -0.0017064, -0.0102442
1618586318169289827, -0.999743, -0.0187005, -0.0128309, 0.000391778, 0.0099254, 0.0022349, 0.00915852, 0.0171001, -0.00148493, -0.00880398
1618586318269334316, -0.999743, -0.0186986, -0.0128276, 0.000371885, 0.0118873, 0.0020158, 0.00924089, 0.0205658, -0.003465, -0.00709244
1618586318369260550, -0.999743, -0.0187052, -0.0128346, 0.000380539, 0.0132762, 0.00178143, 0.00947052, 0.0207515, -0.00197391, -0.00529001
1618586318469169140, -0.999742, -0.0187096, -0.0128396, 0.000379671, 0.0145755, 0.0015849, 0.00949741, 0.0215316, -0.00333099, -0.00437292
1618586318569123507, -0.999742, -0.0187339, -0.0128463, 0.000384266, 0.0150147, 0.00145627, 0.00960284, 0.0189232, -0.00236601, -0.00385277
1618586318669099569, -0.999742, -0.0187529, -0.0128496, 0.000379223, 0.0154599, 0.00145044, 0.00951491, 0.0181867, -0.00314128, -0.00396434
1618586318769137144, -0.999741, -0.0187796, -0.0128655, 0.00037197, 0.0154745, 0.00126427, 0.00949123, 0.0155042, -0.00233677, -0.00354032
1618586318869223356, -0.999741, -0.0187885, -0.0128714, 0.000362352, 0.0156478, 0.00119309, 0.00963062, 0.0136765, -0.00312863, -0.00242336
1618586318969293118, -0.99974, -0.0188003, -0.012884, 0.00035187, 0.0155735, 0.00116471, 0.00976195, 0.0107953, -0.00142955, -0.00223992
1618586319069278955, -0.99974, -0.0188084, -0.0128763, 0.000339409, 0.0152444, 0.000911101, 0.00981652, 0.00839385, -0.00231146, -0.00109147
1618586319169255972, -0.99974, -0.0188202, -0.0128822, 0.000340548, 0.0149702, 0.0010105, 0.00983876, 0.00555426, -0.00108833, -0.000749905
1618586319269228220, -0.999739, -0.0188325, -0.0128917, 0.000324508, 0.0146311, 0.0010948, 0.00986054, 0.00388761, -0.000966986, -0.000671363
1618586319369177103, -0.999739, -0.0188478, -0.012904, 0.000315156, 0.0143918, 0.000910425, 0.00999133, 0.0025247, -0.000889353, -0.000718166
1618586319469166994, -0.999739, -0.0188554, -0.0128937, 0.000319053, 0.0140242, 0.00101259, 0.00996613, 0.000901726, -0.000416258, -5.43969e-05
1618586319569191456, -0.999739, -0.0188554, -0.012901, 0.000319727, 0.0138997, 0.000949925, 0.0100024, -0.000238499, -1.51834e-05, 7.24566e-06
1618586319669186115, -0.999739, -0.0188535, -0.0129031, 0.000318061, 0.0135122, 0.000982461, 0.0100295, -0.0015009, 8.15273e-05, 0.000222924
1618586319769194126, -0.999739, -0.0188708, -0.0128866, 0.000309273, 0.0134959, 0.000999611, 0.0101559, -0.00170769, 0.000429502, 0.000954317
1618586319869232416, -0.999739, -0.0188817, -0.0128933, 0.000313815, 0.0134926, 0.00106668, 0.0102994, -0.0021596, 0.000565978, 0.00151316
1618586319969253302, -0.999739, -0.0188882, -0.0128855, 0.000304849, 0.0135021, 0.00117955, 0.0103933, -0.00189434, 0.00115001, 0.00178574
1618586320069403410, -0.999738, -0.0188904, -0.012887, 0.000287508, 0.0134227, 0.00121663, 0.0104366, -0.00217767, 0.000599108, 0.00125796
1618586320169566154, -0.999739, -0.0188881, -0.0128784, 0.00029766, 0.0133942, 0.00126733, 0.0103776, -0.00196081, 0.00118426, 0.000773784
1618586320269776344, -0.999739, -0.0188882, -0.0128751, 0.00028827, 0.0133631, 0.00147395, 0.0104415, -0.00228575, 0.00205605, 0.000937507
1618586320369958639, -0.999738, -0.0189099, -0.0128702, 0.000281988, 0.0133408, 0.00166382, 0.0105015, -0.00151848, 0.00244245, 0.000572652
1618586320470040083, -0.999738, -0.0189181, -0.0128681, 0.000277841, 0.0130891, 0.0016427, 0.0104172, -0.00197614, 0.00220826, 0.000412247
1618586320569958925, -0.999738, -0.0189373, -0.0128735, 0.000279758, 0.0131849, 0.00161142, 0.0104736, -0.00183333, 0.00226484, 0.000258982
1618586320669772387, -0.999738, -0.0189318, -0.0128611, 0.000274677, 0.0132003, 0.0015753, 0.0105628, -0.00177332, 0.00163662, 0.000585716
1618586320769552946, -0.999738, -0.0189469, -0.0128572, 0.000268998, 0.0131542, 0.00143495, 0.0103017, -0.00184951, 0.00123141, 0.000729639
1618586320869365931, -0.999738, -0.0189555, -0.0128543, 0.000267132, 0.0130966, 0.00146176, 0.0103935, -0.00168625, 0.00109941, 0.000821705
1618586320969251633, -0.999737, -0.0189698, -0.0128509, 0.000260395, 0.0129768, 0.00136081, 0.0102263, -0.00133195, 0.000172584, 0.000855769
1618586321069175482, -0.999737, -0.0189732, -0.0128415, 0.000255253, 0.0129342, 0.00133598, 0.0101981, -0.00109516, 0.000201531, 0.000673514
1618586321169131041, -0.999737, -0.0189969, -0.0128334, 0.000257867, 0.0129148, 0.0013201, 0.0102161, -0.00118288, 0.000443184, 0.000515102
1618586321269136190, -0.999737, -0.0190068, -0.0128348, 0.000264875, 0.0128448, 0.00136566, 0.0102963, -0.00128397, 0.00052273, 0.000812219
1618586321369146109, -0.999737, -0.0190149, -0.0128344, 0.000261696, 0.0128036, 0.00139916, 0.010289, -0.00115816, 0.000418944, 9.82505e-05
1618586321469234705, -0.999737, -0.0190215, -0.0128276, 0.000266546, 0.0126908, 0.00119173, 0.010521, -0.00120915, -1.39608e-05, 0.000819712
1618586321569362402, -0.999737, -0.0190307, -0.0128265, 0.000265833, 0.0128321, 0.00124868, 0.0104051, -9.75311e-05, -0.000203391, 0.000445021
1618586321669482231, -0.999736, -0.0190377, -0.0128236, 0.000258915, 0.0128973, 0.000990039, 0.010232, 2.54532e-05, -0.000638385, 0.000896067
1618586321769558430, -0.999737, -0.0190445, -0.0128063, 0.000258437, 0.0129864, 0.00108831, 0.0103001, -0.000133675, -0.000319999, 0.000767942
1618586321869517565, -0.999737, -0.0190494, -0.012801, 0.000242372, 0.0130498, 0.00120731, 0.0103359, 0.00024825, -4.94976e-05, 0.00073515
1618586321969467640, -0.999737, -0.0190509, -0.0127846, 0.00023157, 0.0132546, 0.00141548, 0.0102248, 0.000857356, 0.000423594, 0.000376749
1618586322069480419, -0.999737, -0.0190587, -0.012789, 0.000216002, 0.0134661, 0.00156661, 0.0100839, 0.00152662, 0.000896344, 7.03453e-05
1618586322169493198, -0.999736, -0.0190767, -0.0127862, 0.000200589, 0.0135316, 0.00167693, 0.0102779, 0.00124288, 0.000965065, 0.000506661
1618586322269495249, -0.999736, -0.0190923, -0.0127934, 0.000198165, 0.0132903, 0.00162887, 0.0103445, 0.000734968, 0.00108061, 0.000636996
1618586322369450569, -0.999736, -0.0191033, -0.012803, 0.000185086, 0.0132101, 0.00169815, 0.0105678, 0.000545324, 0.00128934, 0.00136127
1618586322469408751, -0.999736, -0.019103, -0.0128043, 0.000192506, 0.0130635, 0.00167288, 0.010503, 7.23402e-05, 0.000994871, 0.00186483
1618586322569416761, -0.999735, -0.0191158, -0.012793, 0.000198849, 0.0129638, 0.00163391, 0.0105085, 0.000116343, 0.000893279, 0.00148035
1618586322669437647, -0.999735, -0.0191253, -0.0127907, 0.000185288, 0.0128561, 0.00162977, 0.0105322, -0.000555696, 0.00131374, 0.0015835
1618586322769483566, -0.999735, -0.0191296, -0.0127833, 0.00018216, 0.0127754, 0.00162697, 0.0105298, -0.000618421, 0.000809269, 0.00137955
1618586322869475126, -0.999735, -0.0191283, -0.0127751, 0.000185283, 0.012695, 0.00162969, 0.0105535, -0.000446825, 0.000551463, 0.00163021
1618586322969451666, -0.999735, -0.0191412, -0.0127749, 0.000168249, 0.0127007, 0.00168115, 0.0105034, -0.000244571, 0.000628053, 0.00109662
1618586323069425106, -0.999735, -0.0191541, -0.0127675, 0.000170353, 0.0129469, 0.00151228, 0.0103812, 0.000515889, -5.05889e-05, 0.000797255
1618586323169404745, -0.999735, -0.0191799, -0.0127664, 0.000173492, 0.0128331, 0.00152219, 0.0105813, -2.91723e-05, 1.61155e-06, 0.00113659
1618586323269399643, -0.999734, -0.0191828, -0.012771, 0.000171768, 0.0130004, 0.00146329, 0.0104733, 0.000629459, -3.20097e-05, 0.00114278
1618586323369459391, -0.999734, -0.0191905, -0.0127783, 0.000162723, 0.0129098, 0.00142426, 0.0105998, -0.000181427, -0.000573392, 0.000385173
1618586323469536781, -0.999734, -0.019199, -0.0127738, 0.00014684, 0.0129387, 0.00133514, 0.0103762, 0.000129828, -9.28656e-05, -0.000297856
1618586323569602489, -0.999734, -0.0191959, -0.0127593, 0.000132651, 0.0129927, 0.00130015, 0.0105045, 0.000340316, -0.000214805, -0.000931152
1618586323669673204, -0.999734, -0.0191903, -0.012756, 0.000124851, 0.0130869, 0.0013345, 0.0105494, 0.000726262, 0.00027065, -0.00121289
1618586323769666195, -0.999734, -0.0191962, -0.0127508, 0.00011415, 0.0132, 0.00137814, 0.010506, 0.000773843, 4.52232e-05, -0.00165424
1618586323869614363, -0.999734, -0.0192094, -0.0127478, 9.83711e-05, 0.0129834, 0.00134557, 0.0104263, 8.70531e-05, -0.000125313, -0.00244453
1618586323969558716, -0.999734, -0.0192075, -0.0127347, 8.11604e-05, 0.0130322, 0.0014665, 0.0102457, 0.000364843, 0.000113752, -0.00241352
1618586324069534779, -0.999734, -0.0192071, -0.0127387, 6.91381e-05, 0.0130227, 0.00158649, 0.0101677, 0.000455746, 0.00081314, -0.00251783
1618586324169565916, -0.999734, -0.019216, -0.0127345, 6.4722e-05, 0.0130518, 0.00150299, 0.0101935, 0.000369017, 0.00106851, -0.0026432
1618586324269603491, -0.999734, -0.0192223, -0.0127267, 6.32705e-05, 0.0131008, 0.00151172, 0.00993536, 0.000301877, 0.0013557, -0.0030455
1618586324369605303, -0.999734, -0.0192347, -0.0127284, 4.94676e-05, 0.0129842, 0.00153297, 0.0100726, -0.000571683, 0.000730749, -0.00254308
1618586324469576120, -0.999733, -0.0192619, -0.0127386, 3.12329e-05, 0.0129129, 0.00149163, 0.00986952, -0.00058355, 0.000235937, -0.00227917
1618586324569628716, -0.999733, -0.0192646, -0.0127278, 1.52595e-05, 0.0128643, 0.00145471, 0.00974414, -0.000359261, 6.68136e-05, -0.00210637
1618586324669674158, -0.999734, -0.0192618, -0.0127107, 1.66248e-05, 0.0129475, 0.0014784, 0.00993002, 5.66212e-05, 8.61594e-05, -0.00186422
1618586324769683599, -0.999733, -0.0192784, -0.0127043, 6.71822e-06, 0.0128522, 0.0014234, 0.0100692, 3.15621e-05, 0.000331268, -0.00113137
