1618585871199464321, -0.999995, -2.48314e-06, -0.00299222, 0.00082986, 0, 0, 0, 0, 0, 0
1618585871562609434, -0.999994, -0.00067701, 0.00330289, 0.00100122, -0.00109015, 0.00101651, 9.1174e-05, -0.000221111, 0.00482657, 0.00311735
1618585871662608147, -0.999663, 0.00192638, 0.0255817, 0.00389978, -0.000504961, 0.00202558, 0.000767897, 0.00335247, 0.0125365, 0.0584534
1618585871762669086, -0.99985, 0.00827792, 0.0115186, 0.0099361, -0.00191148, 0.00303966, 0.018191, -0.0253568, 0.0100175, 0.286451
1618585871862672806, -0.999615, 0.0151995, -0.0208491, 0.0101953, -0.00507754, 0.00141837, 0.0569069, -0.0252847, -0.0368889, 0.443333
1618585871962612152, -0.999314, 0.0205788, -0.030446, 0.0046865, -0.00910964, -0.0036151, 0.108641, -0.0462072, -0.0543007, 0.546956
1618585872062501192, 0.998382, -0.0266969, 0.0500335, 0.0042008, -0.0171261, -0.00817499, 0.171254, -0.0834724, -0.0489564, 0.622329
1618585872162339211, 0.997801, -0.0326491, 0.0566489, 0.010885, -0.0247733, -0.0107072, 0.238428, -0.0762186, -0.016687, 0.669001
1618585872262138367, 0.997758, -0.0369406, 0.0539161, 0.0144162, -0.031787, -0.00964693, 0.304575, -0.0865408, 0.0198115, 0.636031
1618585872361916304, 0.997095, -0.0380405, 0.0649739, 0.0114969, -0.0405933, -0.00507846, 0.360682, -0.104106, 0.0594044, 0.501567
1618585872461812258, 0.997072, -0.0371983, 0.0667149, 0.00361679, -0.0508504, 0.00289091, 0.398565, -0.103459, 0.087415, 0.29507
1618585872561799049, -0.9975, 0.0377211, -0.0595815, 0.00461614, -0.0584247, 0.0116336, 0.417341, -0.0657991, 0.0813831, 0.149778
1618585872661868334, -0.997071, 0.0417393, -0.0631385, 0.0109883, -0.0615202, 0.0186235, 0.42355, -0.0299389, 0.0769576, 0.0465906
1618585872761938095, -0.997068, 0.0454154, -0.0597067, 0.0150756, -0.0607782, 0.0249, 0.422746, -0.0131206, 0.0652076, -0.0214301
1618585872861891031, -0.9973, 0.0466379, -0.0549737, 0.0139753, -0.0587987, 0.03014, 0.417445, -0.00357739, 0.0563552, -0.0343211
1618585872961908579, -0.9973, 0.0457772, -0.0572928, 0.00386231, -0.0583926, 0.035652, 0.417435, -0.0104242, 0.0646107, 0.0262929
1618585873062003851, 0.996637, -0.0428511, 0.0671635, 0.0191595, -0.0597414, 0.0432465, 0.429522, -0.0138681, 0.0777889, 0.109894
1618585873162046909, 0.994683, -0.0386404, 0.0771765, 0.0561875, -0.0624055, 0.0519571, 0.450335, -0.0249792, 0.0742949, 0.142186
1618585873262117147, 0.991318, -0.0346924, 0.0735866, 0.103295, -0.0653331, 0.0588782, 0.470674, -0.0167371, 0.0505104, 0.143278
1618585873362141848, 0.984909, -0.0330595, 0.0610918, 0.158519, -0.0679519, 0.0640964, 0.485711, -0.00449479, 0.0486442, 0.112655
1618585873462136269, 0.9747, -0.0346346, 0.0386641, 0.217408, -0.069326, 0.0679225, 0.491173, 0.0150425, 0.057611, 0.0823675
1618585873562181234, 0.96019, -0.0373947, 0.0197273, 0.276128, -0.0692479, 0.0716812, 0.49307, 0.0208534, 0.072285, 0.0524667
1618585873662285328, 0.943411, -0.0401602, 0.00209592, 0.32918, -0.0673218, 0.073607, 0.492706, 0.0380382, 0.0600087, 0.0282505
1618585873762441874, 0.926301, -0.0439091, -0.0147092, 0.373928, -0.0636108, 0.0723538, 0.490839, 0.0405678, 0.0510415, 0.00952184
1618585873862573624, 0.909868, -0.0440089, -0.024662, 0.411819, -0.0597179, 0.0691627, 0.487535, 0.0418187, 0.0368734, -0.00449579
1618585873962574482, 0.892463, -0.0424458, -0.0374801, 0.447553, -0.0594118, 0.055994, 0.483654, 0.0190671, 0.0159239, -0.0174831
1618585874062599897, 0.874523, -0.0337411, -0.0416134, 0.482017, -0.0619783, 0.0378802, 0.477814, -0.0116115, -0.00544024, -0.0122825
1618585874162771940, 0.862462, -0.0198896, -0.0328045, 0.504666, -0.0640788, 0.0194968, 0.467628, -0.0179808, -0.0524426, -0.0192448
1618585874263132811, 0.858306, -0.0103642, -0.0216263, 0.512577, -0.0637371, 0.0157896, 0.453435, -0.017231, -0.105422, -0.0360806
1618585874363487959, 0.85935, -0.00885967, -0.0178377, 0.511001, -0.0626023, 0.019714, 0.442149, -0.0147095, -0.150401, -0.0641965
1618585874463649988, 0.860659, -0.0115228, -0.0212253, 0.508609, -0.0619028, 0.0222007, 0.432618, -0.0192901, -0.177431, -0.0942785
1618585874563650370, 0.862233, -0.0166187, -0.0288354, 0.505418, -0.0626298, 0.0208648, 0.422905, -0.0243299, -0.167196, -0.100996
1618585874663642645, 0.867328, -0.0196932, -0.0278398, 0.496567, -0.0625228, 0.0248378, 0.417511, -0.0151349, -0.147761, -0.0876662
1618585874763604164, 0.875689, -0.0214418, -0.0226116, 0.481869, -0.0609941, 0.0332974, 0.413609, -0.000138489, -0.111235, -0.077441
1618585874863644123, 0.890206, -0.0261047, -0.014195, 0.454588, -0.0598804, 0.0434988, 0.413627, 0.022691, -0.0826244, -0.0682835
1618585874963687420, 0.908306, -0.0331718, -0.00467975, 0.416963, -0.0610324, 0.0647251, 0.430127, 0.0251654, -0.0637704, -0.0633639
1618585875063670874, 0.926639, -0.0412126, 0.00216807, 0.373681, -0.0603601, 0.0824025, 0.458563, 0.0189904, -0.0399269, -0.0525834
1618585875163646221, 0.945021, -0.0513129, 0.00770345, 0.322867, -0.0594599, 0.0888424, 0.472528, 0.0178227, -0.049572, -0.0455995
1618585875263608217, 0.962158, -0.0616282, 0.012106, 0.265157, -0.0598582, 0.0870393, 0.481731, -0.00855531, -0.077821, -0.0425705
1618585875363555670, 0.975922, -0.0696985, 0.0205249, 0.205661, -0.0629331, 0.0796233, 0.486186, -0.0299002, -0.101799, -0.0406989
1618585875463552713, 0.985952, -0.0787187, 0.0273329, 0.144755, -0.0679936, 0.0699569, 0.492155, -0.0405228, -0.101964, -0.0116663
1618585875563459873, 0.992307, -0.0858511, 0.033902, 0.0825073, -0.073558, 0.0600822, 0.497159, -0.0536127, -0.0956057, 0.0138813
1618585875663330317, 0.994887, -0.0899608, 0.0420783, 0.0183661, -0.0798234, 0.0506253, 0.502602, -0.05003, -0.0869894, 0.0177133
1618585875763287783, -0.993459, 0.0926009, -0.0483426, 0.0461191, -0.0847371, 0.0415745, 0.507354, -0.0286119, -0.07731, -0.00322234
1618585875863219976, -0.988855, 0.0931784, -0.0520929, 0.103778, -0.0862359, 0.0332754, 0.505351, -0.0110585, -0.064702, -0.025663
1618585875963091135, -0.982446, 0.0894123, -0.0528163, 0.154973, -0.0847922, 0.0287491, 0.497689, 0.000144279, -0.0361738, -0.0268369
1618585876063042879, -0.972588, 0.084303, -0.0681228, 0.205731, -0.0828582, 0.0276464, 0.4922, 0.00939258, -0.00667235, -0.0178095
1618585876163124323, -0.959871, 0.078725, -0.0861389, 0.25501, -0.0821158, 0.0272713, 0.488084, 0.00938982, -0.00565394, -0.0394414
1618585876263349771, -0.945874, 0.0752544, -0.101399, 0.29896, -0.083396, 0.023779, 0.486529, 0.0193896, -0.0171701, -0.0548626
1618585876363761187, -0.934006, 0.0754861, -0.102686, 0.333752, -0.0816403, 0.0201147, 0.483838, 0.0450576, -0.0191997, -0.0546609
1618585876464131594, -0.923991, 0.0790414, -0.0981883, 0.361043, -0.0785744, 0.0167446, 0.480654, 0.0318189, -0.0413745, -0.0419862
1618585876564292669, -0.91373, 0.0853369, -0.100599, 0.38431, -0.0782937, 0.0093339, 0.478186, -0.00284857, -0.0723324, -0.0172815
1618585876664269924, -0.902871, 0.0944449, -0.110127, 0.404694, -0.0810228, -8.34806e-05, 0.478022, -0.0264783, -0.0879341, 0.00827374
1618585876764088154, -0.893113, 0.101817, -0.121929, 0.420851, -0.0855487, -0.00865431, 0.48098, -0.0407936, -0.0875963, 0.0154114
1618585876863803864, -0.886462, 0.105503, -0.132157, 0.430801, -0.0904742, -0.0131086, 0.484484, -0.0456038, -0.0621517, 0.0130434
1618585876963611126, -0.883469, 0.105641, -0.135874, 0.435729, -0.0940003, -0.0127778, 0.488023, -0.0291516, -0.0365818, 0.015382
1618585877063522577, -0.883287, 0.10292, -0.133566, 0.43746, -0.0948898, -0.00957039, 0.490553, -0.00634282, -0.0175777, 0.014153
1618585877163516521, -0.885139, 0.0983045, -0.127503, 0.436587, -0.0944438, -0.00554287, 0.493732, 0.00206808, 0.00164232, 0.0192082
1618585877263546944, -0.889251, 0.0939996, -0.121174, 0.430944, -0.0933108, -0.000843845, 0.498463, 0.00982244, 0.00859239, 0.0328704
1618585877363501310, -0.897392, 0.0905363, -0.114714, 0.41633, -0.0922137, 0.00401938, 0.506972, 0.00161618, 0.0130161, 0.0763713
1618585877463505268, -0.910449, 0.0876557, -0.110818, 0.388739, -0.0904645, 0.0107198, 0.513595, -0.0037358, 0.015169, 0.128692
1618585877563533783, -0.9265, 0.0834773, -0.102921, 0.352189, -0.0892275, 0.0164522, 0.528926, 0.00781405, 0.0178837, 0.178531
1618585877663635254, -0.943482, 0.0799934, -0.09094, 0.3085, -0.0877827, 0.0215651, 0.549199, 0.00390747, 0.0212406, 0.204662
1618585877763770580, -0.960138, 0.0801813, -0.0808397, 0.255284, -0.087721, 0.0270099, 0.575343, 0.00800875, 0.0200276, 0.22417
1618585877863966942, -0.976012, 0.083408, -0.0641894, 0.190586, -0.0847263, 0.03761, 0.594987, 0.0189561, 0.033574, 0.220578
1618585877964123726, -0.987871, 0.0899709, -0.053389, 0.114741, -0.0818209, 0.0495791, 0.610672, 0.016573, 0.0631393, 0.221103
1618585878064151764, -0.993591, 0.0952816, -0.0480356, 0.0373081, -0.079191, 0.0619409, 0.619751, 0.0144729, 0.0967956, 0.204233
1618585878164080858, 0.993695, -0.0967024, 0.0466573, 0.0322802, -0.077392, 0.0735554, 0.623391, 0.00327319, 0.107021, 0.165337
1618585878263871908, 0.989823, -0.0928914, 0.0522159, 0.0943168, -0.0778501, 0.0853708, 0.628378, -0.0108188, 0.121215, 0.122688
1618585878363626242, 0.982408, -0.084897, 0.0587772, 0.155606, -0.079827, 0.0988421, 0.635248, -0.00712994, 0.12274, 0.0714349
1618585878463389874, 0.97225, -0.0790561, 0.0489434, 0.214671, -0.0793225, 0.110719, 0.636856, 0.0227374, 0.122659, 0.0209767
1618585878563273430, 0.960119, -0.0773922, 0.0312482, 0.266845, -0.0763938, 0.121096, 0.634688, 0.0304002, 0.111422, -0.014029
1618585878663302183, 0.946351, -0.0742535, 0.0167808, 0.314047, -0.0733202, 0.12567, 0.628648, 0.0328767, 0.0637963, -0.0440309
1618585878763480902, 0.93163, -0.0710039, 0.00238401, 0.356395, -0.069589, 0.12807, 0.622062, 0.038376, 0.0357607, -0.0664322
1618585878863775969, 0.915273, -0.0697313, -0.0122638, 0.396564, -0.065388, 0.127292, 0.618948, 0.0350915, 0.0406614, -0.0737733
1618585878964130640, 0.898277, -0.0669568, -0.0202177, 0.433827, -0.0632996, 0.126166, 0.609737, 0.025083, 0.0398446, -0.0632561
1618585879064448595, 0.882645, -0.0629637, -0.021663, 0.4653, -0.062858, 0.124129, 0.604185, 0.00799895, 0.0279248, -0.0477502
1618585879164599180, 0.868581, -0.0563586, -0.0215428, 0.491861, -0.0640971, 0.121767, 0.601545, -0.00786977, 0.0143821, -0.0450951
1618585879264691353, 0.854704, -0.0476892, -0.0198341, 0.51654, -0.0668622, 0.118096, 0.599634, -0.0204635, -0.000416875, -0.0559005
1618585879364622593, 0.840403, -0.0392598, -0.020522, 0.540148, -0.0698345, 0.115924, 0.594973, -0.0375916, -0.00967986, -0.0738595
1618585879464512348, 0.829356, -0.0302559, -0.0202283, 0.557533, -0.0721383, 0.116108, 0.588181, -0.0324137, -0.0304052, -0.0667473
1618585879564523458, 0.826563, -0.026447, -0.0206417, 0.561844, -0.0734441, 0.113911, 0.583471, -0.0169692, -0.0548765, -0.0559057
1618585879664586306, 0.830392, -0.0266707, -0.0203865, 0.556167, -0.0740212, 0.110602, 0.57944, -0.0113991, -0.0797067, -0.064246
1618585879764564276, 0.83805, -0.0293552, -0.0225466, 0.544336, -0.0747804, 0.107146, 0.576021, -0.00737395, -0.0812063, -0.0727999
1618585879864550591, 0.852528, -0.0335398, -0.0228537, 0.521103, -0.0737528, 0.108822, 0.574741, 0.0125822, -0.0629014, -0.0588437
1618585879964669228, 0.873403, -0.042006, -0.0191797, 0.484804, -0.0720759, 0.108232, 0.57319, 0.0432325, -0.0564244, -0.0231015
1618585880064826965, 0.899615, -0.0533219, -0.00957419, 0.43331, -0.0656029, 0.10964, 0.574201, 0.0463693, -0.0674478, 0.00448585
1618585880164882898, 0.926091, -0.0660602, -0.00177313, 0.371469, -0.0611787, 0.106213, 0.574163, 0.0314222, -0.0873457, -0.0130363
1618585880264905214, 0.949328, -0.0783597, 0.00337318, 0.304342, -0.0583322, 0.0980598, 0.571373, 0.0228257, -0.110268, -0.0421898
1618585880364754677, 0.96857, -0.0881293, 0.00540538, 0.232542, -0.0569926, 0.0872911, 0.564589, 0.0051581, -0.125493, -0.0629469
1618585880464441776, 0.982904, -0.0925332, 0.0104408, 0.158835, -0.0585352, 0.0765779, 0.556314, -0.024224, -0.130891, -0.0769953
1618585880564073563, 0.991857, -0.0926081, 0.015302, 0.0860802, -0.0625501, 0.0664109, 0.547756, -0.0418119, -0.119387, -0.0923336
1618585880663756609, 0.995646, -0.0905267, 0.0151783, 0.016258, -0.0673803, 0.0578559, 0.543955, -0.0352336, -0.103557, -0.0994816
1618585880763501644, -0.994981, 0.0858425, -0.0115628, 0.0500945, -0.0699604, 0.0514556, 0.532224, -0.0286949, -0.0810468, -0.110662
1618585880863299370, -0.990126, 0.078873, -0.0179122, 0.114497, -0.0709702, 0.048876, 0.519089, -0.0115078, -0.0504553, -0.101115
1618585880963216543, -0.981286, 0.071182, -0.0289112, 0.176566, -0.0712844, 0.0479516, 0.510035, -0.0096908, -0.0409518, -0.0924228
1618585881063281298, -0.969966, 0.0631526, -0.0394678, 0.23156, -0.0735271, 0.0447038, 0.508357, -0.00471187, -0.0397255, -0.0839083
1618585881163530827, -0.958132, 0.0535401, -0.0385139, 0.278628, -0.0736244, 0.0426496, 0.506936, -0.00148208, -0.0239837, -0.077233
1618585881263870239, -0.947363, 0.0444998, -0.0380057, 0.314769, -0.0730321, 0.0440983, 0.506118, -0.00239981, -0.00503055, -0.0462519
1618585881364225864, -0.935094, 0.0385645, -0.0440425, 0.349532, -0.0717683, 0.0470473, 0.50553, 0.00910919, 0.000831363, -0.0353792
1618585881464436054, -0.920918, 0.0325893, -0.048889, 0.385303, -0.0708639, 0.0484785, 0.505358, -0.00446212, -0.0112899, -0.0360937
1618585881564574003, -0.909029, 0.0269993, -0.0560231, 0.412067, -0.0727895, 0.0482819, 0.505821, -0.0241463, -0.0221193, -0.0280553
1618585881664745569, -0.901307, 0.0244627, -0.0662003, 0.427393, -0.0755747, 0.0469777, 0.508932, -0.0166487, -0.0164098, 0.0118984
1618585881764894962, -0.897687, 0.0245044, -0.0723494, 0.433963, -0.0767144, 0.0459232, 0.515834, -0.00179247, -0.0162208, 0.0449239
1618585881864934921, -0.899342, 0.0255984, -0.0726526, 0.430406, -0.0769754, 0.0444328, 0.521692, -0.00937934, -0.0197796, 0.0483523
1618585881964915752, -0.911351, 0.0308216, -0.072532, 0.404015, -0.078581, 0.0451561, 0.529941, -0.0230061, -0.00858612, 0.0791087
1618585882064793348, -0.929941, 0.0338195, -0.0672358, 0.359924, -0.0805296, 0.050121, 0.538007, -0.0371481, 0.0110087, 0.114045
1618585882164565325, -0.948692, 0.0366361, -0.0675542, 0.306722, -0.0851296, 0.0531723, 0.555117, -0.0395738, 0.0127171, 0.163553
1618585882264232874, -0.966487, 0.0355287, -0.0660857, 0.245505, -0.0900621, 0.0588558, 0.569267, -0.0585995, 0.0379395, 0.15772
1618585882363829851, -0.980831, 0.0310752, -0.0689292, 0.179595, -0.0983172, 0.0667129, 0.576239, -0.0901482, 0.0620094, 0.094517
1618585882463576317, -0.990118, 0.0245246, -0.0682125, 0.120051, -0.106172, 0.0777893, 0.566592, -0.0781434, 0.0855736, 0.0172072
1618585882563590765, -0.994596, 0.0195198, -0.0625682, 0.0805167, -0.110324, 0.0887406, 0.548877, -0.0404724, 0.0843442, -0.0212711
1618585882663843632, -0.996244, 0.0175338, -0.058047, 0.0618199, -0.110494, 0.0981778, 0.531323, -0.00214222, 0.0729832, -0.0475035
1618585882764174223, -0.997073, 0.016369, -0.0516732, 0.0539135, -0.107483, 0.10555, 0.513182, 0.0247835, 0.0555785, -0.0697171
1618585882864387274, -0.997495, 0.0153238, -0.0483083, 0.04934, -0.104072, 0.111466, 0.500429, 0.0292937, 0.0510033, -0.0701866
1618585882964495659, -0.997865, 0.0151982, -0.044597, 0.0452388, -0.101171, 0.119325, 0.487208, 0.0304016, 0.0381843, -0.0707628
1618585883064846992, -0.99772, 0.025061, -0.0469234, 0.041521, -0.0966879, 0.130288, 0.479055, 0.0431383, 0.027204, -0.0542096
1618585883165394068, -0.996815, 0.0501358, -0.0490454, 0.0379573, -0.0931715, 0.145462, 0.477858, 0.039266, 0.0253271, -0.0630803
1618585883265921354, -0.994429, 0.0897176, -0.0465772, 0.0298649, -0.0920392, 0.156471, 0.471334, 0.0355552, 0.0322744, -0.101261
1618585883366154194, -0.989478, 0.137299, -0.0409405, 0.0201513, -0.0916773, 0.165279, 0.461486, 0.0353519, 0.0564495, -0.128953
1618585883466118574, -0.980686, 0.19054, -0.0422523, 0.0128573, -0.0891452, 0.175029, 0.455994, 0.0339867, 0.0787078, -0.129676
1618585883565797091, -0.96833, 0.245488, -0.0444836, 0.00972979, -0.0853213, 0.184468, 0.457436, 0.0317899, 0.0857815, -0.0924229
1618585883665344715, -0.952666, 0.301069, -0.0411696, 0.00950399, -0.0827945, 0.194144, 0.455796, 0.00673181, 0.112995, -0.0582569
1618585883764808178, -0.933276, 0.355559, -0.0506081, 0.00347729, -0.0816293, 0.204873, 0.460378, -0.0137769, 0.133087, -0.0219436
1618585883864218950, 0.91239, -0.405323, 0.0568884, 0.00453787, -0.0811163, 0.217525, 0.462423, -0.0106508, 0.164448, -0.0167363
1618585883963594913, 0.891445, -0.448649, 0.0626087, 0.010952, -0.0808503, 0.23152, 0.462183, -0.0144365, 0.177928, -0.0271443
1618585884063037872, 0.870564, -0.486497, 0.0720703, 0.0156485, -0.0818827, 0.243589, 0.461333, -0.0204374, 0.163774, -0.0309514
1618585884162644386, 0.850642, -0.519576, 0.0784129, 0.0173497, -0.0845882, 0.252536, 0.462245, -0.0259898, 0.144947, -0.0121937
1618585884262445211, 0.831252, -0.549603, 0.0813109, 0.0186001, -0.0881729, 0.258532, 0.460693, -0.0328203, 0.121005, -0.00122205
1618585884362405539, 0.811505, -0.576418, 0.0922708, 0.0262406, -0.0934793, 0.261428, 0.462634, -0.0353301, 0.101501, -0.00220809
1618585884462473154, 0.793339, -0.5991, 0.102019, 0.0358483, -0.0994097, 0.260738, 0.465654, -0.0448703, 0.0634322, 0.00980637
1618585884562544346, 0.777605, -0.618112, 0.106076, 0.0448985, -0.105615, 0.257851, 0.467359, -0.0505548, 0.0487256, 0.0180725
1618585884662521124, 0.76498, -0.632496, 0.11041, 0.050629, -0.110387, 0.253086, 0.468411, -0.04201, 0.00694142, 0.0155312
1618585884762519598, 0.756968, -0.642269, 0.110088, 0.0486922, -0.113432, 0.245556, 0.469423, -0.0444425, -0.0332419, 0.00931536
1618585884862514973, 0.75394, -0.646642, 0.107652, 0.0428978, -0.114808, 0.237762, 0.469982, -0.0458883, -0.0602594, 0.00170628
1618585884962505817, 0.754798, -0.646703, 0.103492, 0.0366731, -0.115672, 0.229128, 0.471264, -0.0411212, -0.0781493, -0.00822017
1618585885062424660, 0.760549, -0.641164, 0.0972934, 0.0317474, -0.114466, 0.21862, 0.469633, -0.0302688, -0.0998576, -0.00276395
1618585885162302017, 0.773012, -0.626377, 0.0948721, 0.0332302, -0.11039, 0.210754, 0.470339, -0.0189292, -0.107373, 0.0117017
1618585885262165308, 0.791211, -0.603413, 0.0926884, 0.0358702, -0.106633, 0.205146, 0.470847, -0.0153683, -0.122649, 0.034481
1618585885362028599, 0.813579, -0.572313, 0.095097, 0.0387738, -0.11204, 0.202435, 0.474307, -0.0502748, -0.125119, 0.0520906
1618585885461845875, 0.840867, -0.530112, 0.100939, 0.0416687, -0.121252, 0.197054, 0.480286, -0.0867569, -0.133403, 0.0610632
1618585885561753511, 0.870049, -0.480392, 0.102383, 0.0419192, -0.131115, 0.191839, 0.486781, -0.108342, -0.125091, 0.0664309
1618585885661764622, 0.899203, -0.423645, 0.102013, 0.0393859, -0.140773, 0.185608, 0.494788, -0.113975, -0.141626, 0.0609761
1618585885761971951, 0.925817, -0.363734, 0.0962621, 0.0359843, -0.147984, 0.176169, 0.501662, -0.0920567, -0.158152, 0.0412993
1618585885862344742, 0.949247, -0.302085, 0.0816749, 0.0316762, -0.151627, 0.163806, 0.503, -0.061766, -0.165479, 0.000109566
1618585885962852716, 0.968039, -0.240479, 0.0645322, 0.0301054, -0.149958, 0.151193, 0.498277, -0.00616842, -0.142593, -0.0375912
1618585886063389778, 0.981989, -0.180049, 0.0483088, 0.0307515, -0.14407, 0.140322, 0.48398, 0.0254629, -0.102853, -0.0566788
1618585886163826466, 0.99134, -0.11915, 0.041919, 0.0359413, -0.138233, 0.132754, 0.464669, 0.00736708, -0.0680021, -0.0609169
1618585886264113426, 0.996056, -0.0572569, 0.0510068, 0.0446406, -0.134317, 0.126184, 0.447452, -0.00510645, -0.0635727, -0.0591689
1618585886364275455, 0.996713, 0.00371209, 0.0634853, 0.0501803, -0.13165, 0.117885, 0.432051, -0.0207678, -0.0743163, -0.0572007
1618585886464316368, 0.993213, 0.0635025, 0.0819471, 0.0527286, -0.129389, 0.109255, 0.420848, -0.013229, -0.0757586, -0.0611858
1618585886564347506, 0.986835, 0.117506, 0.0966222, 0.0549002, -0.124727, 0.102284, 0.41939, 0.0282862, -0.0781499, -0.0421595
1618585886664361715, 0.980103, 0.165037, 0.0913183, 0.0618251, -0.115858, 0.0966993, 0.423726, 0.0689822, -0.0523929, -0.0135553
1618585886764384508, 0.972592, 0.207596, 0.0782614, 0.0695987, -0.102516, 0.0957575, 0.42588, 0.0939685, -0.0126508, -0.0026082
1618585886864381075, 0.964181, 0.246294, 0.0681237, 0.0710808, -0.0810386, 0.0992333, 0.42746, 0.0982371, 0.0474969, -0.00169875
1618585886964370966, 0.956104, 0.279977, 0.0549386, 0.0667875, -0.0614785, 0.109864, 0.425524, 0.0958385, 0.0823377, -0.0183596
1618585887064412117, 0.947478, 0.31064, 0.0453923, 0.0610491, -0.0480743, 0.11966, 0.418775, 0.0666561, 0.0935215, -0.0502158
1618585887164466381, 0.93843, 0.337418, 0.0440874, 0.0596238, -0.0376467, 0.131244, 0.411288, 0.0772298, 0.106622, -0.0666571
1618585887264662981, 0.931676, 0.355223, 0.0463695, 0.060392, -0.0278428, 0.140919, 0.405716, 0.103063, 0.120644, -0.0631524
1618585887364905357, 0.928135, 0.364517, 0.0491504, 0.0572456, -0.0191724, 0.149377, 0.400526, 0.103512, 0.127496, -0.0698368
1618585887464997053, 0.927012, 0.367644, 0.0503569, 0.0543291, -0.013177, 0.155359, 0.39469, 0.0922715, 0.104178, -0.0707277
1618585887564950466, 0.927801, 0.366257, 0.0484631, 0.0518854, -0.0110136, 0.158413, 0.390165, 0.066599, 0.073808, -0.0665559
1618585887664933205, 0.931378, 0.35749, 0.047323, 0.0499579, -0.0119664, 0.162432, 0.3917, 0.0464955, 0.0504972, -0.0420911
1618585887765102148, 0.939335, 0.336649, 0.0442799, 0.0485384, -0.0134295, 0.167972, 0.39476, 0.0383369, 0.0491045, -0.0342541
1618585887865357876, 0.951402, 0.302375, 0.0343605, 0.0471439, -0.0297689, 0.165778, 0.392523, 0.0022961, 0.0361848, -0.0393717
1618585887965479374, 0.964602, 0.25864, 0.0222063, 0.0464219, -0.0577688, 0.156105, 0.388686, -0.0686275, -0.0112966, -0.038284
1618585888065553188, 0.977117, 0.20705, 0.0182439, 0.045172, -0.0917541, 0.14347, 0.386198, -0.143395, -0.0437967, -0.010211
1618585888165676594, 0.988141, 0.145364, 0.0254643, 0.0424124, -0.117666, 0.133847, 0.395972, -0.168061, -0.0606833, 0.0510157
1618585888265631199, 0.995935, 0.075482, 0.0295323, 0.0392915, -0.136312, 0.126529, 0.409495, -0.141513, -0.0562564, 0.0955859
1618585888365366220, 0.999064, 0.000530193, 0.0270538, 0.0337589, -0.147677, 0.118432, 0.422523, -0.108518, -0.0647776, 0.106679
1618585888464876175, 0.996725, -0.0745626, 0.0217762, 0.022477, -0.157469, 0.10913, 0.428096, -0.101645, -0.0610815, 0.0923288
1618585888564210176, 0.988976, -0.144704, 0.0300584, 0.0091695, -0.172604, 0.0984492, 0.430802, -0.148845, -0.0433004, 0.0741802
1618585888663541317, 0.976794, -0.209019, 0.0467274, 0.00120291, -0.184629, 0.0922778, 0.444681, -0.164548, -0.0301668, 0.0709935
1618585888762970448, -0.962039, 0.267496, -0.0540751, 0.00189118, -0.195109, 0.0888898, 0.451036, -0.167272, -0.00284045, 0.0554604
1618585888862567186, 0.944208, -0.321805, 0.069965, 0.0041526, -0.206211, 0.0883905, 0.457896, -0.158644, 0.0144654, 0.066263
1618585888962362766, 0.924029, -0.372171, 0.0864716, 0.0134534, -0.213438, 0.0884743, 0.469569, -0.131093, 0.00567071, 0.0599152
1618585889062224865, 0.904089, -0.417205, 0.0910351, 0.0165977, -0.218251, 0.0867981, 0.47685, -0.112628, -0.00517393, 0.0338669
1618585889162119627, 0.884841, -0.456276, 0.0929227, 0.0153046, -0.223473, 0.0842063, 0.480977, -0.112428, -0.00719653, 0.00835528
1618585889262155533, 0.866732, -0.489387, 0.0952175, 0.0144886, -0.226908, 0.0812601, 0.485244, -0.100962, -0.00980257, 0.0119104
1618585889362335682, 0.850147, -0.518051, 0.0932741, 0.0131783, -0.231186, 0.0784605, 0.48676, -0.0895165, -0.00521508, -0.00668228
1618585889462643385, 0.834144, -0.543874, 0.0908507, 0.0123156, -0.23375, 0.0768099, 0.485461, -0.0598845, 0.00749601, -0.0331457
1618585889562812090, 0.820915, -0.563919, 0.0889553, 0.0134661, -0.235496, 0.0740634, 0.481609, -0.0440008, -0.00255295, -0.037733
1618585889662756205, 0.813466, -0.574854, 0.0869714, 0.0158612, -0.237533, 0.0720423, 0.477524, -0.0277554, -0.0167085, -0.0243143
1618585889762631416, 0.810724, -0.578873, 0.085636, 0.0172648, -0.235975, 0.0699083, 0.474274, -0.000521716, -0.0114772, -0.00429128
1618585889862470388, 0.81169, -0.576968, 0.0888523, 0.0193079, -0.23304, 0.0701074, 0.471608, 0.0219406, -0.00460844, 0.0248595
1618585889962249756, 0.818318, -0.566849, 0.0929903, 0.0197513, -0.232145, 0.071711, 0.474153, 0.00724782, -0.00171439, 0.0512056
1618585890061986923, 0.831614, -0.546748, 0.095463, 0.0192587, -0.213611, 0.0954398, 0.481902, 0.0242403, 0.0371192, 0.0711503
1618585890161746025, 0.850382, -0.516234, 0.0997259, 0.0201813, -0.199952, 0.113885, 0.490044, 0.0543566, 0.0534133, 0.0818167
1618585890261511326, 0.873694, -0.475143, 0.102569, 0.0194345, -0.18915, 0.127047, 0.497344, 0.0861715, 0.0641096, 0.0712139
1618585890361336946, 0.899783, -0.423169, 0.104824, 0.0181925, -0.178409, 0.134571, 0.503934, 0.131452, 0.0467466, 0.0467424
1618585890461433172, 0.926344, -0.362294, 0.10155, 0.0177999, -0.155072, 0.189682, 0.511048, 0.213431, 0.0983269, 0.0214712
1618585890561857700, 0.950194, -0.299371, 0.0854927, 0.01412, -0.090014, 0.279421, 0.508618, 0.31878, 0.21997, 0.00715928
1618585890662461758, 0.969449, -0.23419, 0.0722063, 0.0104952, -0.0069616, 0.345888, 0.499375, 0.392569, 0.308022, -0.0113356
1618585890763225555, 0.983062, -0.170752, 0.0661352, 0.00762862, 0.054086, 0.397174, 0.490971, 0.425987, 0.381327, -0.012663
1618585890863866806, 0.99168, -0.110098, 0.0664928, 0.00531187, 0.103613, 0.438567, 0.482759, 0.436353, 0.433254, -0.00961069
1618585890964176893, 0.99615, -0.0488494, 0.0725623, 0.00585585, 0.14089, 0.470458, 0.476987, 0.412085, 0.441525, -0.0126483
1618585891064253330, 0.996411, 0.0120344, 0.0826778, 0.0136122, 0.170026, 0.494079, 0.470622, 0.370855, 0.433913, -0.0116538
1618585891164134741, 0.992386, 0.0741127, 0.0957817, 0.0224366, 0.189977, 0.51247, 0.469045, 0.335331, 0.428977, -0.00666355
1618585891263993740, 0.985534, 0.134174, 0.099995, 0.0268673, 0.204665, 0.526925, 0.473392, 0.314659, 0.414741, 0.00617468
1618585891363894224, 0.976522, 0.191423, 0.0947477, 0.0280216, 0.21629, 0.536013, 0.477203, 0.284912, 0.34749, 0.00481048
1618585891463828325, 0.965658, 0.244581, 0.0810737, 0.033338, 0.226756, 0.538139, 0.470536, 0.256291, 0.294167, -0.0148209
1618585891563956738, 0.954521, 0.286939, 0.0706811, 0.0394808, 0.280938, 0.52174, 0.455819, 0.296261, 0.231946, -0.0502267
1618585891664275646, 0.943742, 0.322253, 0.0630212, 0.0391495, 0.27871, 0.522711, 0.447837, 0.244129, 0.181135, -0.0639139
1618585891764622927, 0.934897, 0.348358, 0.0600422, 0.0317797, 0.280603, 0.527106, 0.440926, 0.193735, 0.132079, -0.079809
1618585891865001440, 0.930092, 0.361228, 0.0612587, 0.0262961, 0.280878, 0.529532, 0.432575, 0.157894, 0.0822782, -0.0934052
1618585891965284824, 0.929889, 0.362876, 0.0529188, 0.0287503, 0.275999, 0.527234, 0.423545, 0.0844313, 0.0325253, -0.0878014
1618585892065352678, 0.931732, 0.358977, 0.0469037, 0.0284932, 0.265194, 0.522345, 0.420887, 0.0163853, -0.0342481, -0.0591715
1618585892165182114, 0.934663, 0.351163, 0.0491145, 0.0260213, 0.250837, 0.513921, 0.424536, -0.0442032, -0.0894104, -0.0316535
1618585892264897823, 0.938441, 0.339936, 0.0569182, 0.0230575, 0.235458, 0.503482, 0.429501, -0.0846189, -0.130677, -0.0104751
1618585892364575148, 0.944025, 0.323633, 0.0600745, 0.0216813, 0.219704, 0.491007, 0.43341, -0.109715, -0.165692, -0.00575273
1618585892464297533, 0.951628, 0.299759, 0.0641918, 0.0206777, 0.19142, 0.46427, 0.435908, -0.152361, -0.195759, 0.00698649
1618585892564237833, 0.961815, 0.263738, 0.0702341, 0.0205332, 0.114166, 0.376378, 0.439319, -0.250672, -0.344739, 0.0136661
1618585892664208174, 0.972652, 0.220962, 0.0680945, 0.0220928, 0.026817, 0.275958, 0.441811, -0.355269, -0.501886, 0.0194708
1618585892764156818, 0.981973, 0.175837, 0.06624, 0.0205699, -0.0473219, 0.191932, 0.447089, -0.460608, -0.603744, 0.0297964
1618585892864176989, 0.989212, 0.12785, 0.0688885, 0.0191865, -0.109545, 0.121667, 0.456318, -0.529751, -0.672354, 0.0356856
1618585892964223146, 0.995201, 0.0774338, 0.0565745, 0.0194737, -0.161059, 0.0651222, 0.46477, -0.566833, -0.694852, 0.0299326
1618585893064285278, 0.998934, 0.0243556, 0.035364, 0.0169329, -0.201038, 0.021184, 0.466011, -0.552475, -0.683906, 0.00470069
1618585893164302111, 0.99939, -0.0285303, 0.0148496, 0.0136217, -0.22957, -0.0129896, 0.462329, -0.527816, -0.648271, -0.0388451
1618585893263849735, 0.997612, -0.0678488, -0.00578159, 0.0115605, -0.256884, -0.0432461, 0.448051, -0.564196, -0.61229, -0.0685173
1618585893362988710, 0.996104, -0.0870263, -0.00709692, 0.012383, -0.28022, -0.0634969, 0.4334, -0.570962, -0.539013, -0.0540502
1618585893462306499, 0.995214, -0.096269, 0.00370826, 0.0163515, -0.295188, -0.0733676, 0.42738, -0.493028, -0.468457, -0.0134024
1618585893561991215, 0.99457, -0.10159, 0.0079768, 0.021107, -0.299089, -0.076068, 0.423776, -0.391501, -0.401903, 0.0220839
1618585893661888838, 0.994354, -0.10275, 0.0115302, 0.0238641, -0.296927, -0.0708797, 0.421688, -0.323115, -0.320074, 0.0375529
1618585893762052774, 0.994451, -0.100229, 0.0203354, 0.0246715, -0.287869, -0.0606463, 0.429585, -0.257584, -0.238483, 0.0363626
1618585893862426043, 0.995034, -0.0955522, 0.0161386, 0.0227158, -0.275187, -0.0457386, 0.438392, -0.1662, -0.176649, 0.0351963
1618585893962837696, 0.995721, -0.0899026, 0.00151016, 0.0213286, -0.253397, -0.0316192, 0.450477, -0.0708797, -0.124439, 0.0398577
1618585894063251734, 0.995926, -0.0849129, -0.0232412, 0.0195266, -0.230934, -0.0156944, 0.465544, -0.00429848, -0.0688236, 0.0434515
1618585894163674355, 0.99482, -0.080528, -0.0600382, 0.0156258, -0.207137, 0.00158826, 0.475079, 0.0533174, -0.0181025, 0.0293578
1618585894264077663, 0.991493, -0.0769423, -0.104351, 0.0115418, -0.186535, 0.0198508, 0.473566, 0.103234, 0.0153507, -0.000751492
1618585894364325047, 0.987304, -0.0746946, -0.140015, 0.00689325, -0.162714, 0.0366964, 0.469931, 0.14258, 0.0523482, -0.0106237
1618585894464486599, -0.982189, 0.073277, 0.173016, 0.000171654, -0.141996, 0.0538095, 0.464407, 0.170634, 0.0871953, -0.0162778
1618585894564424038, -0.976847, 0.0725471, 0.201155, 0.00655739, -0.123867, 0.0697534, 0.461889, 0.181644, 0.110737, -0.0175164
1618585894664249182, -0.969368, 0.0723276, 0.234446, 0.0113403, -0.105906, 0.083432, 0.460536, 0.19201, 0.125059, -0.0378405
1618585894764117002, -0.95865, 0.0724076, 0.274759, 0.0159707, -0.0830882, 0.10495, 0.445421, 0.213054, 0.157381, -0.0775702
1618585894863957167, -0.947055, 0.0717237, 0.312266, 0.0207994, -0.064859, 0.12643, 0.427336, 0.222857, 0.189389, -0.0970003
1618585894963940144, -0.936036, 0.0704957, 0.34389, 0.0246153, -0.0509958, 0.14411, 0.412654, 0.225809, 0.206515, -0.0983904
1618585895064043045, -0.92515, 0.0678089, 0.372492, 0.0273645, -0.041657, 0.159843, 0.419128, 0.224727, 0.22325, -0.0631949
1618585895164242506, -0.915728, 0.0660988, 0.395401, 0.0270495, -0.0345406, 0.173411, 0.431622, 0.234515, 0.237128, -0.0155417
1618585895264336824, -0.913912, 0.0641747, 0.400004, 0.0253575, -0.0286453, 0.18359, 0.446668, 0.227955, 0.226688, 0.0618433
1618585895364315987, -0.915274, 0.0603347, 0.397487, 0.0252333, -0.0244868, 0.190377, 0.463603, 0.22733, 0.215602, 0.127825
1618585895464364290, -0.918012, 0.0585058, 0.391397, 0.0252757, -0.0100536, 0.201964, 0.464728, 0.233644, 0.219007, 0.157527
1618585895564413071, -0.935049, 0.0559695, 0.34943, 0.0211811, -0.00974031, 0.207746, 0.455183, 0.174404, 0.204115, 0.179736
1618585895664474726, -0.956285, 0.0538246, 0.286903, 0.0175862, -0.0124112, 0.211976, 0.447741, 0.150207, 0.181346, 0.167514
1618585895764552355, -0.973734, 0.0535915, 0.220746, 0.0155189, -0.0167548, 0.213618, 0.43728, 0.123779, 0.166501, 0.142967
1618585895864637375, -0.987575, 0.0549043, 0.14664, 0.0133418, -0.0212962, 0.212802, 0.423679, 0.106716, 0.142291, 0.113258
1618585895964651108, -0.996014, 0.0572443, 0.0676072, 0.0103788, -0.0258579, 0.208795, 0.419793, 0.0902409, 0.115614, 0.0863224
1618585896064525366, -0.998258, 0.0585225, -0.00309578, 0.00681031, -0.03207, 0.202845, 0.414672, 0.0598071, 0.0875984, 0.0241287
1618585896164341688, -0.995288, 0.058537, -0.0772764, 0.00177046, -0.0412379, 0.194156, 0.417742, 0.0267932, 0.0677176, -0.0238451
1618585896264113665, 0.987393, -0.0576015, 0.147382, 0.00405188, -0.0517293, 0.184539, 0.421939, 0.0174305, 0.0521451, -0.0725088
1618585896363946676, 0.979494, -0.0568758, 0.193026, 0.00985433, -0.0600217, 0.174944, 0.421768, 0.0279742, 0.0277696, -0.105992
1618585896463941336, 0.972286, -0.0561581, 0.226513, 0.0140974, -0.0657885, 0.166105, 0.417347, 0.0298867, 0.0124202, -0.125856
1618585896563954592, 0.965078, -0.0544763, 0.255697, 0.0165927, -0.0719669, 0.157973, 0.411017, 0.0109342, -0.00115884, -0.140771
1618585896664021730, 0.957243, -0.0533417, 0.283759, 0.0179383, -0.0763611, 0.150839, 0.400323, 0.0162464, -0.0162059, -0.165644
1618585896764095306, 0.949996, -0.0525459, 0.307162, 0.0199567, -0.074221, 0.14945, 0.37665, 0.0272178, -0.0258591, -0.191472
1618585896864179134, 0.942362, -0.0512033, 0.329789, 0.0238891, -0.0722326, 0.147772, 0.356247, 0.0313395, -0.0328155, -0.21376
1618585896964308023, 0.939345, -0.0505251, 0.338295, 0.0252125, -0.0697265, 0.145493, 0.337662, 0.0453079, -0.0392217, -0.22498
1618585897064608574, 0.936935, -0.0509388, 0.344921, 0.0242269, -0.0680729, 0.142765, 0.32364, 0.0425693, -0.0437408, -0.214571
1618585897164899349, 0.932011, -0.0517461, 0.357944, 0.02353, -0.0684066, 0.139852, 0.313933, 0.0339739, -0.0483719, -0.197026
1618585897265121460, 0.926608, -0.0524005, 0.371601, 0.0237635, -0.0682648, 0.13675, 0.306704, 0.0391132, -0.0571396, -0.183538
1618585897365268230, 0.925654, -0.0533893, 0.373832, 0.0237446, -0.0681225, 0.133637, 0.301981, 0.047204, -0.0532927, -0.173978
1618585897465317488, 0.924844, -0.0543054, 0.375632, 0.0247956, -0.0681214, 0.13178, 0.29873, 0.0457051, -0.0456124, -0.166686
1618585897565329075, 0.928011, -0.0542804, 0.367734, 0.0249139, -0.0675985, 0.130158, 0.297352, 0.0376855, -0.0496164, -0.135245
1618585897665379763, 0.937091, -0.0532714, 0.344278, 0.022261, -0.0687167, 0.128706, 0.301403, 0.0283477, -0.0444211, -0.082821
1618585897765449286, 0.945763, -0.0518454, 0.320128, 0.0190178, -0.0716284, 0.12756, 0.312539, 0.0260323, -0.0423686, -0.033198
1618585897865449667, 0.956963, -0.0486402, 0.285703, 0.015139, -0.0767549, 0.127088, 0.332216, 0.0101359, -0.0326666, 0.0180307
1618585897965470552, 0.970129, -0.0453875, 0.238006, 0.0119832, -0.0825558, 0.126339, 0.356114, 0.0170585, -0.0326162, 0.0523339
1618585898065494776, 0.98097, -0.0423183, 0.189207, 0.0104101, -0.0880628, 0.124948, 0.379653, 0.00338338, -0.0334196, 0.0701943
1618585898165441513, 0.987363, -0.0388835, 0.153283, 0.0103404, -0.0962015, 0.125073, 0.408666, -0.0195662, -0.0328645, 0.0960037
1618585898265394211, 0.993159, -0.0359821, 0.110715, 0.00910065, -0.103274, 0.124942, 0.438616, -0.0165066, -0.0422526, 0.113929
1618585898365425110, 0.997505, -0.0347036, 0.0608885, 0.00854541, -0.105107, 0.121476, 0.453967, -0.0143616, -0.0423078, 0.103169
1618585898465503454, 0.999174, -0.0336483, 0.0209396, 0.0089497, -0.107406, 0.118339, 0.462473, -0.0234632, -0.0404752, 0.098408
1618585898565587044, 0.999349, -0.0321282, -0.0145009, 0.00770296, -0.10769, 0.114067, 0.467026, -0.00786344, -0.0481048, 0.0979035
1618585898665711880, 0.998051, -0.0311547, -0.0537503, 0.00583241, -0.105478, 0.110506, 0.472322, 0.0158636, -0.0444234, 0.0980813
1618585898765676737, 0.994871, -0.0300601, -0.09645, 0.00498721, -0.10108, 0.10699, 0.47509, 0.0308393, -0.0492863, 0.089599
1618585898865544081, 0.990009, -0.0283562, -0.137999, 0.00582993, -0.0964144, 0.103593, 0.472425, 0.0351059, -0.0505437, 0.0756843
1618585898965356112, 0.984227, -0.026945, -0.17468, 0.00769309, -0.0914424, 0.100979, 0.469837, 0.0483214, -0.0506307, 0.0624779
1618585899065115213, 0.976717, -0.0263091, -0.212684, 0.00991087, -0.0859322, 0.0985888, 0.462498, 0.058524, -0.0459355, 0.0343418
1618585899164810896, 0.969097, -0.0257387, -0.245061, 0.0115168, -0.0822097, 0.0973606, 0.450827, 0.0542675, -0.0441551, 0.0120835
1618585899264517069, 0.961677, -0.0247171, -0.272854, 0.0108471, -0.0788755, 0.0967981, 0.440147, 0.0526933, -0.0411154, -0.00318332
1618585899364252567, 0.952325, -0.0238394, -0.30406, 0.00743478, -0.077564, 0.0976531, 0.424655, 0.0541981, -0.0340439, -0.0254164
1618585899464096069, 0.945728, -0.0233274, -0.324096, 0.0040818, -0.076771, 0.0992804, 0.413211, 0.044364, -0.0248774, -0.0198052
1618585899564108372, 0.940966, -0.0228648, -0.337725, 0.00147213, -0.0768808, 0.101492, 0.405289, 0.0329541, -0.0262824, -0.0129453
1618585899664271116, 0.936991, -0.0230697, -0.34859, 0.00056674, -0.0781591, 0.103237, 0.398031, 0.0267883, -0.0231103, -0.00974301
1618585899764508486, 0.932841, -0.0234846, -0.359522, 0.000439263, -0.0798764, 0.105132, 0.392054, 0.0199601, -0.0156344, -0.00696606
1618585899864818573, -0.930395, 0.024085, 0.365766, 1.30136e-05, -0.0801701, 0.108191, 0.384438, 0.014138, -0.0040376, -0.00147183
1618585899965061426, -0.932747, 0.0240985, 0.359724, 0.000594072, -0.0820562, 0.111272, 0.377914, 0.000660259, -0.00221949, 0.0258583
1618585900065274954, -0.942153, 0.0228688, 0.334398, 0.00181313, -0.0859125, 0.114491, 0.378506, -0.021399, -0.000478925, 0.0574652
1618585900165426493, -0.960268, 0.021455, 0.278242, 0.00233074, -0.0950337, 0.116142, 0.386312, -0.0401265, -0.000540371, 0.0820449
1618585900265512466, -0.977403, 0.0212058, 0.210302, 0.00247713, -0.102157, 0.115244, 0.407239, -0.0231755, -0.0115365, 0.106156
1618585900365517855, -0.989001, 0.0220372, 0.146249, 0.00163816, -0.106481, 0.11578, 0.404644, -0.0171486, -0.00420816, 0.0959068
1618585900465440989, 0.996741, -0.0244008, -0.0768578, 0.00221039, -0.108381, 0.115596, 0.399111, -0.00655902, -0.00545303, 0.0747463
1618585900565293074, 0.99958, -0.0272115, 0.00341277, 0.00938648, -0.110787, 0.115408, 0.397806, -0.0182014, 0.0014408, 0.0376135
1618585900665092707, 0.996309, -0.0292981, 0.0788122, 0.0172541, -0.114018, 0.114971, 0.400772, -0.0236549, 0.00629159, -0.00671559
1618585900764826536, 0.989112, -0.0287037, 0.142595, 0.0223844, -0.119127, 0.114464, 0.40378, -0.056008, 0.0131676, -0.0214678
1618585900864623308, 0.976986, -0.0278545, 0.209921, 0.0256019, -0.125606, 0.113131, 0.406036, -0.0577992, 0.000743759, -0.0373546
1618585900964582920, 0.966278, -0.0291305, 0.254598, 0.0252495, -0.129004, 0.110112, 0.404294, -0.0307411, -0.0221991, -0.06034
1618585901064643383, 0.957105, -0.0329095, 0.2868, 0.0247485, -0.130784, 0.107209, 0.397853, -0.0320826, -0.0221701, -0.0886312
1618585901164662600, 0.943082, -0.0372231, 0.329404, 0.0265332, -0.132792, 0.105162, 0.38799, -0.0367506, -0.0180273, -0.117294
1618585901264774323, 0.927996, -0.0425668, 0.369041, 0.0286357, -0.129022, 0.108472, 0.366405, -0.00959659, -0.0139357, -0.15497
1618585901364893198, 0.919115, -0.0465992, 0.389984, 0.031133, -0.123438, 0.11094, 0.346538, 0.0139393, -0.00179557, -0.160059
1618585901465032816, 0.909995, -0.0486777, 0.410502, 0.0320484, -0.117956, 0.114359, 0.329536, 0.0121251, 0.0148572, -0.158833
1618585901565134287, 0.907662, -0.0481584, 0.415921, 0.0289871, -0.112122, 0.11741, 0.316162, 0.0448034, 0.0141735, -0.143117
1618585901665224075, 0.910346, -0.0473877, 0.410339, 0.0254319, -0.106148, 0.120144, 0.308483, 0.0613795, 0.0259961, -0.111905
1618585901765314817, 0.913433, -0.0454881, 0.403718, 0.0241271, -0.102173, 0.122827, 0.305095, 0.0524101, 0.0258703, -0.0935018
1618585901865413904, 0.914792, -0.0431146, 0.400923, 0.0236215, -0.0993418, 0.125062, 0.30509, 0.0463398, 0.0240964, -0.0474191
1618585901965511084, 0.918998, -0.0414084, 0.391515, 0.0210536, -0.0981444, 0.126105, 0.310995, 0.0402257, 0.00827592, 0.00567187
1618585902065474987, 0.927831, -0.03982, 0.370501, 0.0165415, -0.099178, 0.125067, 0.324812, 0.0360992, -0.0104176, 0.0647897
1618585902165362835, 0.939327, -0.0383926, 0.340604, 0.0134083, -0.104476, 0.122672, 0.346967, 0.00651916, -0.0152143, 0.105618
1618585902265271902, 0.950677, -0.0360467, 0.30783, 0.0124337, -0.112576, 0.11989, 0.370516, -0.0215461, -0.016706, 0.120116
1618585902365208626, 0.962983, -0.0332486, 0.267267, 0.0112846, -0.124794, 0.116156, 0.400711, -0.0261222, -0.017629, 0.132292
1618585902465256691, 0.975007, -0.0319472, 0.219669, 0.00933064, -0.134523, 0.112125, 0.427639, -0.0137918, -0.021282, 0.126203
1618585902565339088, 0.98458, -0.0309747, 0.172036, 0.00685567, -0.143351, 0.108622, 0.462653, -0.0127959, -0.025826, 0.127764
1618585902665404320, 0.992945, -0.0300357, 0.114646, 0.00368108, -0.148846, 0.105874, 0.487917, -0.00216318, -0.0272879, 0.114642
1618585902765520096, 0.998012, -0.0293686, 0.0557575, 0.00119818, -0.149322, 0.100893, 0.503473, 0.0076394, -0.0221414, 0.0930848
1618585902865653515, -0.999584, 0.0288145, 0.00107332, 0.000271775, -0.147785, 0.0971597, 0.504668, 0.0181046, -0.0206384, 0.0728307
1618585902965741158, -0.998353, 0.0278177, 0.0501341, 0.00180761, -0.144674, 0.0926173, 0.500477, 0.0259128, -0.0241638, 0.0570835
1618585903065691471, -0.995466, 0.0257482, 0.0914973, 0.0034989, -0.13991, 0.0887363, 0.499987, 0.0314149, -0.0218818, 0.0531539
1618585903165608644, -0.989773, 0.0230362, 0.140671, 0.00555524, -0.13498, 0.0855745, 0.491494, 0.0427951, -0.0207202, 0.0345216
1618585903265498400, -0.98387, 0.021128, 0.177599, 0.00354143, -0.129185, 0.0836916, 0.482521, 0.0498187, -0.0281032, 0.0178814
1618585903365295172, -0.976383, 0.0200066, 0.215115, 0.000910716, -0.12381, 0.0814516, 0.474179, 0.0518488, -0.0324852, 0.00129955
1618585903465089798, 0.966328, -0.0200831, -0.256522, 0.00174591, -0.119511, 0.0797683, 0.460604, 0.0461346, -0.0324772, -0.0309751
1618585903564850330, 0.957024, -0.0198346, -0.289296, 0.00438969, -0.118718, 0.0790801, 0.444427, 0.0230453, -0.0359417, -0.0550141
1618585903664604664, 0.946866, -0.019118, -0.321023, 0.00478432, -0.11979, 0.0785762, 0.426869, 0.0122607, -0.0344218, -0.0825709
1618585903764578342, 0.938079, -0.0194898, -0.345823, 0.0058126, -0.121376, 0.0794675, 0.410733, 0.000601061, -0.0290831, -0.100873
1618585903864610910, 0.931184, -0.0197739, -0.363949, 0.00676481, -0.122634, 0.0800551, 0.39506, -0.00990723, -0.0296374, -0.113223
1618585903964706898, 0.925363, -0.0200686, -0.378499, 0.00618425, -0.123729, 0.0812993, 0.379672, -0.00239938, -0.0244583, -0.110089
1618585904064893961, 0.92255, -0.020732, -0.38529, 0.00493868, -0.123479, 0.082572, 0.368704, 0.00311521, -0.0256088, -0.0813366
1618585904165112972, 0.920569, -0.0209066, -0.390005, 0.00342335, -0.123461, 0.08359, 0.36214, 0.00401743, -0.0216789, -0.0617463
1618585904265390873, 0.919748, -0.0219481, -0.391875, 0.00392119, -0.123617, 0.085151, 0.357337, 0.00696254, -0.0120714, -0.0518617
1618585904365639925, 0.921177, -0.0231376, -0.388419, 0.00530153, -0.127257, 0.0884245, 0.352256, -0.000799953, -0.00518463, -0.029772
1618585904465802908, 0.934398, -0.0228871, -0.355431, 0.00672831, -0.1352, 0.0897512, 0.357293, -0.0139432, -0.00808432, 0.0320813
1618585904565840721, 0.955565, -0.0213172, -0.293948, 0.00601244, -0.140632, 0.0911138, 0.366501, -0.0322974, -0.0119335, 0.0734181
1618585904665780783, 0.974302, -0.0203469, -0.224277, 0.00471494, -0.14521, 0.0913026, 0.371272, -0.0423371, -0.0131876, 0.0593521
1618585904765658617, 0.987174, -0.0198381, -0.158349, 0.00442612, -0.148366, 0.0905516, 0.367837, -0.0437759, -0.0076639, 0.0257448
1618585904865418911, 0.996293, -0.0196628, -0.0836103, 0.00483071, -0.150555, 0.0909676, 0.364684, -0.0453737, 0.00273076, 0.0119155
1618585904965227604, 0.999746, -0.0206148, -0.00764226, 0.00491372, -0.153018, 0.0921811, 0.367967, -0.0368927, 0.0119925, 0.0109026
1618585905065053225, 0.997619, -0.0225466, 0.0648389, 0.0065972, -0.155045, 0.0932011, 0.383294, -0.0252727, 0.0133722, -0.00413219
1618585905164863825, 0.994076, -0.0234107, 0.10565, 0.0101746, -0.156179, 0.0936254, 0.399484, -0.0174992, 0.00660424, -0.0256307
1618585905264712334, 0.992372, -0.0224082, 0.120498, 0.013276, -0.157563, 0.094698, 0.417724, -0.027535, 0.0113949, -0.0182924
1618585905364692211, 0.993137, -0.0226415, 0.114215, 0.0110137, -0.156795, 0.0962801, 0.430019, 0.00264103, 0.00974637, -0.0151075
1618585905464756250, 0.994295, -0.0249063, 0.103535, 0.00621432, -0.153685, 0.0968434, 0.436639, -0.00119263, 0.00385474, -0.0185246
1618585905564776182, 0.995349, -0.025713, 0.0928209, 0.00176737, -0.152573, 0.0963619, 0.438324, -0.0231021, -0.00105835, -0.0167966
1618585905664708138, -0.995752, 0.0255818, -0.0884302, 0.00186955, -0.152971, 0.096063, 0.440912, -0.0294911, 0.00193199, 0.00897962
1618585905764595032, -0.995951, 0.0256424, -0.0860371, 0.00474472, -0.152923, 0.0959912, 0.447817, -0.0262824, 0.00141685, 0.0597628
1618585905864414930, -0.996357, 0.025484, -0.0810506, 0.00740977, -0.152389, 0.0961799, 0.461094, -0.0196859, -0.00132504, 0.14598
1618585905964189529, -0.997042, 0.0259962, -0.0717847, 0.00886972, -0.149479, 0.0958178, 0.479778, 0.00584126, -0.0233091, 0.281777
1618585906064025402, -0.99749, 0.0287242, -0.0644951, 0.00546499, -0.144579, 0.0937369, 0.508075, 0.0172098, -0.0386127, 0.395471
1618585906163974047, 0.997401, -0.033622, 0.0635679, 0.00444815, -0.139139, 0.093168, 0.532659, 0.0134718, -0.0369517, 0.435329
1618585906264021873, 0.997576, -0.0397886, 0.0548864, 0.0157003, -0.134729, 0.0919654, 0.560282, 0.0176484, -0.0288373, 0.434234
1618585906364035130, 0.997157, -0.0455398, 0.0542484, 0.0257169, -0.132934, 0.0918944, 0.591149, -0.00559563, -0.0166617, 0.408563
1618585906464033127, 0.996277, -0.0506479, 0.0622153, 0.0315751, -0.133742, 0.0927914, 0.628174, -0.0124825, -0.0091486, 0.388144
1618585906564033508, 0.995976, -0.0554743, 0.0616342, 0.0339812, -0.133426, 0.0931495, 0.66387, 0.00631978, -0.023564, 0.38715
1618585906664102077, 0.9955, -0.0625967, 0.0600534, 0.0381572, -0.131357, 0.0923784, 0.695862, 0.0249666, -0.0257539, 0.354352
1618585906764222383, 0.995079, -0.0709845, 0.0565683, 0.0397478, -0.130254, 0.0921726, 0.721788, 0.00312241, 0.00993629, 0.270435
1618585906864142418, 0.994152, -0.0753705, 0.0669862, 0.0386481, -0.132288, 0.0952445, 0.736457, -0.0229394, 0.0274465, 0.133042
1618585906963969946, 0.992875, -0.076484, 0.0828671, 0.0384914, -0.136555, 0.100378, 0.741115, -0.0344112, 0.0466924, -0.0380173
1618585907063822269, 0.992175, -0.0748037, 0.0928498, 0.0370512, -0.139716, 0.105321, 0.730936, -0.00568117, 0.039153, -0.209318
1618585907163714886, 0.993116, -0.0722411, 0.0869837, 0.0305785, -0.139112, 0.10731, 0.704234, 0.0259407, 0.0233065, -0.340051
1618585907263589144, 0.994313, -0.0682802, 0.0790469, 0.020749, -0.137146, 0.106888, 0.666397, 0.0324184, 0.00330168, -0.446182
1618585907363590479, 0.99541, -0.0634276, 0.0707296, 0.0115213, -0.134086, 0.103011, 0.615562, 0.0346126, -0.0212625, -0.506394
1618585907463729382, 0.995905, -0.0580951, 0.0689958, 0.0060683, -0.136503, 0.0979288, 0.576216, -0.0180176, -0.00895725, -0.490611
1618585907563909292, 0.995168, -0.0520917, 0.0831463, 0.00368655, -0.144042, 0.093321, 0.542923, -0.049297, 0.0120086, -0.462782
1618585907664061546, 0.994491, -0.0474921, 0.0934088, 0.00259265, -0.151584, 0.0906679, 0.513341, -0.0419632, 0.0115354, -0.40576
1618585907764230967, 0.99411, -0.0456695, 0.0982549, 0.00223738, -0.156834, 0.0891738, 0.487887, -0.0188898, 0.0130313, -0.35324
1618585907864382029, 0.993641, -0.0445872, 0.103391, 3.3824e-05, -0.160732, 0.0886497, 0.467199, -0.0219061, 0.0084405, -0.334938
1618585907964392662, -0.993444, 0.0423666, -0.10616, 0.0020007, -0.164449, 0.0884925, 0.447453, -0.0114907, -0.00581135, -0.34148
1618585908064390659, -0.994491, 0.0409859, -0.0964301, 0.00311528, -0.165771, 0.0879842, 0.422395, 0.00306599, -0.0160109, -0.321326
1618585908164380789, -0.995187, 0.0407409, -0.0889387, 0.00581037, -0.166527, 0.0871384, 0.394931, -0.00763072, -0.0135874, -0.277475
1618585908264270306, -0.994516, 0.0406248, -0.0959805, 0.00871498, -0.168422, 0.0877938, 0.37051, -0.0166772, -0.0048011, -0.253764
1618585908364140511, -0.99462, 0.0398048, -0.0950227, 0.0108146, -0.170393, 0.088761, 0.343206, -0.0214308, -0.00232462, -0.234779
1618585908464002132, -0.994381, 0.0391291, -0.0976496, 0.0118036, -0.172485, 0.0898516, 0.322868, -0.0225308, -0.00444088, -0.149169
1618585908563911438, -0.994567, 0.0389162, -0.0954456, 0.0145469, -0.173345, 0.0912975, 0.30827, -0.0120264, 0.000211287, -0.0852173
1618585908663908958, -0.994617, 0.038291, -0.0948653, 0.016484, -0.173713, 0.0930795, 0.301454, -0.0140432, -0.0104415, 0.0185004
1618585908763947487, -0.9943, 0.0367425, -0.0988748, 0.0155274, -0.17286, 0.0928297, 0.302683, -0.00590828, -0.0358435, 0.0945561
1618585908863958597, -0.995019, 0.0351113, -0.0924464, 0.012594, -0.166717, 0.0945498, 0.286618, 0.00585808, -0.0249277, 0.116264
1618585908964005709, -0.996012, 0.0339146, -0.0820127, 0.00916825, -0.162112, 0.0967775, 0.285252, 0.0068063, -0.0220819, 0.185057
1618585909064126253, -0.997484, 0.0335756, -0.0620973, 0.00644181, -0.157445, 0.0992429, 0.294462, 0.0260879, -0.0220354, 0.20929
1618585909164317846, -0.998752, 0.0343598, -0.0362527, 0.00039711, -0.153405, 0.102677, 0.307826, 0.0170472, -0.0089682, 0.230721
1618585909264415979, 0.995747, -0.0342898, 0.0853836, 0.00459106, -0.153378, 0.104047, 0.348884, 0.0156199, -0.027156, 0.335025
1618585909364494324, -0.994541, 0.0363942, -0.0977947, 0.000604602, -0.151885, 0.105045, 0.392282, 0.0155443, -0.00257321, 0.399011
1618585909464406252, -0.993449, 0.0377524, -0.107782, 0.00399905, -0.151365, 0.107258, 0.449366, 0.0105721, -0.0145638, 0.498488
1618585909564204216, -0.993902, 0.0388933, -0.103167, 0.00169153, -0.148754, 0.107008, 0.502314, 0.0219744, -0.0527481, 0.525843
1618585909664052725, 0.993854, -0.0430564, 0.101859, 0.00492532, -0.146316, 0.10381, 0.548736, 0.0127108, -0.0500576, 0.526733
1618585909763966560, 0.993133, -0.0495201, 0.104952, 0.0147947, -0.143355, 0.104666, 0.589544, 0.0146612, -0.0506939, 0.48992
1618585909863943100, 0.993771, -0.0562294, 0.0926635, 0.0259108, -0.139516, 0.103816, 0.628129, 0.0270656, -0.0533014, 0.45051
1618585909964065313, 0.994348, -0.0653295, 0.0767774, 0.0332982, -0.135919, 0.0998939, 0.657771, 0.0174846, -0.0543384, 0.392773
1618585910064140797, 0.993825, -0.0709887, 0.0780584, 0.0343343, -0.135478, 0.0958231, 0.679378, -0.0178806, -0.0507628, 0.309104
1618585910164082766, 0.992925, -0.0734111, 0.0870537, 0.0336627, -0.137735, 0.0930442, 0.698852, -0.0263735, -0.0302721, 0.248415
1618585910264104128, 0.992169, -0.0765156, 0.0933672, 0.0320742, -0.139429, 0.0923043, 0.71399, -0.0112102, -0.0121391, 0.20258
1618585910364214897, 0.990747, -0.0797931, 0.10567, 0.0297725, -0.139294, 0.0930759, 0.725905, 0.00790647, 0.0140805, 0.13198
1618585910464242935, 0.9899, -0.082082, 0.11244, 0.0267944, -0.138261, 0.0960745, 0.735837, 0.0240238, 0.0400588, 0.0634301
1618585910564214230, 0.989272, -0.0847446, 0.116156, 0.0258322, -0.136194, 0.100729, 0.738702, 0.0319583, 0.0538717, -0.0664586
1618585910664130211, 0.988893, -0.0847647, 0.119451, 0.025225, -0.134164, 0.106183, 0.727946, 0.0382016, 0.0622389, -0.238513
1618585910764090300, 0.989856, -0.082937, 0.113364, 0.021332, -0.130229, 0.110782, 0.704192, 0.0676898, 0.056355, -0.360438
1618585910864040852, 0.991605, -0.0812365, 0.0993353, 0.015868, -0.123987, 0.114756, 0.670287, 0.0793353, 0.0654969, -0.44461
1618585910963957548, 0.993057, -0.0774565, 0.0878586, 0.0109221, -0.117659, 0.119027, 0.628152, 0.072812, 0.0731409, -0.480112
1618585911063898802, 0.99435, -0.0722165, 0.077569, 0.00602197, -0.112983, 0.124136, 0.580106, 0.0504285, 0.0885942, -0.511453
1618585911163934708, 0.995193, -0.0656281, 0.0725589, 0.00439466, -0.110542, 0.129862, 0.528585, 0.0273168, 0.0982643, -0.524187
1618585911264171362, 0.995188, -0.0585576, 0.0784003, 0.00496892, -0.109806, 0.136695, 0.478075, 0.0216568, 0.103585, -0.520842
1618585911364431858, 0.995074, -0.0512705, 0.0846585, 0.00573986, -0.109334, 0.143178, 0.431767, 0.022234, 0.0898304, -0.501587
1618585911464604139, 0.995229, -0.045663, 0.0860183, 0.00592938, -0.108765, 0.147086, 0.385695, 0.0179215, 0.0618356, -0.495492
1618585911564709902, 0.994934, -0.0413113, 0.0915146, 0.00488011, -0.108925, 0.148032, 0.340914, 0.00848048, 0.025331, -0.483702
1618585911664729357, 0.994827, -0.0401243, 0.093318, 0.000735034, -0.109239, 0.146414, 0.297909, 0.00480214, -0.00301577, -0.478668
1618585911764628410, -0.995018, 0.0411218, -0.0907241, 0.00410428, -0.110333, 0.143156, 0.256031, -0.00927057, -0.0276516, -0.479916
1618585911864504337, -0.995233, 0.0433377, -0.0870282, 0.0077409, -0.11303, 0.139274, 0.215856, -0.0284157, -0.0301154, -0.456527
1618585911964363098, -0.995249, 0.0458327, -0.0855686, 0.00750416, -0.117, 0.136513, 0.1826, -0.0297619, -0.0243227, -0.396596
1618585912064160109, -0.99539, 0.0465977, -0.0836808, 0.00505179, -0.119833, 0.135668, 0.152892, -0.0282083, -0.0153344, -0.322531
1618585912163921356, -0.995706, 0.0446397, -0.0809944, 0.00397295, -0.122198, 0.135834, 0.133095, -0.0349846, -0.0155385, -0.202986
1618585912263793945, -0.99587, 0.0413285, -0.0806816, 0.00510483, -0.12477, 0.135887, 0.125628, -0.0263732, -0.0191302, -0.0724816
1618585912363868475, -0.995938, 0.0392146, -0.0807876, 0.00659599, -0.125903, 0.135658, 0.130616, -0.008235, -0.0287331, 0.0526096
1618585912464021206, -0.9961, 0.0381065, -0.0794168, 0.0050203, -0.126169, 0.134498, 0.146231, -0.0137396, -0.0425763, 0.180927
1618585912564140081, -0.996072, 0.0369741, -0.0803301, 0.00463281, -0.128581, 0.132475, 0.178196, -0.026478, -0.0554969, 0.316154
1618585912664299250, -0.996008, 0.0372614, -0.0810395, 0.00354559, -0.131609, 0.130151, 0.226537, -0.0161599, -0.0612441, 0.452548
1618585912764362812, -0.996435, 0.0389716, -0.0748232, 0.000150174, -0.132787, 0.127723, 0.281763, -0.0067703, -0.0660555, 0.560251
1618585912864300013, 0.996153, -0.0403794, 0.0774843, 0.00665167, -0.134062, 0.124762, 0.346189, -0.0218948, -0.0733139, 0.657686
1618585912964160919, 0.995973, -0.0414956, 0.078588, 0.0118504, -0.13653, 0.122537, 0.415622, -0.0419355, -0.0595419, 0.707619
1618585913064106464, 0.995778, -0.0439941, 0.0790772, 0.0153952, -0.139299, 0.121311, 0.479667, -0.0425559, -0.0562501, 0.699712
1618585913164075375, 0.994941, -0.0481133, 0.0857503, 0.0205984, -0.142698, 0.120533, 0.540737, -0.0519067, -0.0487423, 0.657278
1618585913264162302, 0.993716, -0.0535493, 0.0944294, 0.027279, -0.147209, 0.120656, 0.598792, -0.0557485, -0.0329734, 0.59484
1618585913364300966, 0.992663, -0.0594066, 0.100327, 0.0320285, -0.151579, 0.121524, 0.64925, -0.0498049, -0.0251315, 0.529294
1618585913464474201, 0.991876, -0.0645414, 0.103832, 0.0351384, -0.155194, 0.122862, 0.693838, -0.0441851, -0.011798, 0.477769
1618585913564550638, 0.991301, -0.0682787, 0.106479, 0.0363594, -0.15861, 0.125068, 0.733192, -0.0396177, 7.93824e-05, 0.429386
1618585913664427757, 0.990651, -0.0717987, 0.110201, 0.0362007, -0.160991, 0.128096, 0.761335, -0.0383461, 0.0205556, 0.366596
1618585913764270782, 0.989376, -0.0742182, 0.119775, 0.0357761, -0.164816, 0.132633, 0.783548, -0.0552239, 0.0373255, 0.295949
1618585913864112377, 0.987272, -0.076027, 0.134691, 0.0370481, -0.168563, 0.136936, 0.798035, -0.0406574, 0.0337304, 0.159615
1618585913963937044, 0.986263, -0.077113, 0.141046, 0.0380002, -0.169771, 0.139844, 0.797646, -0.022521, 0.0245865, -0.00409569
1618585914063804626, 0.986018, -0.0755313, 0.144452, 0.0346012, -0.1684, 0.14159, 0.780321, 0.0134063, 0.0235893, -0.184241
1618585914163718939, 0.986758, -0.0742216, 0.141211, 0.0293093, -0.163489, 0.141923, 0.751227, 0.0614899, 0.0156295, -0.319174
1618585914263761997, 0.988986, -0.0732537, 0.126433, 0.0235479, -0.154407, 0.141291, 0.707228, 0.0844045, 0.0106612, -0.430219
1618585914363803625, 0.991321, -0.0696199, 0.110169, 0.0172605, -0.144294, 0.140781, 0.654216, 0.084501, 0.0221504, -0.495216
1618585914463845968, 0.99282, -0.0647276, 0.0998934, 0.0118772, -0.137798, 0.141398, 0.599655, 0.0646743, 0.0352493, -0.529814
1618585914563897133, 0.99399, -0.0595824, 0.0916646, 0.00566863, -0.133616, 0.142793, 0.543351, 0.0309132, 0.0404665, -0.53724
1618585914663841486, -0.994088, 0.0534672, -0.0945034, 0.000437052, -0.134351, 0.145124, 0.493251, 0.0116399, 0.0515598, -0.536373
1618585914763793707, -0.994425, 0.0492023, -0.0932195, 0.00284079, -0.134449, 0.14796, 0.442555, 0.00952701, 0.0605757, -0.542898
1618585914863802910, -0.995198, 0.0451656, -0.0867652, 0.00356392, -0.13354, 0.1517, 0.389925, 0.0308961, 0.0720171, -0.534314
1618585914963907957, -0.99589, 0.0429053, -0.0796222, 0.00483654, -0.13092, 0.155897, 0.33952, 0.0330119, 0.060829, -0.513381
1618585915063979864, -0.996133, 0.0399057, -0.0780348, 0.00606213, -0.130088, 0.160434, 0.295547, 0.0192492, 0.0627278, -0.498193
1618585915164032221, -0.996742, 0.0391624, -0.0699942, 0.00848707, -0.128033, 0.165028, 0.250319, 0.0307109, 0.0596244, -0.475675
1618585915264057875, -0.9972, 0.0390146, -0.062381, 0.0133892, -0.125678, 0.166946, 0.205373, 0.0092061, 0.0159047, -0.411892
1618585915364021778, -0.997064, 0.036639, -0.0646685, 0.0184027, -0.127121, 0.165091, 0.178895, -0.0197342, -0.0201419, -0.263411
1618585915463966608, -0.997373, 0.0334449, -0.0611003, 0.0198767, -0.129342, 0.16093, 0.169085, -0.017241, -0.0478077, -0.0946762
1618585915564012289, -0.997598, 0.0323442, -0.0582058, 0.0190831, -0.13135, 0.15509, 0.172098, -0.0272241, -0.0686397, 0.0270098
1618585915664022923, -0.99735, 0.0320758, -0.0623298, 0.0194644, -0.135556, 0.14958, 0.18488, -0.0522795, -0.0677646, 0.0949019
1618585915763987303, -0.996866, 0.0320708, -0.069781, 0.0189878, -0.141348, 0.147311, 0.200565, -0.0573398, -0.0336725, 0.120918
1618585915864013672, -0.996239, 0.0347892, -0.0773247, 0.0178447, -0.145316, 0.151819, 0.216427, -0.0337643, 0.0265346, 0.136409
1618585915963955164, -0.995319, 0.0388119, -0.0865077, 0.0186988, -0.147255, 0.163708, 0.23706, -0.0105257, 0.0919835, 0.143903
1618585916063806772, -0.99493, 0.0418319, -0.0893533, 0.0195132, -0.146494, 0.183647, 0.25755, 0.0184607, 0.179002, 0.135408
1618585916163639784, -0.995283, 0.0447792, -0.0844815, 0.0164073, -0.142799, 0.212503, 0.278165, 0.0513015, 0.269545, 0.124108
1618585916263615131, -0.996061, 0.0472294, -0.0741235, 0.011695, -0.135447, 0.248191, 0.290494, 0.0771852, 0.335864, 0.0889366
1618585916363588810, -0.996649, 0.0485808, -0.0650222, 0.0101814, -0.126809, 0.289203, 0.293604, 0.0783589, 0.394946, 0.0588026
1618585916463511467, -0.996858, 0.0476795, -0.0626442, 0.00875929, -0.118543, 0.332659, 0.290942, 0.067787, 0.411593, 0.0415242
1618585916563400030, -0.996538, 0.0445968, -0.0699062, 0.00598626, -0.112368, 0.376302, 0.287985, 0.053428, 0.421921, 0.0303825
1618585916663272858, -0.996253, 0.0385113, -0.0773464, 0.00367881, -0.107997, 0.41906, 0.287816, 0.0405529, 0.424528, 0.0435746
1618585916763243198, -0.996093, 0.0299842, -0.0830517, 0.00154302, -0.104724, 0.459525, 0.290372, 0.0295338, 0.39691, 0.0621687
1618585916863310337, -0.995781, 0.0195326, -0.0896399, 0.00159855, -0.102959, 0.495718, 0.295294, 0.0165547, 0.359239, 0.063016
1618585916963434935, -0.995793, 0.0107189, -0.0909259, 0.00370343, -0.101548, 0.528271, 0.29994, 0.0171832, 0.336663, 0.0472568
1618585917063578367, -0.99621, 0.0041121, -0.0867147, 0.00536853, -0.0991747, 0.557739, 0.301344, 0.0239535, 0.307843, 0.0209335
1618585917163801432, -0.996676, 0.00100276, -0.0812519, 0.005797, -0.0972376, 0.583805, 0.301248, 0.0178021, 0.279315, 0.00404112
1618585917264020681, -0.996915, -9.12296e-05, -0.0783328, 0.00502734, -0.0946621, 0.606827, 0.298594, 0.0208357, 0.240353, -0.00777519
1618585917364109278, -0.996994, -0.00105948, -0.0773746, 0.00385698, -0.0931426, 0.62367, 0.298127, -0.00212669, 0.163101, 0.00137872
1618585917464142799, -0.996837, -0.0029518, -0.0793118, 0.00412448, -0.0930821, 0.629068, 0.29825, -0.0188309, 0.0314413, 0.00322253
1618585917564068794, -0.996946, -0.00404877, -0.0778149, 0.00517561, -0.093964, 0.618277, 0.297533, -0.0394588, -0.144085, 0.00304743
1618585917663851023, -0.996919, -0.0061698, -0.0779025, 0.00682127, -0.0958273, 0.589919, 0.297606, -0.0547758, -0.317228, 0.000622294
1618585917763671398, -0.996904, -0.00983141, -0.0776994, 0.00695872, -0.0961843, 0.545449, 0.297583, -0.0367602, -0.453321, 0.00542244
1618585917863650799, -0.997003, -0.0116861, -0.0760773, 0.00783944, -0.0945157, 0.490604, 0.298661, -0.0266295, -0.559804, 0.0226392
1618585917963674307, -0.997046, -0.0124141, -0.0750613, 0.0105534, -0.0929845, 0.428495, 0.303333, -0.0207783, -0.633844, 0.0400843
1618585918063716888, -0.997055, -0.012586, -0.0748839, 0.0107642, -0.0912704, 0.363051, 0.308204, -0.02524, -0.669396, 0.0433362
1618585918163755417, -0.996968, -0.0108904, -0.0767019, 0.00728638, -0.0909165, 0.298051, 0.314846, -0.0276586, -0.669227, 0.0572823
1618585918263813257, -0.997092, -0.00728799, -0.0758273, 0.00198109, -0.0905636, 0.2349, 0.321141, -0.0235526, -0.669622, 0.0550434
1618585918363889933, 0.997209, 0.0024128, 0.0745034, 0.00418206, -0.0918546, 0.172158, 0.325209, -0.0445291, -0.673125, 0.0431163
1618585918463951111, 0.996831, -0.00388206, 0.078849, 0.00974379, -0.0963214, 0.109499, 0.330475, -0.0642011, -0.683873, 0.0480046
1618585918563966990, 0.996273, -0.0100533, 0.0844814, 0.0142448, -0.101829, 0.04921, 0.33629, -0.0693082, -0.637866, 0.0515983
1618585918663880110, 0.995924, -0.0151199, 0.0862608, 0.0215807, -0.105144, -0.00556462, 0.339736, -0.0306686, -0.587349, 0.00524932
1618585918763800621, 0.995348, -0.019239, 0.0891988, 0.0309147, -0.102752, -0.0567479, 0.336851, 0.0208243, -0.553412, -0.00868029
1618585918863664389, 0.994409, -0.0206462, 0.0960656, 0.0386853, -0.0987957, -0.103742, 0.342124, 0.0476467, -0.519176, -0.00749603
1618585918963712215, 0.994409, -0.0235953, 0.0936829, 0.0426383, -0.0925994, -0.144399, 0.346684, 0.0596839, -0.448304, -0.025357
1618585919063933372, 0.995574, -0.0330398, 0.0771303, 0.0423285, -0.0867472, -0.177783, 0.338885, 0.0306331, -0.349532, -0.0439908
1618585919164139748, 0.995889, -0.0426784, 0.0679367, 0.0420468, -0.0874892, -0.199416, 0.330627, -0.0352973, -0.213629, -0.0370428
1618585919264311790, 0.995668, -0.0494989, 0.0662845, 0.0424455, -0.0937973, -0.20751, 0.328593, -0.061864, -0.084536, -0.000892155
1618585919364439011, 0.995124, -0.05498, 0.0692698, 0.0436693, -0.0986649, -0.201901, 0.325956, -0.026026, 0.0637301, -0.0050387
1618585919464405060, 0.994504, -0.0598886, 0.0753981, 0.0411173, -0.0991797, -0.181584, 0.327512, 0.0227882, 0.215762, 0.0288728
1618585919564265490, 0.994396, -0.0652953, 0.0756741, 0.0344508, -0.0951516, -0.147973, 0.333659, 0.0566385, 0.34358, 0.0366766
1618585919664004326, 0.994955, -0.0670121, 0.0701472, 0.0255753, -0.0907038, -0.105639, 0.340438, 0.0574397, 0.43737, 0.0458688
1618585919763740301, 0.995473, -0.0665458, 0.0647347, 0.0203565, -0.0868845, -0.0538437, 0.349161, 0.0551966, 0.548322, 0.0752147
1618585919863525152, 0.995877, -0.0663208, 0.0591226, 0.0183282, -0.0826495, 0.00424555, 0.354281, 0.0541027, 0.629497, 0.0904437
1618585919963281870, 0.996145, -0.0627211, 0.059349, 0.0154794, -0.0786703, 0.0676537, 0.358731, 0.0477233, 0.672167, 0.0812646
1618585920063129187, 0.996268, -0.0582678, 0.06233, 0.0130312, -0.0751032, 0.132707, 0.361419, 0.052238, 0.703153, 0.0612214
1618585920163100481, 0.996277, -0.0538986, 0.0664121, 0.010825, -0.0717998, 0.198384, 0.363146, 0.0448432, 0.686414, 0.0366541
1618585920263276339, 0.995655, -0.0497391, 0.0779517, 0.0110289, -0.0694338, 0.260848, 0.367987, 0.0566868, 0.654914, 0.0195662
1618585920363554955, 0.995242, -0.0460268, 0.0850365, 0.0119554, -0.0657188, 0.31859, 0.37026, 0.0612767, 0.620343, -0.0109595
1618585920463782310, 0.995466, -0.0413918, 0.0849238, 0.0110208, -0.0618979, 0.37247, 0.367256, 0.0525837, 0.587409, -0.0326805
1618585920563931942, 0.995269, -0.0363446, 0.0891916, 0.0127501, -0.0603328, 0.421196, 0.365059, 0.0460772, 0.530755, -0.0597913
1618585920664086819, 0.995807, -0.0329186, 0.0841347, 0.0143785, -0.0589771, 0.465399, 0.356501, 0.0269862, 0.498122, -0.0821894
1618585920764214039, 0.995634, -0.032145, 0.087132, 0.00939783, -0.060413, 0.507715, 0.350317, 0.00653138, 0.450326, -0.0593564
1618585920864197969, 0.994897, -0.0314633, 0.0958399, 0.00227375, -0.0628802, 0.545352, 0.348592, 0.00143085, 0.41129, -0.0241931
1618585920964080095, -0.994209, 0.0314973, -0.102725, 0.00203225, -0.0663331, 0.581725, 0.351889, -0.0058434, 0.406589, 0.00593507
1618585921063877821, -0.994957, 0.0313046, -0.095286, 0.000973904, -0.0684464, 0.618748, 0.345024, -0.011646, 0.417425, -0.0825727
1618585921163576365, 0.996604, -0.0270331, 0.0777618, 0.0015576, -0.0701165, 0.660532, 0.328565, -0.0260137, 0.427879, -0.20282
1618585921263239384, 0.997231, -0.0155027, 0.0727156, 0.0018051, -0.0761631, 0.701858, 0.310436, -0.0912464, 0.356866, -0.196382
1618585921363111734, -0.996253, 0.000656643, -0.0864333, 0.00281739, -0.091856, 0.725159, 0.318187, -0.12873, 0.207796, -0.0202655
1618585921463357210, -0.993089, -0.0121176, -0.116034, 0.0127474, -0.105124, 0.732593, 0.331719, -0.10572, 0.059722, 0.138765
1618585921563747883, -0.990915, -0.021012, -0.131121, 0.0213059, -0.112434, 0.725121, 0.348659, -0.0684161, -0.105074, 0.186529
1618585921664152384, -0.990487, -0.0273695, -0.13222, 0.0265254, -0.111793, 0.702283, 0.345671, -0.0185724, -0.251619, 0.0715842
1618585921764484644, -0.992652, -0.0315127, -0.113155, 0.0290539, -0.107869, 0.663173, 0.329261, 0.0196258, -0.426536, -0.0692525
1618585921864826918, -0.99512, -0.031225, -0.0885348, 0.0303888, -0.104038, 0.603732, 0.30717, 0.0310556, -0.6279, -0.0993712
1618585921965057135, -0.99684, -0.0243278, -0.0694232, 0.0299864, -0.10303, 0.530875, 0.308272, 0.0206812, -0.772304, -0.0440898
1618585922065080643, -0.997086, -0.0115942, -0.0704761, 0.0267949, -0.105161, 0.44994, 0.320104, -0.0298092, -0.878187, 0.0539411
1618585922164870739, -0.996766, 0.00228363, -0.0784131, 0.0174549, -0.111625, 0.363638, 0.335596, -0.074879, -0.937669, 0.108283
1618585922264427185, -0.99652, 0.0128346, -0.0821461, 0.00598161, -0.119103, 0.276303, 0.352667, -0.0725259, -0.943842, 0.121681
1618585922363958597, 0.996598, -0.0217598, 0.0794376, 0.00302884, -0.123755, 0.194911, 0.365304, -0.0500163, -0.867697, 0.105748
1618585922463547945, 0.996246, -0.0296023, 0.0807724, 0.00966154, -0.125667, 0.122882, 0.371409, -0.034166, -0.775022, 0.0895042
1618585922563264608, 0.995439, -0.0357097, 0.0872214, 0.0147984, -0.12755, 0.058825, 0.375375, -0.0418387, -0.71036, 0.0754261
1618585922663072109, 0.994638, -0.0353944, 0.0957798, 0.0163956, -0.131697, 0.00140633, 0.376734, -0.0685716, -0.642875, 0.0326276
1618585922763006210, 0.99387, -0.0314395, 0.104522, 0.0176016, -0.140201, -0.0470959, 0.388803, -0.074154, -0.560591, 0.0323405
1618585922863163948, 0.995457, -0.0288651, 0.0890333, 0.0174891, -0.146118, -0.0858555, 0.398149, -0.0482863, -0.446817, 0.0228376
1618585922963393688, 0.996459, -0.0291643, 0.0761432, 0.0205012, -0.150681, -0.114691, 0.398666, -0.0650595, -0.332841, 0.0288259
1618585923063601971, 0.996652, -0.0320495, 0.0717654, 0.0225068, -0.156861, -0.132553, 0.389537, -0.0925744, -0.206828, 0.0089455
1618585923163663864, 0.995984, -0.0333836, 0.0808632, 0.0190425, -0.163503, -0.139479, 0.38215, -0.0762975, -0.101687, -0.0123912
1618585923263767242, 0.995398, -0.0354219, 0.0880245, 0.0134052, -0.168111, -0.139054, 0.382244, -0.0357766, -0.0351224, -0.0242646
1618585923363740444, 0.995627, -0.0369502, 0.0851383, 0.0106137, -0.167919, -0.133728, 0.380808, 0.00175969, 0.0361521, -0.025384
1618585923463694572, 0.995687, -0.0376, 0.0841058, 0.0109052, -0.163151, -0.120867, 0.37673, 0.0459411, 0.136382, -0.00862906
1618585923563590288, 0.995211, -0.0393654, 0.0887024, 0.011737, -0.153384, -0.0968757, 0.372065, 0.0868172, 0.278479, 0.0108206
1618585923663461208, 0.994591, -0.0398866, 0.0954672, 0.00913991, -0.142716, -0.0603578, 0.374353, 0.0915272, 0.402327, 0.0269433
1618585923763294458, 0.994094, -0.0380173, 0.10153, 0.00489201, -0.133442, -0.0135359, 0.381171, 0.0884524, 0.498537, 0.030511
1618585923863154888, 0.994216, -0.0361455, 0.10108, 0.00335276, -0.125113, 0.0437513, 0.390911, 0.0908673, 0.619129, 0.0484047
1618585923963126898, 0.994888, -0.0358063, 0.0943948, 0.00214603, -0.117547, 0.109566, 0.402649, 0.0840901, 0.702442, 0.0493815
1618585924063093424, 0.996094, -0.0367217, 0.0802857, 0.00167206, -0.109284, 0.177747, 0.40606, 0.0911817, 0.730756, -0.00349624
1618585924163008928, 0.997158, -0.0344861, 0.0669335, 0.00272345, -0.10063, 0.244204, 0.39925, 0.08756, 0.714038, -0.0457082
1618585924263100386, 0.997742, -0.0320204, 0.0588964, 0.00414755, -0.0935106, 0.308043, 0.392234, 0.0773426, 0.691514, -0.0267531
1618585924363353968, 0.998197, -0.0320866, 0.050613, 0.00351039, -0.0874757, 0.368451, 0.381579, 0.0514538, 0.661869, -0.0421694
1618585924463690519, 0.998173, -0.033164, 0.0503338, 0.0041295, -0.0852618, 0.42594, 0.372489, 0.0292954, 0.642506, -0.0459797
1618585924564063311, 0.99763, -0.0364706, 0.0581135, 0.005132, -0.0817214, 0.482475, 0.361931, 0.0502635, 0.638034, -0.0469222
1618585924664229155, 0.996351, -0.0387763, 0.0759533, 0.00358174, -0.0783993, 0.537306, 0.357535, 0.049089, 0.592507, -0.0471031
1618585924764149427, 0.994861, -0.0411969, 0.0923519, 0.00505015, -0.0766677, 0.586674, 0.355733, 0.0286319, 0.53086, -0.042241
1618585924863922834, 0.992729, -0.0417125, 0.112218, 0.0125374, -0.0773693, 0.629281, 0.35587, 0.000366897, 0.45026, -0.0370689
1618585924963625193, 0.990785, -0.0396057, 0.127617, 0.0221401, -0.0781465, 0.662705, 0.355171, 0.00145325, 0.341767, -0.0343236
1618585925063364267, 0.990242, -0.0348178, 0.132047, 0.0277757, -0.078274, 0.681244, 0.353462, -0.00395704, 0.174003, -0.0212834
1618585925163290024, 0.991223, -0.030878, 0.125991, 0.0254753, -0.0774546, 0.683483, 0.349459, 0.0175232, 0.0257611, -0.0328926
1618585925263378382, 0.992453, -0.0292511, 0.11767, 0.0182976, -0.0753355, 0.673373, 0.344431, 0.0270565, -0.0924816, -0.0404645
1618585925363528728, 0.993133, -0.0309892, 0.112136, 0.0123675, -0.073389, 0.653425, 0.341118, 0.0346748, -0.195151, -0.0522443
1618585925463646650, 0.993532, -0.0349658, 0.107623, 0.00941776, -0.0724172, 0.624082, 0.33813, 0.0208807, -0.316221, -0.0487235
1618585925563670874, 0.993863, -0.0382728, 0.103598, 0.00625999, -0.0725981, 0.582485, 0.332183, -0.00400073, -0.457385, -0.0493612
1618585925663613558, -0.994585, 0.0406243, -0.0956555, 0.00102602, -0.0769019, 0.529093, 0.331031, -0.0392746, -0.59192, -0.0408489
1618585925763563871, -0.994977, 0.0434363, -0.0898264, 0.00803744, -0.0845244, 0.465627, 0.332736, -0.0630655, -0.676011, -0.0130113
1618585925863496780, -0.995925, 0.0450676, -0.0772651, 0.0115127, -0.0923483, 0.397519, 0.339432, -0.0578828, -0.733979, 0.00796613
1618585925963417053, -0.997145, 0.0447002, -0.0598121, 0.0112444, -0.0999233, 0.327469, 0.346323, -0.0583914, -0.756998, 9.2345e-05
1618585926063373089, -0.997872, 0.0427396, -0.0484568, 0.00879808, -0.10684, 0.258816, 0.345799, -0.0609185, -0.743034, -0.0335534
1618585926163430214, -0.998117, 0.0408813, -0.045547, 0.00397062, -0.115064, 0.192422, 0.345696, -0.0725484, -0.717769, -0.0466994
1618585926263585567, 0.998441, -0.0383271, 0.0405603, 0.00122512, -0.122749, 0.130875, 0.338121, -0.0805776, -0.67373, -0.0474336
1618585926363685131, 0.998287, -0.0351996, 0.0466092, 0.0035204, -0.131271, 0.0736291, 0.325566, -0.0997835, -0.624712, -0.0420083
1618585926463658571, 0.997734, -0.0321314, 0.0591201, 0.000229025, -0.14627, 0.0283992, 0.346646, -0.12208, -0.499388, -0.000492644
1618585926563632727, -0.996671, 0.031207, -0.0749442, 0.0074565, -0.161242, 0.000243583, 0.366092, -0.121587, -0.314865, 0.0348581
1618585926663746119, -0.995559, 0.035233, -0.0861302, 0.0142141, -0.173066, -0.00994568, 0.388291, -0.0890089, -0.144041, 0.0848598
1618585926763783932, -0.995074, 0.0390752, -0.0899571, 0.0144685, -0.180108, -0.00741165, 0.411731, -0.0614547, -0.030472, 0.155572
1618585926863645077, -0.995061, 0.0385518, -0.0910651, 0.00860512, -0.182575, 0.000359536, 0.435812, -0.0255751, 0.0246993, 0.21925
1618585926963347435, -0.995149, 0.0349102, -0.0918891, 0.0040657, -0.180975, 0.0101138, 0.454711, 0.00404754, 0.0535905, 0.218757
1618585927063091516, -0.995043, 0.0297827, -0.0947428, 0.00508263, -0.177809, 0.0208055, 0.468998, -0.00214145, 0.0795832, 0.203721
1618585927162941456, -0.994798, 0.0247052, -0.0985166, 0.00782448, -0.175462, 0.0321756, 0.478416, 0.000737583, 0.0962967, 0.166899
1618585927262899637, -0.994884, 0.0212364, -0.0984421, 0.00797236, -0.173066, 0.0433814, 0.480416, -0.00381484, 0.109825, 0.138061
1618585927362932682, -0.994724, 0.0189399, -0.100412, 0.00906139, -0.170721, 0.053511, 0.482249, 0.00756567, 0.116097, 0.137671
1618585927463018417, -0.994544, 0.0167231, -0.102546, 0.00934971, -0.163209, 0.0635026, 0.48409, 0.0737555, 0.131119, 0.135608
1618585927562957287, -0.994735, 0.0101887, -0.101129, 0.013095, -0.146451, 0.0739463, 0.48647, 0.170162, 0.133354, 0.121881
1618585927663033247, -0.994905, 0.00461157, -0.0994762, 0.0157512, -0.118471, 0.0833686, 0.488106, 0.28564, 0.113302, 0.101028
1618585927763142109, -0.99607, -0.000676042, -0.0880788, 0.00926404, -0.0801003, 0.0897472, 0.486181, 0.377858, 0.0972352, 0.0938725
1618585927863278151, -0.996457, -0.00420525, -0.0839928, 0.000705812, -0.035826, 0.0956111, 0.479252, 0.416963, 0.0919977, 0.0717625
1618585927963454008, 0.99591, 0.00640968, 0.0901255, 0.000463211, 0.0101683, 0.101843, 0.470458, 0.437998, 0.0960964, 0.0272294
1618585928063661575, -0.995035, -0.00436569, -0.0994282, 0.00113565, 0.0572549, 0.108508, 0.463282, 0.475411, 0.0975304, -0.00372915
1618585928163777590, -0.994311, 0.00169275, -0.106413, 0.00444411, 0.107399, 0.111056, 0.452013, 0.499333, 0.0410409, -0.0575977
1618585928263561726, -0.993055, 0.00476211, -0.117314, 0.00746104, 0.151806, 0.109208, 0.44432, 0.442413, 0.0123991, -0.0850463
1618585928363226414, -0.992966, 0.00683606, -0.117973, 0.00740702, 0.189919, 0.106906, 0.434796, 0.372388, 0.000911753, -0.0825508
1618585928462890387, -0.99317, 0.00764724, -0.116323, 0.0048743, 0.216607, 0.104067, 0.427418, 0.247057, -0.0066521, -0.0778279
1618585928562664509, -0.993255, 0.0065178, -0.115714, 0.00344545, 0.229805, 0.1015, 0.421843, 0.129493, -0.00477567, -0.0793871
1618585928662658453, -0.994134, 0.00681288, -0.107908, 0.00253389, 0.229874, 0.101402, 0.41711, -0.0177852, 0.0133277, -0.0681589
1618585928762840748, 0.994866, -0.00847516, 0.100845, 0.000431174, 0.214772, 0.102665, 0.411527, -0.17531, 0.0132453, -0.0621721
1618585928863065958, 0.995406, -0.0108707, 0.0950876, 0.00262303, 0.181425, 0.104318, 0.409549, -0.366975, 0.0169953, -0.035963
1618585928963202477, 0.995316, -0.00981527, 0.0961326, 0.00299134, 0.130771, 0.106652, 0.412108, -0.52051, 0.0174476, -0.00962993
1618585929063350677, 0.995424, -0.00849293, 0.0949882, 0.00595785, 0.0683234, 0.108188, 0.4139, -0.639422, 0.00294206, -0.00686901
1618585929163414955, 0.994892, -0.00763598, 0.100332, 0.00801635, -0.00318973, 0.107895, 0.418701, -0.72414, -0.0274144, -0.000269913
1618585929263399363, 0.99515, -0.00900066, 0.0976326, 0.00793649, -0.0718019, 0.105603, 0.40618, -0.698222, -0.0649372, -0.0447027
1618585929363444567, 0.997479, -0.0129047, 0.0694286, 0.00694652, -0.133144, 0.101873, 0.393379, -0.638385, -0.0427514, -0.0594776
1618585929463455677, 0.998537, -0.0186679, 0.0500241, 0.00849004, -0.187033, 0.100363, 0.383595, -0.565251, -0.0358838, -0.0454856
1618585929563427925, 0.99898, -0.0260972, 0.0353666, 0.0103562, -0.233989, 0.0990748, 0.361564, -0.523514, -0.0194357, -0.0884137
1618585929663459539, 0.998489, -0.0348681, 0.0417009, 0.0080214, -0.279264, 0.0986949, 0.357165, -0.496487, -0.0119028, -0.0895852
1618585929763417959, 0.997508, -0.0404114, 0.0578075, 0.00174043, -0.322603, 0.0974645, 0.374774, -0.430961, -0.0231169, -0.086461
1618585929863362551, -0.996946, 0.0437877, -0.0646011, 0.00288339, -0.35672, 0.0960002, 0.391345, -0.335405, -0.00728703, -0.0886395
1618585929963308573, -0.997101, 0.0450287, -0.0611683, 0.00451512, -0.378469, 0.0977758, 0.4025, -0.203455, 0.0157621, -0.0799458
1618585930063442707, -0.997201, 0.0478135, -0.0571975, 0.00574851, -0.386288, 0.0997202, 0.414488, -0.0727522, 0.00220522, -0.0525785
1618585930163584709, -0.997414, 0.0514631, -0.0491067, 0.0102193, -0.381364, 0.100399, 0.424406, 0.0492931, 0.0159989, -0.0204763
1618585930263561487, -0.997527, 0.052279, -0.0445511, 0.0148938, -0.363696, 0.102189, 0.436526, 0.180931, 0.0358084, 0.0340992
1618585930363427639, -0.997992, 0.0493331, -0.0365468, 0.0155629, -0.334203, 0.106875, 0.44811, 0.304711, 0.0627714, 0.0743271
1618585930463253736, -0.998529, 0.044824, -0.0282077, 0.0116023, -0.291786, 0.114042, 0.457351, 0.446626, 0.0792527, 0.0839656
1618585930563138962, -0.998873, 0.0395255, -0.0256966, 0.00549479, -0.237875, 0.121946, 0.457377, 0.570544, 0.091686, 0.081751
1618585930663191319, -0.99899, 0.0332721, -0.030207, 0.000191538, -0.174066, 0.130488, 0.458756, 0.665785, 0.0857341, 0.0879458
1618585930763337135, 0.998952, -0.0280105, 0.0360432, 0.00337921, -0.103512, 0.137765, 0.458629, 0.737532, 0.0787071, 0.0924829
1618585930863535404, 0.998814, -0.0251965, 0.0413702, 0.0049825, -0.0294661, 0.144471, 0.460256, 0.7719, 0.0616469, 0.0830944
1618585930963650227, 0.998594, -0.0216363, 0.0479516, 0.00648115, 0.0437235, 0.147879, 0.460595, 0.765321, 0.0193897, 0.0584247
1618585931063740969, 0.998338, -0.0203448, 0.0528541, 0.0106853, 0.113771, 0.145817, 0.461507, 0.741123, -0.0364977, 0.0477898
1618585931163697243, 0.998224, -0.0166658, 0.0546997, 0.0166915, 0.177776, 0.139603, 0.458614, 0.678271, -0.0639331, 0.0357638
1618585931263681650, 0.997741, -0.0145457, 0.0608621, 0.0244219, 0.233137, 0.136297, 0.451622, 0.588445, -0.0275048, 0.0404259
1618585931363690138, 0.996709, -0.0144877, 0.0744927, 0.0285097, 0.275852, 0.135323, 0.441263, 0.441761, -0.0076563, 0.00898713
1618585931463747263, 0.995624, -0.0156948, 0.0881173, 0.0268548, 0.300657, 0.134323, 0.431332, 0.267443, -0.0204225, -0.0301894
1618585931563798189, 0.995404, -0.0178256, 0.0920879, 0.0192942, 0.308133, 0.131887, 0.416495, 0.105837, -0.029572, -0.0675857
1618585931663747311, 0.995559, -0.0207554, 0.0911767, 0.010894, 0.298083, 0.127769, 0.401029, -0.0862366, -0.0552757, -0.0805286
1618585931763576984, 0.995821, -0.0236298, 0.0880837, 0.00481244, 0.269752, 0.124761, 0.396404, -0.276204, -0.0606122, -0.0760476
1618585931863432169, -0.996274, 0.0273477, -0.0817833, 0.000872256, 0.223923, 0.122389, 0.39867, -0.451926, -0.0568252, -0.0350196
1618585931963340998, -0.996386, 0.0313859, -0.0788445, 0.0036926, 0.163947, 0.120865, 0.403325, -0.610784, -0.044705, -0.00121851
1618585932063247919, -0.99615, 0.033264, -0.0809466, 0.00519752, 0.0920574, 0.120803, 0.413227, -0.714163, -0.0325882, 0.0302739
1618585932163215399, -0.996098, 0.0333064, -0.081598, 0.00455851, 0.0136216, 0.122931, 0.429616, -0.77899, -0.00865647, 0.0605116
1618585932263180733, -0.995778, 0.0316906, -0.0861531, 0.000720231, -0.0627714, 0.125005, 0.445754, -0.759121, -3.25693e-05, 0.0718361
1618585932363124132, 0.996823, -0.0287584, 0.0742521, 0.00184892, -0.1347, 0.129037, 0.456392, -0.744301, 0.0250854, 0.0511459
1618585932463180542, 0.99767, -0.0286929, 0.0618669, 0.00215953, -0.201415, 0.135393, 0.460048, -0.707939, 0.0436841, 0.0270073
1618585932563231468, 0.997679, -0.0323496, 0.0598848, 0.001926, -0.261942, 0.141107, 0.463453, -0.643567, 0.0297815, 0.0139814
1618585932663338184, 0.997379, -0.0396371, 0.0604796, 0.00258571, -0.313142, 0.145084, 0.463783, -0.55889, 0.0304639, -0.0277314
1618585932763326406, 0.997163, -0.0443239, 0.060727, 0.00372037, -0.354179, 0.148795, 0.459626, -0.454841, 0.0401864, -0.0714345
1618585932863190174, 0.996859, -0.0448258, 0.0652094, 0.00330798, -0.383183, 0.152546, 0.451624, -0.332528, 0.041502, -0.0729414
1618585932963108778, 0.99637, -0.0439493, 0.0729105, 0.000545617, -0.401494, 0.154413, 0.447093, -0.229344, 0.0125939, -0.0535932
1618585933063031435, -0.996305, 0.0437962, -0.0738067, 0.00340944, -0.411594, 0.155168, 0.445754, -0.146714, 0.019324, -0.0413227
1618585933162960052, -0.996458, 0.0432128, -0.0718139, 0.00691264, -0.413956, 0.15602, 0.447976, -0.0558077, 0.0236017, -0.023459
1618585933262942791, -0.996791, 0.0415316, -0.0678299, 0.00900152, -0.407357, 0.157178, 0.452357, 0.0575202, 0.0320268, 0.00187676
1618585933362928391, -0.997196, 0.037927, -0.0638366, 0.00926296, -0.388363, 0.159777, 0.45373, 0.192137, 0.0445089, 0.0189771
1618585933462992907, -0.997443, 0.0349308, -0.0617984, 0.00822912, -0.356901, 0.16414, 0.453475, 0.321149, 0.0573556, 0.0309442
1618585933563071012, -0.997364, 0.0323973, -0.0645638, 0.00681155, -0.313584, 0.167973, 0.451616, 0.44534, 0.04195, 0.0353392
1618585933663114071, -0.996989, 0.0296857, -0.0713676, 0.00618675, -0.258682, 0.169663, 0.448137, 0.577985, 0.0204604, 0.0355988
1618585933763126850, -0.996472, 0.0275865, -0.0790531, 0.00572482, -0.192814, 0.170038, 0.444556, 0.696021, 0.0162218, 0.0274055
1618585933863103628, -0.995976, 0.0252172, -0.0859933, 0.000980331, -0.115866, 0.170577, 0.444045, 0.810921, 0.0200034, 0.0106351
1618585933963107109, 0.996164, -0.0216816, 0.0846917, 0.0037139, -0.0286745, 0.1703, 0.439006, 0.921249, -0.00315946, -0.00809581
1618585934063172817, 0.996532, -0.0196944, 0.0807987, 0.00269506, 0.0620712, 0.167717, 0.431065, 0.932744, -0.0195029, -0.0143473
1618585934163254738, 0.995662, -0.015656, 0.0917214, 0.000413878, 0.148231, 0.163133, 0.426756, 0.889178, -0.0529121, -0.0291876
1618585934263342142, 0.995149, -0.0118727, 0.0976395, 0.0020805, 0.223562, 0.15661, 0.419056, 0.769671, -0.0654201, -0.0328307
1618585934363507509, 0.994115, -0.009099, 0.107479, 0.0100492, 0.281002, 0.152891, 0.41374, 0.589933, -0.0246648, -0.0387615
1618585934463654757, 0.992962, -0.00501498, 0.117461, 0.0142709, 0.320164, 0.151382, 0.407439, 0.417163, -0.0142265, -0.0513526
1618585934563763857, 0.99296, -0.00126139, 0.117995, 0.0103247, 0.342003, 0.150203, 0.3998, 0.243934, -0.0248394, -0.0534933
1618585934663807631, 0.993235, 1.07373e-05, 0.116097, 0.00250761, 0.346243, 0.147031, 0.394992, 0.0633165, -0.0436341, -0.0425928
1618585934763765812, -0.993427, -7.73869e-05, -0.114375, 0.00448513, 0.331825, 0.142511, 0.394553, -0.130496, -0.0649536, -0.0252893
1618585934863687754, -0.993923, -0.000804794, -0.109901, 0.00623944, 0.299451, 0.137094, 0.398346, -0.311413, -0.0770169, -0.00805611
1618585934963653803, -0.994008, -0.00135488, -0.109202, 0.0046928, 0.250282, 0.131074, 0.40309, -0.489361, -0.0812649, 0.00708953
1618585935063563824, -0.993667, -0.00111184, -0.112333, 0.00244064, 0.187523, 0.1243, 0.411777, -0.620222, -0.0942217, 0.0199652
1618585935163485289, -0.993887, 0.000521682, -0.110398, 0.00101045, 0.11854, 0.117946, 0.419326, -0.678264, -0.0944967, 0.0316193
1618585935263554573, -0.994645, 0.00523178, -0.103207, 0.00154159, 0.0502725, 0.113425, 0.425944, -0.696844, -0.071452, 0.0350473
1618585935363649607, 0.994891, -0.0111482, 0.100313, 0.00208217, -0.0178879, 0.11086, 0.431211, -0.709632, -0.0521825, 0.0233247
1618585935463749170, 0.994943, -0.0165931, 0.0986988, 0.00841665, -0.0823079, 0.108258, 0.436063, -0.673294, -0.0547093, 0.0147137
1618585935563796282, 0.99503, -0.0209224, 0.0966979, 0.011236, -0.138317, 0.103189, 0.441162, -0.585452, -0.0672823, 0.0448373
1618585935663757324, 0.995653, -0.0242428, 0.0890688, 0.012422, -0.181627, 0.0987933, 0.449981, -0.481096, -0.0536919, 0.100995
1618585935763770342, 0.996048, -0.0294711, 0.0825948, 0.0140406, -0.213929, 0.0942154, 0.459265, -0.387796, -0.0488848, 0.131125
1618585935863840580, 0.995964, -0.035335, 0.0814231, 0.0133218, -0.241414, 0.0896909, 0.467699, -0.35238, -0.0436764, 0.114182
1618585935963857174, 0.995257, -0.0389786, 0.0880078, 0.0140655, -0.263991, 0.0857323, 0.47243, -0.273558, -0.0622348, 0.0548105
1618585936063947916, 0.994385, -0.0487336, 0.092736, 0.0149632, -0.272524, 0.0761026, 0.468585, -0.116605, -0.144846, 0.0621394
1618585936164155483, 0.994522, -0.0676183, 0.0779742, 0.0165212, -0.26747, 0.0570105, 0.46818, -0.022322, -0.199956, 0.173383
1618585936264157534, 0.992722, -0.0846878, 0.0828444, 0.0216092, -0.262761, 0.0344138, 0.483222, -0.0314834, -0.213545, 0.284339
1618585936363974571, 0.988821, -0.0983337, 0.108312, 0.0288465, -0.259643, 0.0108379, 0.50612, -0.0173441, -0.218866, 0.318985
1618585936463655472, 0.98431, -0.109882, 0.13323, 0.0361833, -0.257986, -0.0112199, 0.536819, 0.00364063, -0.210318, 0.266174
1618585936563294888, 0.980741, -0.118424, 0.149368, 0.0425598, -0.254904, -0.0298786, 0.558054, 0.0475146, -0.174847, 0.115815
1618585936663029671, 0.979698, -0.122081, 0.151843, 0.0472366, -0.248692, -0.0417537, 0.567372, 0.0999992, -0.118227, -0.093472
1618585936762656689, 0.981964, -0.119847, 0.137449, 0.0499012, -0.237249, -0.0426589, 0.548403, 0.175799, -0.0383607, -0.318299
1618585936862467289, 0.986744, -0.113293, 0.108932, 0.0404275, -0.215899, -0.0385494, 0.509985, 0.277501, 0.0189089, -0.462722
1618585936962525606, 0.991237, -0.104382, 0.0776223, 0.0229855, -0.184539, -0.0339526, 0.443118, 0.332844, 0.0643142, -0.58289
1618585937062551737, 0.992985, -0.0890887, 0.076375, 0.0145302, -0.15314, -0.0245301, 0.380753, 0.32914, 0.115286, -0.597826
1618585937162691832, 0.994904, -0.0718501, 0.0702257, 0.00843942, -0.126261, -0.0148143, 0.329457, 0.336692, 0.116372, -0.623506
1618585937263048649, 0.99752, -0.0591533, 0.0381223, 0.000993885, -0.0983146, -0.0071603, 0.267986, 0.333757, 0.0870605, -0.655558
1618585937363401651, -0.998741, 0.0480379, -0.0137129, 0.00456821, -0.0738988, -0.000562007, 0.199647, 0.257308, 0.0770219, -0.638914
1618585937463726521, -0.999124, 0.0377671, -0.0119984, 0.0134723, -0.0578616, 0.00643871, 0.146631, 0.207459, 0.100589, -0.53936
1618585937564059496, -0.99923, 0.0294582, -0.000495268, 0.0259021, -0.0443476, 0.0148051, 0.107365, 0.200263, 0.111842, -0.4427
1618585937664255142, -0.99922, 0.0200438, 0.0145959, 0.030721, -0.0313516, 0.0218497, 0.0745267, 0.175945, 0.0682677, -0.336775
1618585937764395475, -0.999314, 0.0115516, 0.0190883, 0.0295652, -0.0238664, 0.0217739, 0.0589489, 0.128867, 0.00259246, -0.23568
1618585937864510059, -0.999595, 0.00591157, 0.00778144, 0.0267414, -0.0174399, 0.0185635, 0.0478211, 0.105644, -0.0301982, -0.194627
1618585937964523792, -0.999457, 0.00200079, 0.0203962, 0.0258095, -0.0123426, 0.0164061, 0.0329037, 0.077473, -0.00446094, -0.194112
1618585938064338684, -0.999371, -0.00182021, 0.026467, 0.0235226, -0.0113959, 0.0192082, 0.0225921, 0.0402621, 0.0378112, -0.15148
1618585938164089918, -0.998494, -0.00617441, 0.0501202, 0.0214375, -0.0117575, 0.0228891, 0.00912378, 0.0274371, 0.025981, -0.1526
1618585938263818264, -0.999295, -0.0100824, 0.0339058, 0.0125712, -0.0140949, 0.0231276, 0.0094481, -0.000877411, -0.0274612, -0.0313492
1618585938363662004, -0.999507, -0.0113243, 0.0266886, 0.012035, -0.0173347, 0.0228276, 0.0138181, -0.0201632, -0.0327771, 0.0280407
1618585938463672400, -0.999547, -0.00621171, 0.0267359, 0.0123445, -0.0203361, 0.0221584, 0.0207747, -0.02131, -0.0396908, 0.0391467
1618585938563667536, -0.999326, -0.00203294, 0.0343438, 0.0128282, -0.0231865, 0.0210879, 0.0298036, -0.0349177, -0.0378248, 0.0528069
1618585938663591623, -0.998767, -0.00126033, 0.0478547, 0.0131269, -0.0247078, 0.0214767, 0.0340165, -0.0250108, -0.024946, 0.0582149
1618585938763513803, -0.998291, -0.00178395, 0.0569209, 0.013135, -0.0255908, 0.0219144, 0.0332033, -0.0360312, -0.0250152, 0.0504755
1618585938863500357, -0.998397, -0.00175279, 0.0550547, 0.0129884, -0.0278275, 0.0221364, 0.0351497, -0.0422087, -0.0221837, 0.0475564
1618585938963548899, -0.998436, -0.00171228, 0.0543807, 0.0128213, -0.0292099, 0.0226905, 0.035515, -0.0368293, -0.017683, 0.0461831
1618585939063584566, -0.998396, -0.00179807, 0.0551313, 0.0127184, -0.0303324, 0.023282, 0.0356196, -0.0392833, -0.0145125, 0.041227
1618585939163617373, -0.99848, -0.00183813, 0.0536442, 0.0125462, -0.0312942, 0.024264, 0.0366288, -0.0385494, -0.00950602, 0.0387209
1618585939263637781, -0.998481, -0.0020093, 0.0536565, 0.0123886, -0.0316612, 0.0254453, 0.0343446, -0.0330376, -0.00692156, 0.0314795
1618585939363759041, -0.998609, -0.00197002, 0.0512307, 0.0122943, -0.0335939, 0.0253634, 0.0366513, -0.040829, -0.00798962, 0.0300144
1618585939463834286, -0.999185, -0.00149048, 0.038517, 0.0120035, -0.0369682, 0.0236689, 0.0433834, -0.0564242, -0.00951872, 0.0320035
1618585939563880920, -0.999933, -1.78745e-05, 0.00291517, 0.0112246, -0.0433892, 0.0215779, 0.0595834, -0.0699765, -0.0116482, 0.0588575
1618585939663974047, -0.999923, 0.00314191, 0.00370553, 0.0114221, -0.0458124, 0.0175306, 0.0736605, -0.0173886, -0.0419186, 0.0781286
1618585939764047384, -0.999905, 0.00668724, 0.00319493, 0.011605, -0.0443378, 0.0112557, 0.0828026, -0.00860233, -0.0746394, 0.0835352
1618585939864056587, -0.999892, 0.00848969, 0.00271539, 0.011703, -0.0422538, 0.00159767, 0.0896483, -0.012644, -0.111078, 0.0854511
1618585939963940382, -0.999902, 0.00722852, 0.00254895, 0.0117322, -0.0413839, -0.0111495, 0.0928268, -0.0424582, -0.141335, 0.0804297
1618585940063837767, -0.999917, 0.00473372, 0.00249413, 0.0117493, -0.0414803, -0.0200195, 0.0934539, -0.0255171, -0.0584615, 0.0756995
1618585940163871527, -0.99992, 0.00372286, 0.00320283, 0.0116813, -0.0397595, -0.0191406, 0.0921755, -0.0172142, 0.00719885, 0.0668617
1618585940263926506, -0.99992, 0.00325742, 0.00360677, 0.0116821, -0.0386659, -0.0169241, 0.0902699, -0.0234364, 0.00481115, 0.0557658
1618585940363992691, -0.999918, 0.00315998, 0.00408825, 0.0117204, -0.0369693, -0.016316, 0.0853322, -0.0102243, -0.0119395, 0.0411638
1618585940464050293, -0.99991, 0.00303069, 0.00581979, 0.0117389, -0.0350788, -0.015248, 0.0805445, -0.0107108, -0.00123543, 0.0266874
1618585940564107180, -0.999911, 0.00303125, 0.00558985, 0.0117258, -0.0326253, -0.0124184, 0.0676926, -0.00162132, -0.00402411, 0.00261451
1618585940664160728, -0.999908, 0.00301054, 0.00612033, 0.0117345, -0.0301634, -0.00968186, 0.0568195, 0.00132622, 0.0079507, -0.0164005
1618585940764189005, -0.999909, 0.00305037, 0.00592509, 0.0117523, -0.0282238, -0.00742323, 0.0469635, 0.00592083, 0.00557741, -0.0321222
1618585940864181995, -0.999907, 0.00302152, 0.0061587, 0.0117716, -0.026219, -0.00524216, 0.0385339, 0.00847476, 0.0127094, -0.0444393
1618585940964082956, -0.999906, 0.00303495, 0.00619211, 0.0118099, -0.0240835, -0.00322788, 0.0301172, 0.0120574, 0.0122055, -0.05586
1618585941063923597, -0.999907, 0.00299759, 0.00614793, 0.0118333, -0.0220596, -0.00136329, 0.0218485, 0.0143144, 0.0155923, -0.0657807
1618585941163784742, -0.999906, 0.00300063, 0.00623606, 0.0118739, -0.0204489, -3.61107e-05, 0.0148526, 0.0159571, 0.0154383, -0.0714266
1618585941263628244, -0.999906, 0.00297361, 0.00612357, 0.011874, -0.0191837, 0.00111618, 0.00965881, 0.0166694, 0.0149509, -0.0740614
1618585941363518238, -0.999906, 0.00294989, 0.00614708, 0.0119015, -0.018665, 0.00184073, 0.00612267, 0.0158933, 0.0155006, -0.0728407
1618585941463460445, -0.999906, 0.00276828, 0.00609615, 0.0119364, -0.0185491, 0.00278405, 0.00288761, 0.0134572, 0.0149159, -0.069832
1618585941563488245, -0.999917, 0.00185024, 0.0044671, 0.0119223, -0.0188676, 0.00219164, 0.001003, 0.01663, 0.00897136, -0.0665124
1618585941663661718, -0.999903, 0.00258341, 0.00665691, 0.0119323, -0.0188699, 0.00335443, 0.00164194, 0.0102914, 0.0229531, -0.0598276
1618585941763794422, -0.99991, 0.00227972, 0.00571847, 0.0119536, -0.0195428, 0.00332077, 0.00240369, 0.00836682, 0.00204373, -0.052602
1618585941863878727, -0.99991, 0.00226397, 0.00570225, 0.011965, -0.0201415, 0.00322373, 0.00249604, 0.0105354, 0.0154334, -0.0458384
1618585941963936329, -0.999912, 0.00226281, 0.00517057, 0.0119695, -0.0207983, 0.00291552, 0.00369422, 0.00390724, 0.000518284, -0.0396159
1618585942063984632, -0.999908, 0.00220415, 0.00584701, 0.0120054, -0.0213781, 0.00266523, 0.00579331, 0.00418271, 0.00895874, -0.0307268
1618585942164047241, -0.999908, 0.00216837, 0.0058251, 0.0120417, -0.0217809, 0.00227743, 0.00777072, 0.00220621, -0.000687039, -0.0232431
1618585942264023304, -0.999911, 0.00212347, 0.00540912, 0.0120495, -0.0220618, 0.00205821, 0.00931259, 0.00240826, 0.00425155, -0.0177045
1618585942363949060, -0.99991, 0.00212384, 0.00540392, 0.0120733, -0.0220729, 0.00158556, 0.0106304, 0.000456349, -0.00269031, -0.0129714
1618585942463937998, -0.999911, 0.00206503, 0.00533145, 0.0120897, -0.0217952, 0.00123822, 0.0121429, 0.00119454, -0.000465151, -0.00768256
1618585942564047337, -0.999909, 0.00209251, 0.00551608, 0.0121213, -0.0218053, 0.00071852, 0.013739, 0.000220935, -0.00445852, -0.00253229
1618585942664151907, -0.99991, 0.00204075, 0.00533364, 0.0121313, -0.0216648, 0.000319327, 0.0149488, 0.000357339, -0.00425772, 0.00103207
1618585942764261007, -0.999909, 0.00205875, 0.00541072, 0.0121634, -0.0219028, -0.000148986, 0.0163048, -0.00111213, -0.00585305, 0.00476378
1618585942864322186, -0.99991, 0.00200705, 0.00528541, 0.0121852, -0.0220569, -0.000532995, 0.017406, -0.000881286, -0.00721888, 0.00745278
1618585942964354038, -0.999909, 0.00200252, 0.00535786, 0.0122072, -0.0221641, -0.000921351, 0.0184085, -0.00122795, -0.00635985, 0.00972972
1618585943064357042, -0.99991, 0.00197038, 0.00525349, 0.0122116, -0.0222857, -0.00120535, 0.0194332, -0.00188678, -0.0081639, 0.0120644
1618585943164357185, -0.999909, 0.00196076, 0.00531064, 0.0122358, -0.0221585, -0.0013982, 0.0202486, -0.00182352, -0.00694714, 0.0124721
1618585943264295578, -0.99991, 0.0019396, 0.00520744, 0.0122355, -0.0222061, -0.00166021, 0.0208009, -0.00155563, -0.00849195, 0.0127767
1618585943364172220, -0.999909, 0.00194029, 0.00522034, 0.0122525, -0.0223297, -0.00165303, 0.0215606, -0.00243646, -0.00702677, 0.0137655
1618585943464087486, -0.999909, 0.00191387, 0.00520092, 0.0122685, -0.0224231, -0.0019079, 0.0219843, -0.00269739, -0.00838412, 0.0138376
1618585943564119101, -0.999909, 0.00187768, 0.00520152, 0.0122882, -0.0222996, -0.00185549, 0.0224675, -0.00266092, -0.00718362, 0.013427
1618585943664138079, -0.999909, 0.00186493, 0.00515826, 0.0123166, -0.0223211, -0.00201182, 0.0225759, -0.00298622, -0.00759206, 0.0125636
1618585943764090061, -0.999909, 0.00183265, 0.00516723, 0.0123214, -0.0225179, -0.00186787, 0.0224637, -0.00282005, -0.00703816, 0.0112324
1618585943864070177, -0.99991, 0.00182763, 0.00503969, 0.0123331, -0.0225462, -0.00186107, 0.0222368, -0.00228898, -0.00643345, 0.00989962
1618585943964186668, -0.999909, 0.00178325, 0.00512545, 0.0123488, -0.0224486, -0.00183872, 0.0217441, -0.0023912, -0.00658637, 0.00769616
1618585944064312935, -0.999909, 0.00176667, 0.00507139, 0.012366, -0.0226046, -0.00187087, 0.0215823, -0.00192418, -0.00589443, 0.00802561
1618585944164344549, -0.999909, 0.00174516, 0.00505427, 0.0123795, -0.0225092, -0.00195436, 0.0214166, -0.00292868, -0.00628672, 0.00757867
1618585944264313459, -0.999909, 0.00171914, 0.00505038, 0.012402, -0.0225381, -0.0017979, 0.0212084, -0.00231827, -0.00563671, 0.00637474
1618585944364233255, -0.999909, 0.00170607, 0.00493408, 0.012422, -0.0224416, -0.00179317, 0.0208246, -0.00180375, -0.00553656, 0.00534223
1618585944464188099, -0.999909, 0.00166602, 0.00501951, 0.0124452, -0.0225272, -0.00157574, 0.0207183, -0.00231854, -0.00514238, 0.00425751
1618585944564162970, -0.999909, 0.00164521, 0.00497927, 0.0124588, -0.0224634, -0.00154306, 0.0204004, -0.00129369, -0.00480497, 0.00314939
1618585944664101124, -0.999909, 0.00162965, 0.00491647, 0.0124707, -0.0224934, -0.00144069, 0.0204708, -0.00188407, -0.00443108, 0.00344301
1618585944764092445, -0.999908, 0.0015901, 0.00498772, 0.0124867, -0.0225741, -0.0014967, 0.0201908, -0.00170209, -0.00460535, 0.00351473
1618585944864057541, -0.999909, 0.00158028, 0.00482545, 0.0125089, -0.02249, -0.00146336, 0.0200823, -0.00184502, -0.00388649, 0.0023403
1618585944964022875, -0.999908, 0.00155338, 0.00493572, 0.0125443, -0.0223945, -0.00141701, 0.0198808, -0.00177371, -0.00403249, 0.00122456
1618585945064047813, -0.999908, 0.0015419, 0.00484326, 0.0125566, -0.0221061, -0.00125845, 0.0196161, -0.000782348, -0.00310646, 0.000793393
1618585945164092064, -0.999908, 0.00153211, 0.0048261, 0.0125767, -0.0221033, -0.00112218, 0.0193707, -0.0014099, -0.00332163, -0.000453299
1618585945264142990, -0.999908, 0.00149508, 0.00484475, 0.0125918, -0.0218359, -0.00101726, 0.0191697, -0.000305513, -0.00273479, -0.000728708
1618585945364205599, -0.999908, 0.00150897, 0.00476603, 0.0126151, -0.021847, -0.0011588, 0.0189734, -0.000793286, -0.00285343, -0.00134291
