1.61859e+09,-0.000633685,-0.000305487,0.000126746,1,0.000960818,0.000465027,0.00725202
1.61859e+09,-0.000608319,-0.000219913,0.000171036,1,0.00134847,-5.12268e-05,0.00798897
1.61859e+09,-0.000539971,3.57409e-05,9.93575e-05,1,0.00158515,-0.000968933,0.00909115
1.61859e+09,-0.000486563,6.15112e-05,8.81412e-05,1,0.00205355,-0.00177098,0.00938646
1.61859e+09,-0.000511128,1.29658e-05,-0.000202587,1,0.00165898,-0.00198774,0.00876401
1.61859e+09,-0.000424557,-5.60031e-05,-0.000399164,1,0.00246143,-0.00108305,0.0088866
1.61859e+09,-0.000417783,-4.23281e-06,-0.000534727,1,0.00258863,-0.00190434,0.00935235
1.61859e+09,-0.000553049,-9.09058e-05,-0.000418092,1,0.00289554,-0.0012003,0.0081362
1.61859e+09,-0.000504111,5.06396e-05,-0.000371438,1,0.00278542,-0.00223885,0.00874275
1.61859e+09,-0.000712826,-0.00011211,-1.40623e-05,1,0.00312233,-0.00210245,0.00892416
1.61859e+09,-0.000630253,0.00126567,-0.000219383,0.999999,0.00310215,-0.00288362,0.0116709
1.61859e+09,-0.000600331,0.0165878,0.00195098,0.99986,0.00130861,0.000287359,0.0265205
1.61859e+09,-0.00588182,0.00758585,0.0027028,0.99995,-0.000515241,0.00725682,0.0149697
1.61859e+09,-0.00518473,-0.0163797,-0.000860188,0.999852,-0.000207479,0.00924527,0.0580381
1.61859e+09,0.000351495,-0.0229221,-0.0074573,0.999709,0.00684265,0.00508051,0.0914287
1.61859e+09,0.00465917,-0.0413091,-0.0152325,0.999019,0.0127091,0.00284207,0.146286
1.61859e+09,0.00508799,-0.0424206,-0.0207036,0.998872,0.0197052,0.00506959,0.215151
1.61859e+09,-0.000219929,-0.0374748,-0.0222795,0.999049,0.0256806,0.0102699,0.265648
1.61859e+09,-0.0060512,-0.0396306,-0.0237709,0.998913,0.0308757,0.0154272,0.307797
1.61859e+09,-0.00631152,-0.0288289,-0.0220224,0.999322,0.0356392,0.0207707,0.341373
1.61859e+09,-0.00231134,-0.0261428,-0.0201813,0.999452,0.0356107,0.0328746,0.353377
1.61859e+09,0.00354325,-0.0247398,-0.0206208,0.999475,0.0359288,0.038877,0.373519
1.61859e+09,-0.000437958,-0.0285129,-0.0152025,0.999478,0.0400625,0.0406544,0.404303
1.61859e+09,-0.0056151,-0.0424938,-0.00714428,0.999055,0.0342616,0.0423295,0.40251
1.61859e+09,0.000449366,-0.0513178,-0.00277551,0.998678,0.0300179,0.0438254,0.416531
1.61859e+09,0.0048265,-0.050583,-0.00182214,0.998707,0.0256583,0.0420939,0.423492
1.61859e+09,0.00177085,-0.0477912,-0.00178423,0.998854,0.0226658,0.0435471,0.432779
1.61859e+09,-0.00321434,-0.0421687,-0.00212412,0.999103,0.0220512,0.0471509,0.43021
1.61859e+09,-0.00557759,-0.0378803,-0.00261523,0.999263,0.0232433,0.0501169,0.418855
1.61859e+09,-0.00557928,-0.0393323,-0.00241794,0.999208,0.0211578,0.0530014,0.417527
1.61859e+09,-0.0060551,-0.0432194,-0.00219223,0.999045,0.0176692,0.0560565,0.423756
1.61859e+09,-0.018622,-0.0449067,-0.00243662,0.998815,0.0116416,0.0593731,0.449249
1.61859e+09,-0.0500707,-0.0414785,-0.00333539,0.997878,0.00498233,0.066353,0.466358
1.61859e+09,-0.0905866,-0.0392813,-0.00425545,0.995104,0.00292206,0.071455,0.458662
1.61859e+09,-0.135448,-0.0420173,-0.00480339,0.989881,0.00094381,0.0773425,0.445765
1.61859e+09,-0.18103,-0.0444509,-0.00541307,0.982458,-0.000693719,0.0795988,0.440818
1.61859e+09,-0.226247,-0.0452746,-0.00479408,0.973005,-0.000805489,0.0806177,0.429934
1.61859e+09,-0.271368,-0.0415773,-0.00387551,0.96157,-0.000665396,0.0799953,0.415753
1.61859e+09,-0.312568,-0.0320965,-0.00510321,0.949339,0.00108271,0.0808652,0.40303
1.61859e+09,-0.348654,-0.0160168,-0.00861095,0.937075,0.00400875,0.0796868,0.389856
1.61859e+09,-0.381504,-0.000168447,-0.011574,0.924295,0.00405981,0.0744147,0.378303
1.61859e+09,-0.41582,0.0154573,-0.0156262,0.909181,0.00280903,0.0672512,0.368687
1.61859e+09,-0.420702,0.0148636,-0.0159854,0.906936,0.00406067,0.0547796,0.343625
1.61859e+09,-0.470676,0.0214115,-0.0164959,0.881892,-0.00313989,0.0185914,0.328559
1.61859e+09,-0.479684,0.0111942,-0.0142877,0.877253,-0.00421629,0.0164257,0.32269
1.61859e+09,-0.4847,0.00440057,-0.0129023,0.874574,-0.00466216,0.0258897,0.328011
1.61859e+09,-0.489875,0.00945373,-0.0154727,0.871604,-0.00460201,0.0328158,0.332367
1.61859e+09,-0.49129,0.0132419,-0.0153521,0.87076,-0.00648066,0.014226,0.320501
1.61859e+09,-0.49103,0.0124044,-0.01314,0.870955,-0.00572664,0.0188817,0.319682
1.61859e+09,-0.490367,0.0120059,-0.011073,0.871363,-0.00611004,0.0197932,0.31858
1.61859e+09,-0.489687,0.0125298,-0.0101842,0.871749,-0.00673719,0.0203509,0.317611
1.61859e+09,-0.489726,0.0140892,-0.0108616,0.871695,-0.00781817,0.0203327,0.318127
1.61859e+09,-0.488259,0.0141274,-0.01148,0.872509,-0.00823249,0.0152618,0.315663
1.61859e+09,-0.482139,0.0123383,-0.0125198,0.875919,-0.00826902,0.0181777,0.311585
1.61859e+09,-0.465609,0.0090784,-0.0157714,0.884804,-0.00590704,0.020028,0.301576
1.61859e+09,-0.43806,-0.00108059,-0.0179839,0.898765,-0.00292601,0.0224648,0.294268
1.61859e+09,-0.433339,-0.000956756,-0.0185145,0.90104,-0.00516614,0.0311251,0.308885
1.61859e+09,-0.363056,-0.0138373,-0.0328638,0.931085,0.00626515,0.0433529,0.302824
1.61859e+09,-0.315605,-0.0204351,-0.0419162,0.947744,0.0131632,0.0459846,0.30855
1.61859e+09,-0.259416,-0.0278657,-0.0503424,0.96405,0.0190265,0.0456644,0.30534
1.61859e+09,-0.196193,-0.036818,-0.0587332,0.978112,0.0229347,0.0537973,0.312399
1.61859e+09,-0.134516,-0.0396044,-0.0676353,0.987807,0.0237634,0.0606233,0.336324
1.61859e+09,-0.0788227,-0.03428,-0.0764117,0.993365,0.0248368,0.0592928,0.361045
1.61859e+09,-0.018389,-0.0255366,-0.082124,0.996125,0.0287171,0.0518932,0.36044
1.61859e+09,0.0481632,-0.0272557,-0.0834324,0.994976,0.0299519,0.0482651,0.382751
1.61859e+09,0.111845,-0.0251003,-0.0800372,0.990179,0.0284472,0.0380745,0.41301
1.61859e+09,0.166848,-0.0194917,-0.0742108,0.982993,0.0279387,0.0283255,0.429068
1.61859e+09,0.211366,-0.0177979,-0.0676459,0.974901,0.0263755,0.0211133,0.439815
1.61859e+09,0.251137,-0.0218649,-0.0629382,0.965656,0.0249581,0.0164709,0.44625
1.61859e+09,0.289388,-0.0309949,-0.0604616,0.954797,0.0227977,0.00996129,0.451813
1.61859e+09,0.327474,-0.0434328,-0.0606418,0.941911,0.0206164,0.00092158,0.453945
1.61859e+09,0.363677,-0.056307,-0.0636182,0.927643,0.0168825,-0.0130908,0.463875
1.61859e+09,0.393682,-0.0641612,-0.0685271,0.914441,0.0113235,-0.0329841,0.479449
1.61859e+09,0.4186,-0.0664134,-0.071179,0.902938,0.00797771,-0.049405,0.492919
1.61859e+09,0.437895,-0.0654494,-0.0700672,0.893899,0.00917087,-0.053673,0.500176
1.61859e+09,0.453094,-0.063727,-0.0663857,0.8867,0.00893696,-0.0534514,0.505605
1.61859e+09,0.462508,-0.065688,-0.0646711,0.88181,0.0039858,-0.0647864,0.513145
1.61859e+09,0.464501,-0.0649666,-0.0657389,0.880736,-1.6328e-05,-0.0691998,0.517798
1.61859e+09,0.462512,-0.0600897,-0.0676037,0.881987,0.00225121,-0.0671887,0.514563
1.61859e+09,0.459489,-0.0548194,-0.0696248,0.883752,0.00665435,-0.0615603,0.507147
1.61859e+09,0.455165,-0.051317,-0.0707891,0.886104,0.0088391,-0.0628742,0.507497
1.61859e+09,0.443296,-0.0481625,-0.0714504,0.892224,0.00915282,-0.0604008,0.517273
1.61859e+09,0.414339,-0.0461037,-0.073146,0.906006,0.00566556,-0.0618289,0.535879
1.61859e+09,0.365539,-0.0421254,-0.0763671,0.926701,-0.000446109,-0.0591975,0.567538
1.61859e+09,0.300131,-0.030769,-0.0781354,0.950195,0.00238709,-0.0435667,0.590116
1.61859e+09,0.226358,-0.0266581,-0.080119,0.970377,0.00589217,-0.0171326,0.592187
1.61859e+09,0.146252,-0.027539,-0.0800092,0.985622,0.00366517,0.00627063,0.593414
1.61859e+09,0.064204,-0.031083,-0.0771838,0.994462,-0.000460161,0.0291878,0.585786
1.61859e+09,-0.0074001,-0.0356472,-0.0724503,0.996707,-0.00278776,0.0442313,0.566601
1.61859e+09,-0.0736274,-0.0359413,-0.066056,0.994447,-0.00880062,0.057274,0.564137
1.61859e+09,-0.13797,-0.0297267,-0.0609301,0.988113,-0.013594,0.0688324,0.561275
1.61859e+09,-0.199509,-0.0204653,-0.0579,0.97797,-0.0131835,0.0734821,0.534751
1.61859e+09,-0.254897,-0.0164675,-0.0550092,0.965262,-0.00895338,0.0776136,0.504803
1.61859e+09,-0.306357,-0.0160934,-0.0497613,0.950479,-0.00393697,0.0730301,0.475265
1.61859e+09,-0.356472,-0.01432,-0.0392209,0.933373,-0.00716115,0.0600305,0.453239
1.61859e+09,-0.402042,-0.0183101,-0.0252888,0.915089,-0.0125316,0.0472429,0.421834
1.61859e+09,-0.416197,-0.0221218,-0.0202799,0.908779,-0.000960425,0.0527365,0.396771
1.61859e+09,-0.468735,-0.0164141,-0.00640601,0.883163,-0.0190127,0.0586705,0.390687
1.61859e+09,-0.475226,-0.0150329,-0.0049227,0.879721,-0.0174008,0.0571813,0.373198
1.61859e+09,-0.48391,-0.0117795,-0.00277739,0.875034,-0.0113785,0.0518954,0.365061
1.61859e+09,-0.487964,-0.0110879,-0.00233116,0.87279,-0.0107683,0.0465122,0.351311
1.61859e+09,-0.515365,-0.00305968,0.00185053,0.856964,-0.0216117,0.040205,0.341782
1.61859e+09,-0.519995,-0.00276874,0.00202881,0.854163,-0.0229051,0.0419493,0.340515
1.61859e+09,-0.523836,-0.0010484,0.0018338,0.851816,-0.0242321,0.033545,0.336812
1.61859e+09,-0.526604,0.000269159,0.00291865,0.850106,-0.0244424,0.0402451,0.335427
1.61859e+09,-0.527323,0.00285591,0.00333487,0.849653,-0.0246017,0.0328501,0.329055
1.61859e+09,-0.523117,0.00269,0.00399287,0.852247,-0.0244384,0.031442,0.321889
1.61859e+09,-0.510086,0.000570291,0.00174581,0.860122,-0.022007,0.0413611,0.313518
1.61859e+09,-0.499076,0.000285623,-0.000433079,0.866558,-0.0284116,0.0477447,0.322796
1.61859e+09,-0.457287,-0.00845011,-0.0129701,0.889184,-0.023823,0.0765085,0.324594
1.61859e+09,-0.419144,-0.0141227,-0.0255196,0.907451,-0.0175291,0.07831,0.340175
1.61859e+09,-0.335279,-0.0259655,-0.0412177,0.940859,0.00109594,0.0617663,0.343744
1.61859e+09,-0.272624,-0.031139,-0.0525076,0.960182,0.00686292,0.0564366,0.35141
1.61859e+09,-0.205538,-0.0354386,-0.0586178,0.976249,0.00976389,0.061571,0.367031
1.61859e+09,-0.131487,-0.0386023,-0.0613468,0.988665,0.00952119,0.0678044,0.389408
1.61859e+09,-0.0514148,-0.0313886,-0.0631577,0.996184,0.00607264,0.0679849,0.431045
1.61859e+09,0.0215735,-0.019311,-0.0630864,0.997588,0.00561395,0.0604756,0.454371
1.61859e+09,0.093448,-0.00286277,-0.0588956,0.993877,0.00353408,0.0511353,0.488303
1.61859e+09,0.167606,0.00931864,-0.0514458,0.984467,0.00493905,0.0420398,0.493803
1.61859e+09,0.232948,0.00628458,-0.0424111,0.971544,0.00571334,0.0374402,0.474927
1.61859e+09,0.29239,-0.00337311,-0.0349049,0.955656,0.00136696,0.028402,0.482689
1.61859e+09,0.346237,-0.0152634,-0.0311705,0.937505,-0.00250956,0.0193001,0.496309
1.61859e+09,0.391316,-0.0214417,-0.0288547,0.919554,-0.00694924,0.0042324,0.511614
1.61859e+09,0.429056,-0.0245609,-0.0279432,0.902511,-0.0106418,-0.00542794,0.524741
1.61859e+09,0.455998,-0.0240976,-0.0282561,0.889205,-0.0106989,-0.0132965,0.535248
1.61859e+09,0.472541,-0.0257761,-0.0300576,0.880419,-0.0116463,-0.0302402,0.545945
1.61859e+09,0.480259,-0.0307786,-0.0324133,0.875987,-0.011487,-0.0301562,0.548044
1.61859e+09,0.482361,-0.0391142,-0.0368083,0.874324,-0.0147377,-0.0371173,0.548901
1.61859e+09,0.48372,-0.045292,-0.0397565,0.873146,-0.0185695,-0.0488277,0.547083
1.61859e+09,0.486278,-0.0513946,-0.0430055,0.87123,-0.0187804,-0.0474044,0.54504
1.61859e+09,0.488194,-0.0544882,-0.0437469,0.869933,-0.0192969,-0.0442601,0.544084
1.61859e+09,0.485934,-0.0589291,-0.0450324,0.870843,-0.0225043,-0.0460594,0.549524
1.61859e+09,0.472307,-0.0622634,-0.0471833,0.877965,-0.0280499,-0.0504009,0.564605
1.61859e+09,0.438631,-0.0638697,-0.0497128,0.895015,-0.0319108,-0.0427041,0.582713
1.61859e+09,0.382702,-0.0604077,-0.0524637,0.920401,-0.0325038,-0.0184292,0.602033
1.61859e+09,0.311783,-0.0518422,-0.05369,0.947218,-0.0297971,0.00691329,0.615144
1.61859e+09,0.234081,-0.0401773,-0.0527277,0.969954,-0.0224375,0.0341758,0.605798
1.61859e+09,0.157296,-0.0310787,-0.048837,0.985853,-0.0195013,0.0572853,0.579734
1.61859e+09,0.0927877,-0.0311742,-0.0437905,0.994234,-0.0189891,0.0813168,0.539306
1.61859e+09,0.0411293,-0.038955,-0.0366438,0.997721,-0.0250789,0.0917928,0.500199
1.61859e+09,0.0166701,-0.042891,-0.0307998,0.998466,-0.0303032,0.0994115,0.472242
1.61859e+09,0.00866225,-0.043264,-0.0285079,0.998619,-0.0328127,0.104726,0.456886
1.61859e+09,0.00802197,-0.043047,-0.0285746,0.998632,-0.0323881,0.105922,0.454692
1.61859e+09,0.00933877,-0.0420452,-0.0296355,0.998632,-0.0309904,0.106285,0.451139
1.61859e+09,0.00963964,-0.0388354,-0.0319307,0.998689,-0.0292431,0.107853,0.454159
1.61859e+09,0.00837031,-0.0374481,-0.0392894,0.998491,-0.0276127,0.113535,0.451759
1.61859e+09,0.00649973,-0.036562,-0.0572073,0.997671,-0.0215287,0.121867,0.451729
1.61859e+09,0.00314419,-0.0354502,-0.0897718,0.995326,-0.00783586,0.142387,0.444473
1.61859e+09,-0.00181804,-0.0336883,-0.126653,0.991373,0.00793736,0.138072,0.438566
1.61859e+09,-0.00661595,-0.0298,-0.172607,0.984518,0.0261626,0.142392,0.439062
1.61859e+09,-0.0108134,-0.0295504,-0.222619,0.974398,0.0443933,0.141617,0.427653
1.61859e+09,-0.0154413,-0.0350219,-0.276348,0.960295,0.0696696,0.140746,0.406501
1.61859e+09,-0.0198854,-0.0454139,-0.331523,0.942144,0.095297,0.139032,0.417663
1.61859e+09,-0.0278256,-0.0531853,-0.382459,0.922021,0.117197,0.131294,0.415253
1.61859e+09,-0.040395,-0.0639425,-0.426021,0.901546,0.135375,0.120128,0.40748
1.61859e+09,-0.0505935,-0.0771003,-0.461724,0.882217,0.147043,0.110086,0.407376
1.61859e+09,-0.0500852,-0.0783565,-0.493854,0.864557,0.155944,0.101221,0.399149
1.61859e+09,-0.0436131,-0.0746983,-0.522623,0.848165,0.163455,0.0869536,0.39463
1.61859e+09,-0.033963,-0.0713348,-0.543891,0.835428,0.170831,0.0687666,0.377615
1.61859e+09,-0.027993,-0.0725329,-0.558375,0.825937,0.171902,0.05973,0.382589
1.61859e+09,-0.0267057,-0.0735111,-0.568974,0.818628,0.172244,0.0514346,0.391713
1.61859e+09,-0.0286074,-0.0766887,-0.575952,0.813375,0.172397,0.0464413,0.39156
1.61859e+09,-0.0318209,-0.0819102,-0.579805,0.810002,0.170306,0.0434593,0.395537
1.61859e+09,-0.0343331,-0.0851105,-0.580915,0.808774,0.169122,0.040896,0.398953
1.61859e+09,-0.0353731,-0.085174,-0.57771,0.811015,0.168869,0.0386012,0.396408
1.61859e+09,-0.0332978,-0.0825592,-0.567082,0.818837,0.163653,0.0333004,0.395096
1.61859e+09,-0.0292993,-0.0763482,-0.546947,0.833164,0.154383,0.0282239,0.400537
1.61859e+09,-0.0245408,-0.0683227,-0.511933,0.855953,0.141036,0.0447999,0.398284
1.61859e+09,-0.0208871,-0.0669332,-0.463421,0.88336,0.129567,0.0508217,0.400014
1.61859e+09,-0.0133898,-0.061084,-0.408302,0.910703,0.109504,0.0594295,0.418576
1.61859e+09,-0.00427557,-0.0527187,-0.349823,0.935322,0.0876057,0.0616521,0.419627
1.61859e+09,0.0044122,-0.0442153,-0.287288,0.956813,0.064262,0.0569362,0.407934
1.61859e+09,0.0101013,-0.03873,-0.217368,0.975269,0.0393479,0.0505756,0.431714
1.61859e+09,0.0110825,-0.0303212,-0.144153,0.989029,0.0114149,0.0422535,0.436742
1.61859e+09,0.010342,-0.028617,-0.0731883,0.996854,-0.0212892,0.0394971,0.428867
1.61859e+09,0.0121145,-0.0242463,-0.00673968,0.99961,-0.0488703,0.0378074,0.439135
1.61859e+09,0.00409308,-0.0119619,0.0582388,0.998223,-0.0687992,0.0353256,0.443505
1.61859e+09,-0.0144886,-0.00378818,0.11863,0.992826,-0.0882165,0.0408408,0.431351
1.61859e+09,-0.033168,0.0032522,0.170303,0.984828,-0.0910337,0.0445659,0.402276
1.61859e+09,-0.0459467,0.00284469,0.211134,0.976373,-0.0776263,0.0372635,0.398039
1.61859e+09,-0.0540122,0.00101436,0.246341,0.967676,-0.0681378,0.0434048,0.377421
1.61859e+09,-0.051159,-0.00814446,0.278945,0.958909,-0.0707757,0.0452132,0.364406
1.61859e+09,-0.0433797,-0.0163844,0.305085,0.951196,-0.0774079,0.0482894,0.364415
1.61859e+09,-0.0399906,-0.0240283,0.323848,0.944958,-0.0846974,0.0538431,0.368618
1.61859e+09,-0.0417858,-0.0294694,0.332338,0.941773,-0.0907272,0.0571786,0.372984
1.61859e+09,-0.0413459,-0.0348571,0.330349,0.942308,-0.0930355,0.0615328,0.368825
1.61859e+09,-0.0395599,-0.0393767,0.322042,0.945078,-0.0977269,0.0653994,0.373471
1.61859e+09,-0.038451,-0.0390326,0.304543,0.950921,-0.104585,0.0708366,0.380235
1.61859e+09,-0.0375103,-0.032048,0.275299,0.960092,-0.106997,0.0814182,0.387457
1.61859e+09,-0.0351857,-0.0244764,0.233032,0.971524,-0.101487,0.0920775,0.38027
1.61859e+09,-0.0314011,-0.019093,0.180668,0.982857,-0.0903331,0.101684,0.366877
1.61859e+09,-0.0275811,-0.0154798,0.126358,0.99148,-0.081649,0.101012,0.367954
1.61859e+09,-0.0246421,-0.0148896,0.0692717,0.997182,-0.0718055,0.0981208,0.361731
1.61859e+09,-0.0174215,-0.0182183,0.0139025,0.999586,-0.0628477,0.0863799,0.364386
1.61859e+09,-0.00942706,-0.0242259,-0.040812,0.998829,-0.051425,0.0833242,0.363267
1.61859e+09,-0.00344676,-0.0293254,-0.0969675,0.994849,-0.0428776,0.0773258,0.384583
1.61859e+09,0.000887029,-0.0257067,-0.153771,0.987772,-0.0297829,0.0705004,0.405787
1.61859e+09,0.00720092,-0.0188818,-0.211033,0.97727,-0.00851756,0.064603,0.394437
1.61859e+09,0.0132327,-0.023798,-0.267233,0.963247,0.0125982,0.0541907,0.380409
1.61859e+09,0.0141813,-0.0309557,-0.322668,0.945899,0.0306898,0.0526347,0.397378
1.61859e+09,0.0106537,-0.0339677,-0.374432,0.926571,0.0468793,0.042639,0.397923
1.61859e+09,0.0051591,-0.0387139,-0.422711,0.905422,0.0658597,0.0361561,0.390124
1.61859e+09,-0.000558835,-0.0491837,-0.467411,0.882671,0.0795764,0.031718,0.376491
1.61859e+09,-0.00647373,-0.0629568,-0.508997,0.858439,0.0926554,0.0325156,0.377732
1.61859e+09,-0.0130095,-0.0704845,-0.544424,0.835742,0.0972719,0.032242,0.38666
1.61859e+09,-0.0147111,-0.0696289,-0.576491,0.813998,0.100379,0.025038,0.378577
1.61859e+09,-0.0076357,-0.0661697,-0.606826,0.792039,0.108739,0.0333328,0.367434
1.61859e+09,0.00145866,-0.0645536,-0.628303,0.775284,0.109119,0.0249032,0.36188
1.61859e+09,0.010232,-0.0628995,-0.643795,0.76254,0.106576,0.0174985,0.36236
1.61859e+09,0.0157282,-0.0622391,-0.653611,0.754103,0.105025,0.0139474,0.365393
1.61859e+09,0.0165725,-0.0631187,-0.660071,0.748363,0.105168,0.0127689,0.366651
1.61859e+09,0.0170316,-0.0612217,-0.663318,0.745635,0.105063,0.0128913,0.365022
1.61859e+09,0.0161325,-0.0596309,-0.665317,0.744001,0.105267,0.0135027,0.358801
1.61859e+09,0.0158178,-0.0599079,-0.665719,0.743625,0.104077,0.0143992,0.356011
1.61859e+09,0.0155357,-0.0607987,-0.665366,0.743875,0.105035,0.0173776,0.356442
1.61859e+09,0.014934,-0.0630501,-0.663163,0.745666,0.104382,0.0197928,0.357114
1.61859e+09,0.0139016,-0.0635222,-0.658622,0.749659,0.105581,0.0228155,0.358202
1.61859e+09,0.0115472,-0.0618652,-0.642772,0.763468,0.0895124,0.0302944,0.361738
1.61859e+09,0.00520561,-0.0649389,-0.616431,0.784709,0.0821234,0.0343745,0.354955
1.61859e+09,-0.000628155,-0.0744443,-0.576467,0.813722,0.0717653,0.0355064,0.351206
1.61859e+09,-0.00133131,-0.0803335,-0.524665,0.847509,0.0569253,0.0459244,0.367077
1.61859e+09,0.00013628,-0.0810152,-0.466311,0.880903,0.0400452,0.0547913,0.37443
1.61859e+09,0.0045013,-0.0792942,-0.402072,0.912157,0.0194682,0.0580907,0.377865
1.61859e+09,0.00690749,-0.0773961,-0.357307,0.930749,0.0176844,0.137012,0.383747
1.61859e+09,0.00499053,-0.0760562,-0.356857,0.931044,0.0260103,0.129974,0.383782
1.61859e+09,0.00192517,-0.062647,-0.350069,0.934625,0.107506,0.244836,0.410352
1.61859e+09,0.00105329,-0.0526361,-0.351542,0.934691,0.109829,0.191659,0.39729
1.61859e+09,0.00115262,-0.0471103,-0.349875,0.935611,0.100668,0.180218,0.382863
1.61859e+09,0.000972263,-0.0470519,-0.349815,0.935636,0.0999322,0.178721,0.384813
1.61859e+09,-5.41652e-05,-0.0507525,-0.346061,0.936838,0.117391,0.20993,0.388491
1.61859e+09,-0.0014164,-0.0505998,-0.346686,0.936614,0.107008,0.192867,0.396007
1.61859e+09,-0.0130384,-0.0516806,-0.334869,0.940756,0.0157975,0.130046,0.457193
1.61859e+09,-0.0210886,-0.0484497,-0.334765,0.940819,-0.136206,-0.00796316,0.492253
1.61859e+09,-0.0201323,-0.0397939,-0.296602,0.953959,-0.142361,-0.00232777,0.512594
1.61859e+09,-0.0226328,-0.0326925,-0.266339,0.963059,-0.143568,-0.000117325,0.502105
1.61859e+09,-0.0262152,-0.0395121,-0.244399,0.968515,-0.144885,0.00868882,0.497517
1.61859e+09,-0.023574,-0.0401539,-0.233876,0.971151,-0.142228,0.0137653,0.497321
1.61859e+09,-0.0213745,-0.0359219,-0.230619,0.972146,-0.140583,0.0171998,0.500764
1.61859e+09,-0.0205364,-0.0305425,-0.235813,0.971101,-0.136228,0.0188442,0.487274
1.61859e+09,-0.019145,-0.031325,-0.247085,0.968298,-0.133689,0.0199889,0.483178
1.61859e+09,-0.0160163,-0.0369396,-0.265723,0.963208,-0.130589,0.0237918,0.495115
1.61859e+09,-0.00888512,-0.0340462,-0.293014,0.95546,-0.121192,0.0240857,0.501163
1.61859e+09,-0.000528662,-0.0233171,-0.327865,0.944436,-0.111562,0.0229652,0.508339
1.61859e+09,0.00627578,-0.0189298,-0.373486,0.927421,-0.097306,0.0193557,0.497841
1.61859e+09,0.0127955,-0.026306,-0.420246,0.906938,-0.0835949,0.0102891,0.488279
1.61859e+09,0.0107188,-0.0404209,-0.465329,0.88415,-0.0778585,0.00425261,0.485673
1.61859e+09,0.00132469,-0.0577862,-0.509457,0.858553,-0.0779871,-0.00461871,0.481486
1.61859e+09,-0.00643161,-0.0731695,-0.541734,0.837335,-0.0884733,-0.0157469,0.48262
1.61859e+09,-0.0157738,-0.0866049,-0.561279,0.822932,-0.105077,-0.0131233,0.48698
1.61859e+09,-0.0249222,-0.0966747,-0.570056,0.815518,-0.126061,-0.00421019,0.512027
1.61859e+09,-0.0266095,-0.100502,-0.571963,0.813664,-0.137227,0.00112978,0.528074
1.61859e+09,-0.0184681,-0.0902972,-0.573898,0.813724,-0.119214,-0.00154288,0.540733
1.61859e+09,0.00670065,-0.0539031,-0.572356,0.818204,-0.106651,-0.00458386,0.564205
1.61859e+09,0.0327118,-0.00848031,-0.566276,0.823522,-0.106904,-0.0155981,0.563711
1.61859e+09,0.0609893,0.0388263,-0.560146,0.825233,-0.0975108,-0.0264822,0.568925
1.61859e+09,0.0892159,0.0835634,-0.553177,0.824047,-0.0880836,-0.0391331,0.5632
1.61859e+09,0.112202,0.115104,-0.547423,0.821274,-0.0794368,-0.048669,0.547763
1.61859e+09,0.133856,0.143115,-0.541921,0.817265,-0.0755581,-0.0599349,0.544429
1.61859e+09,0.155237,0.172615,-0.535572,0.811953,-0.0730766,-0.0641908,0.532133
1.61859e+09,0.172224,0.19558,-0.530202,0.806829,-0.0697271,-0.0683001,0.51283
1.61859e+09,0.188056,0.223167,-0.524385,0.799907,-0.0704197,-0.0714646,0.504364
1.61859e+09,0.205289,0.250125,-0.518274,0.791635,-0.069626,-0.0745487,0.497315
1.61859e+09,0.22116,0.274329,-0.512636,0.782967,-0.0679492,-0.075878,0.48036
1.61859e+09,0.235885,0.295873,-0.507333,0.774229,-0.0685015,-0.0744888,0.46715
1.61859e+09,0.248759,0.31562,-0.503295,0.764982,-0.0693987,-0.0763473,0.458309
1.61859e+09,0.257948,0.330941,-0.500821,0.757046,-0.0702801,-0.074251,0.445826
1.61859e+09,0.263795,0.339468,-0.500103,0.751712,-0.0695628,-0.0780158,0.435675
1.61859e+09,0.267986,0.344585,-0.499981,0.747974,-0.070756,-0.0775058,0.427604
1.61859e+09,0.270138,0.349532,-0.500252,0.744715,-0.0727197,-0.0753926,0.422582
1.61859e+09,0.272026,0.354391,-0.500391,0.741632,-0.0737226,-0.0767824,0.418363
1.61859e+09,0.27239,0.357759,-0.500219,0.739995,-0.0748103,-0.0730135,0.414337
1.61859e+09,0.272028,0.359241,-0.500515,0.739209,-0.0728317,-0.0737996,0.410184
1.61859e+09,0.261183,0.344664,-0.505202,0.746834,-0.0744406,-0.0681501,0.386641
1.61859e+09,0.233378,0.304608,-0.516398,0.76556,-0.0793566,-0.0553701,0.367859
1.61859e+09,0.197158,0.250779,-0.528708,0.786579,-0.0878984,-0.0406866,0.348754
1.61859e+09,0.155324,0.179733,-0.542616,0.805691,-0.0886588,-0.0384172,0.347964
1.61859e+09,0.108626,0.106816,-0.553288,0.81894,-0.0914478,-0.0437821,0.359725
1.61859e+09,0.0625906,0.0374877,-0.55951,0.825606,-0.0927915,-0.0495213,0.372162
1.61859e+09,0.0209442,-0.0240515,-0.562843,0.825948,-0.0942698,-0.0517147,0.406122
1.61859e+09,-0.0151908,-0.0779206,-0.562575,0.822926,-0.0964469,-0.0480536,0.414499
1.61859e+09,-0.0571805,-0.130264,-0.559544,0.8165,-0.100196,-0.038727,0.390595
1.61859e+09,-0.0938681,-0.187564,-0.553713,0.80586,-0.104772,-0.0273033,0.419392
1.61859e+09,-0.108172,-0.214613,-0.551777,0.798613,-0.107146,-0.0229483,0.439733
1.61859e+09,-0.12041,-0.234069,-0.550533,0.792229,-0.107254,-0.0255549,0.433706
1.61859e+09,-0.140665,-0.262209,-0.546107,0.783088,-0.108955,-0.0223374,0.435712
1.61859e+09,-0.15311,-0.27987,-0.542534,0.777102,-0.111618,-0.0159092,0.443274
1.61859e+09,-0.163485,-0.289292,-0.540769,0.772756,-0.112904,-0.0130189,0.443364
1.61859e+09,-0.166596,-0.29151,-0.54026,0.771613,-0.112364,-0.0134695,0.44563
1.61859e+09,-0.16755,-0.292927,-0.539692,0.771267,-0.112362,-0.0158239,0.440349
1.61859e+09,-0.171549,-0.299546,-0.538685,0.768545,-0.111971,-0.0157701,0.438197
1.61859e+09,-0.172194,-0.303397,-0.538594,0.766952,-0.113366,-0.0118628,0.441417
1.61859e+09,-0.170212,-0.302521,-0.539317,0.767233,-0.114422,-0.0106901,0.446624
1.61859e+09,-0.162185,-0.292003,-0.540732,0.772035,-0.115675,-0.00812529,0.457284
1.61859e+09,-0.146887,-0.269334,-0.543016,0.781676,-0.118914,-0.00447729,0.468914
1.61859e+09,-0.122239,-0.233338,-0.547008,0.794602,-0.122859,-0.00264372,0.48987
1.61859e+09,-0.0856313,-0.183285,-0.551673,0.809155,-0.125445,-0.00544765,0.512722
1.61859e+09,-0.0483702,-0.128704,-0.555299,0.820206,-0.129314,-0.00714021,0.537408
1.61859e+09,-0.00678596,-0.0691912,-0.557681,0.827139,-0.130747,-0.0156857,0.574744
1.61859e+09,0.0341758,-0.0076229,-0.556849,0.829876,-0.130236,-0.0282992,0.606318
1.61859e+09,0.0707968,0.0527956,-0.553447,0.828189,-0.125044,-0.0393782,0.585963
1.61859e+09,0.107674,0.113595,-0.547703,0.821903,-0.117906,-0.0519197,0.577412
1.61859e+09,0.136088,0.164281,-0.541371,0.813271,-0.113121,-0.0541488,0.511494
1.61859e+09,0.158819,0.20257,-0.535399,0.804419,-0.110364,-0.0596917,0.50287
1.61859e+09,0.181783,0.239494,-0.528993,0.793577,-0.109379,-0.0604568,0.483297
1.61859e+09,0.201146,0.273701,-0.522776,0.781878,-0.108623,-0.061507,0.462897
1.61859e+09,0.216104,0.301232,-0.517177,0.771419,-0.106577,-0.0628285,0.444726
1.61859e+09,0.224594,0.316147,-0.514094,0.765059,-0.102824,-0.0667681,0.43259
1.61859e+09,0.228429,0.323579,-0.512302,0.762012,-0.102086,-0.0671404,0.424818
1.61859e+09,0.233072,0.329702,-0.510498,0.759187,-0.102236,-0.0672706,0.421004
1.61859e+09,0.235214,0.333455,-0.509395,0.757627,-0.103946,-0.0650855,0.41332
1.61859e+09,0.237217,0.335739,-0.508275,0.756745,-0.10413,-0.0637524,0.409281
1.61859e+09,0.233146,0.330639,-0.510007,0.759087,-0.108346,-0.0566534,0.395843
1.61859e+09,0.225393,0.316828,-0.513541,0.764914,-0.109366,-0.0537422,0.387326
1.61859e+09,0.203618,0.286517,-0.521571,0.777439,-0.119008,-0.0377834,0.362619
1.61859e+09,0.174414,0.241059,-0.531927,0.792795,-0.119854,-0.037611,0.36268
1.61859e+09,0.139635,0.185603,-0.542293,0.807448,-0.121014,-0.0347266,0.362621
1.61859e+09,0.0968899,0.116497,-0.551388,0.820373,-0.12077,-0.0343513,0.354773
1.61859e+09,0.0559395,0.0478696,-0.556711,0.827437,-0.119999,-0.036636,0.389275
1.61859e+09,0.0209408,-0.0130069,-0.5588,0.828936,-0.119284,-0.0351065,0.423264
1.61859e+09,-0.0128253,-0.0683038,-0.559125,0.826166,-0.117664,-0.0307302,0.438189
1.61859e+09,-0.0480795,-0.113698,-0.558391,0.820342,-0.118488,-0.0233326,0.42085
1.61859e+09,-0.0861232,-0.163,-0.554932,0.811212,-0.118687,-0.0200061,0.433198
1.61859e+09,-0.118138,-0.203043,-0.55113,0.800671,-0.119336,-0.0125469,0.443612
1.61859e+09,-0.148891,-0.242018,-0.54617,0.788008,-0.116617,-0.0107445,0.434149
1.61859e+09,-0.175607,-0.279819,-0.540386,0.773852,-0.116229,-0.00465178,0.434159
1.61859e+09,-0.189326,-0.302338,-0.537503,0.764093,-0.116456,-0.000566674,0.429745
1.61859e+09,-0.201519,-0.32206,-0.53502,0.7546,-0.118065,0.00313188,0.427651
1.61859e+09,-0.211232,-0.3368,-0.533027,0.746879,-0.118506,0.005609,0.427271
1.61859e+09,-0.215511,-0.342771,-0.532698,0.743166,-0.119379,0.00403597,0.42352
1.61859e+09,-0.221903,-0.350502,-0.531178,0.738753,-0.121938,0.00611391,0.42113
1.61859e+09,-0.231925,-0.362727,-0.527907,0.73209,-0.123102,0.00538539,0.419344
1.61859e+09,-0.236074,-0.369843,-0.527075,0.727789,-0.124291,0.00717291,0.418267
1.61859e+09,-0.239689,-0.375915,-0.527132,0.723442,-0.124963,0.00863028,0.415956
1.61859e+09,-0.236724,-0.374671,-0.529111,0.723619,-0.12651,0.0115745,0.418752
1.61859e+09,-0.23135,-0.36845,-0.531641,0.726691,-0.126841,0.0122594,0.426253
1.61859e+09,-0.224997,-0.358038,-0.533128,0.732775,-0.125983,0.0100456,0.434541
1.61859e+09,-0.206914,-0.334521,-0.537893,0.745623,-0.127923,0.0133894,0.453876
1.61859e+09,-0.177691,-0.295402,-0.546586,0.763156,-0.128588,0.00881492,0.470274
1.61859e+09,-0.146707,-0.25148,-0.554148,0.779843,-0.133098,0.00539525,0.490339
1.61859e+09,-0.113909,-0.20575,-0.559161,0.795003,-0.137961,0.0042057,0.511671
1.61859e+09,-0.0773312,-0.156168,-0.562117,0.80849,-0.142034,0.000451428,0.536898
1.61859e+09,-0.0384485,-0.107965,-0.563352,0.81823,-0.143267,-0.00491323,0.556055
1.61859e+09,-0.0157557,-0.0812515,-0.563512,0.821952,-0.134989,-0.0124961,0.519201
1.61859e+09,-0.00715794,-0.0685498,-0.564249,0.822723,-0.132006,-0.0129411,0.50429
1.61859e+09,-0.00328652,-0.0629178,-0.564631,0.822935,-0.128594,-0.0146326,0.475731
1.61859e+09,-0.00188343,-0.0656231,-0.565075,0.822423,-0.126911,-0.0139771,0.464599
1.61859e+09,-0.000813489,-0.0681824,-0.566564,0.821192,-0.126446,-0.0116617,0.474799
1.61859e+09,0.00229453,-0.0647643,-0.570155,0.818977,-0.121753,-0.0150484,0.485891
1.61859e+09,0.00433503,-0.0593967,-0.57456,0.816293,-0.121393,-0.0200145,0.523901
1.61859e+09,0.00419767,-0.0509126,-0.578631,0.813988,-0.120738,-0.0310385,0.573106
1.61859e+09,0.00334091,-0.0394129,-0.58196,0.812255,-0.11953,-0.0412657,0.620155
1.61859e+09,-0.000273047,-0.0317165,-0.588239,0.808065,-0.115813,-0.0520266,0.673509
1.61859e+09,-0.00494303,-0.0320371,-0.596325,0.802088,-0.113713,-0.0613436,0.70636
1.61859e+09,-0.00503287,-0.0382323,-0.605025,0.795272,-0.118987,-0.0692609,0.753602
1.61859e+09,0.000374362,-0.0460452,-0.611843,0.789638,-0.121485,-0.0826373,0.77964
1.61859e+09,0.000832208,-0.0553332,-0.615406,0.786265,-0.125977,-0.0898256,0.812454
1.61859e+09,-0.00603617,-0.0604505,-0.617636,0.784114,-0.130971,-0.0902424,0.84613
1.61859e+09,-0.0112639,-0.0613288,-0.617525,0.784076,-0.132938,-0.0897638,0.85686
1.61859e+09,-0.00780734,-0.0583442,-0.614552,0.786677,-0.134221,-0.0878399,0.845208
1.61859e+09,0.00359965,-0.0521776,-0.609745,0.79087,-0.136085,-0.0858627,0.830567
1.61859e+09,0.0176389,-0.0428659,-0.603294,0.796171,-0.136546,-0.0833952,0.794371
1.61859e+09,0.0274609,-0.0301464,-0.594716,0.802901,-0.13728,-0.0798017,0.737062
1.61859e+09,0.0271684,-0.0224669,-0.586664,0.809063,-0.135684,-0.0705287,0.669155
1.61859e+09,0.0217171,-0.0205167,-0.579178,0.814654,-0.132533,-0.0591446,0.611126
1.61859e+09,0.0167915,-0.0207146,-0.573321,0.818897,-0.131562,-0.0483447,0.566647
1.61859e+09,0.0110519,-0.0237327,-0.568553,0.82223,-0.129719,-0.0424349,0.491652
1.61859e+09,-0.000600961,-0.0405857,-0.562981,0.825472,-0.129617,-0.0325724,0.451006
1.61859e+09,-0.00654467,-0.0482982,-0.559026,0.827716,-0.12873,-0.0254168,0.426798
1.61859e+09,-0.00997866,-0.049871,-0.555276,0.83011,-0.129214,-0.0178124,0.416945
1.61859e+09,-0.0143233,-0.048392,-0.55342,0.831372,-0.121486,-0.01767,0.359537
1.61859e+09,-0.0191783,-0.0541133,-0.553017,0.831189,-0.1187,-0.0108987,0.339638
1.61859e+09,-0.0144389,-0.0536908,-0.55424,0.830498,-0.111158,-0.0085922,0.301415
1.61859e+09,-0.0068515,-0.0579025,-0.558123,0.827707,-0.106856,-0.00469663,0.297961
1.61859e+09,0.00562336,-0.0530082,-0.563369,0.824484,-0.105038,-0.00590061,0.309857
1.61859e+09,0.0146281,-0.0395465,-0.569365,0.821003,-0.101044,-0.0088596,0.32548
1.61859e+09,0.0185861,-0.0286617,-0.574751,0.817615,-0.101306,-0.0127546,0.345529
1.61859e+09,0.0229921,-0.0211514,-0.577611,0.815714,-0.10024,-0.0231912,0.348451
1.61859e+09,0.0178622,-0.0192209,-0.576817,0.816452,-0.10406,-0.0307977,0.369255
1.61859e+09,0.00612987,-0.0249686,-0.574455,0.818132,-0.107744,-0.0360955,0.406232
1.61859e+09,0.00216503,-0.0290019,-0.574415,0.818047,-0.111438,-0.0423576,0.466343
1.61859e+09,-0.00119711,-0.0390417,-0.576561,0.81612,-0.113649,-0.0499336,0.520779
1.61859e+09,-0.0071917,-0.0512432,-0.580924,0.812311,-0.114634,-0.0551933,0.592234
1.61859e+09,-0.00935754,-0.0499412,-0.587,0.807991,-0.117329,-0.0617873,0.658009
1.61859e+09,-0.0107538,-0.040755,-0.595475,0.802267,-0.120774,-0.0713058,0.715871
1.61859e+09,-0.00982713,-0.0337311,-0.603783,0.796374,-0.123909,-0.0836552,0.750061
1.61859e+09,-0.00590581,-0.037117,-0.610884,0.790827,-0.125194,-0.0965198,0.750869
1.61859e+09,-0.00376167,-0.0547907,-0.615754,0.786022,-0.128681,-0.102425,0.774544
1.61859e+09,-0.00715156,-0.071294,-0.617579,0.783238,-0.132755,-0.103768,0.796174
1.61859e+09,-0.00854158,-0.0764736,-0.615893,0.784063,-0.135247,-0.0989696,0.814838
1.61859e+09,-0.00242301,-0.0676202,-0.612726,0.787393,-0.132859,-0.0947149,0.79711
1.61859e+09,0.00540814,-0.0565066,-0.609804,0.790516,-0.127313,-0.0920808,0.751756
1.61859e+09,0.0140901,-0.0485152,-0.604385,0.795089,-0.12558,-0.0881696,0.695816
1.61859e+09,0.0187908,-0.0438058,-0.595525,0.801921,-0.124888,-0.0791689,0.652682
1.61859e+09,0.0203128,-0.0367307,-0.587435,0.808182,-0.118986,-0.0669701,0.603112
1.61859e+09,0.0212787,-0.031528,-0.581011,0.813006,-0.115419,-0.0564431,0.550704
1.61859e+09,0.0192579,-0.0288235,-0.575844,0.816824,-0.113598,-0.0455702,0.502723
1.61859e+09,0.0163737,-0.03273,-0.572532,0.819065,-0.111594,-0.0338171,0.45783
1.61859e+09,0.0186195,-0.0315559,-0.570826,0.820253,-0.111537,-0.0252341,0.437307
1.61859e+09,0.0179533,-0.0295877,-0.569309,0.821395,-0.110265,-0.0169472,0.397853
1.61859e+09,0.00973573,-0.035566,-0.5693,0.821303,-0.108059,-0.00726436,0.361033
1.61859e+09,0.00247725,-0.0405805,-0.569814,0.820767,-0.107694,0.0011903,0.348274
1.61859e+09,0.0036879,-0.034773,-0.5685,0.821939,-0.10632,0.00574361,0.328732
1.61859e+09,0.00244844,-0.0364299,-0.565864,0.823689,-0.103869,0.0110053,0.295068
1.61859e+09,0.00899241,-0.0341149,-0.563955,0.825051,-0.103961,0.0167841,0.294096
1.61859e+09,0.0184705,-0.0243061,-0.562694,0.826102,-0.102908,0.0190451,0.286667
1.61859e+09,0.0208715,-0.018471,-0.56178,0.826817,-0.101893,0.0186266,0.283063
1.61859e+09,0.0203549,-0.0144536,-0.56131,0.827229,-0.102848,0.0186029,0.303046
1.61859e+09,0.0217892,-0.00902244,-0.561998,0.826802,-0.101145,0.0135627,0.321238
1.61859e+09,0.0216178,-0.00320237,-0.562691,0.826379,-0.102003,0.00617912,0.361468
1.61859e+09,0.0136979,-0.00840641,-0.563044,0.826271,-0.100654,-0.00337164,0.372261
1.61859e+09,0.00451995,-0.0235112,-0.564214,0.825281,-0.102522,-0.0110664,0.439917
1.61859e+09,0.00357222,-0.030172,-0.566194,0.823712,-0.104728,-0.0184314,0.525165
1.61859e+09,0.000529488,-0.0293195,-0.568778,0.821968,-0.105221,-0.028424,0.591322
1.61859e+09,-0.00831847,-0.0286607,-0.571816,0.819839,-0.106005,-0.0357236,0.654968
1.61859e+09,-0.0171231,-0.0290879,-0.575366,0.817199,-0.106867,-0.0423128,0.705961
1.61859e+09,-0.0237709,-0.036484,-0.578658,0.814407,-0.109869,-0.0496167,0.737139
1.61859e+09,-0.0285965,-0.0486892,-0.581698,0.811443,-0.114478,-0.0559147,0.760501
1.61859e+09,-0.0361308,-0.065253,-0.583574,0.808627,-0.119403,-0.0585277,0.780525
1.61859e+09,-0.0432111,-0.0799628,-0.583108,0.807294,-0.12676,-0.0561128,0.802381
1.61859e+09,-0.0458634,-0.0876214,-0.580034,0.808567,-0.132995,-0.0507401,0.815004
1.61859e+09,-0.0345567,-0.0813207,-0.57557,0.812965,-0.137224,-0.0464948,0.805207
1.61859e+09,-0.0174923,-0.0690961,-0.572415,0.816861,-0.136944,-0.0457865,0.777437
1.61859e+09,0.000591059,-0.0543626,-0.569618,0.820109,-0.134452,-0.048846,0.719926
1.61859e+09,0.00780866,-0.0510886,-0.566054,0.822747,-0.130729,-0.0498733,0.648891
1.61859e+09,0.0113732,-0.0467646,-0.562467,0.825418,-0.131635,-0.046023,0.613728
1.61859e+09,0.0139041,-0.0417163,-0.55911,0.827927,-0.130655,-0.041782,0.55796
1.61859e+09,0.0162997,-0.0433845,-0.557265,0.829041,-0.132632,-0.037072,0.533268
1.61859e+09,0.0230275,-0.0468922,-0.556837,0.828977,-0.134993,-0.0358544,0.516345
1.61859e+09,0.0253281,-0.0486667,-0.556889,0.828773,-0.139333,-0.0351319,0.520106
1.61859e+09,0.0241589,-0.0476909,-0.557607,0.828382,-0.13941,-0.0346154,0.525061
1.61859e+09,0.0219323,-0.0474352,-0.559051,0.827484,-0.13464,-0.032577,0.520172
1.61859e+09,0.01796,-0.0510404,-0.56042,0.826439,-0.123151,-0.028003,0.518113
1.61859e+09,0.0134344,-0.0524925,-0.561412,0.825761,-0.106269,-0.0226636,0.521797
1.61859e+09,0.00945928,-0.0505604,-0.561648,0.825776,-0.0800549,-0.0163821,0.522137
1.61859e+09,0.00768948,-0.0452525,-0.562067,0.825817,-0.044808,-0.0066026,0.527329
1.61859e+09,0.00706453,-0.0426484,-0.562649,0.825565,-0.00383039,0.00231239,0.515644
1.61859e+09,0.00742072,-0.0436301,-0.561804,0.826086,0.0399347,0.0121668,0.514253
1.61859e+09,0.00592285,-0.0481966,-0.560426,0.82678,0.0853195,0.0251166,0.514663
1.61859e+09,0.00510588,-0.0501688,-0.560033,0.826934,0.131066,0.0385728,0.515449
1.61859e+09,0.00397822,-0.0528055,-0.559571,0.827089,0.175907,0.0510461,0.514365
1.61859e+09,0.00309402,-0.0527949,-0.557041,0.828799,0.219431,0.0612456,0.51155
1.61859e+09,0.000493353,-0.0479604,-0.553457,0.831495,0.258654,0.0742972,0.511695
1.61859e+09,0.00024057,-0.0433645,-0.550098,0.833973,0.295678,0.0823377,0.485221
1.61859e+09,0.0010355,-0.0448889,-0.546336,0.836362,0.322347,0.0930564,0.486555
1.61859e+09,0.00301029,-0.0455433,-0.541976,0.839153,0.338574,0.0995803,0.483054
1.61859e+09,0.00505662,-0.0447152,-0.538045,0.841714,0.345345,0.10337,0.473971
1.61859e+09,0.00397149,-0.0474169,-0.536308,0.84268,0.341289,0.10556,0.470526
1.61859e+09,0.00255716,-0.0498671,-0.535756,0.842895,0.329282,0.105601,0.481463
1.61859e+09,0.00522624,-0.0465591,-0.535162,0.843449,0.317266,0.100332,0.475318
1.61859e+09,0.0088455,-0.0466281,-0.534663,0.843731,0.301438,0.0957163,0.465874
1.61859e+09,0.0130619,-0.0436873,-0.535183,0.843505,0.275048,0.0891907,0.47148
1.61859e+09,0.0139153,-0.0368368,-0.536925,0.84271,0.238555,0.0789909,0.475537
1.61859e+09,0.0105083,-0.0335811,-0.539666,0.841144,0.195012,0.063746,0.46411
1.61859e+09,0.00717537,-0.0368511,-0.542187,0.839418,0.14536,0.0472821,0.457611
1.61859e+09,0.00469139,-0.0427284,-0.545519,0.836996,0.0885456,0.0312472,0.458814
1.61859e+09,0.00233608,-0.0455718,-0.549969,0.833937,0.0312879,0.0137864,0.468524
1.61859e+09,0.00206337,-0.038541,-0.556064,0.830243,-0.0226193,-0.004373,0.483498
1.61859e+09,-0.00433014,-0.0317007,-0.562322,0.826299,-0.0744245,-0.0270061,0.460122
1.61859e+09,-0.0116837,-0.034021,-0.566891,0.823007,-0.125986,-0.0438531,0.474613
1.61859e+09,-0.0158112,-0.03571,-0.5708,0.82016,-0.171639,-0.0589459,0.471106
1.61859e+09,-0.021999,-0.0454658,-0.5741,0.817226,-0.212252,-0.0778733,0.45474
1.61859e+09,-0.0261696,-0.0576149,-0.57636,0.814742,-0.249626,-0.0908993,0.46422
1.61859e+09,-0.0258496,-0.053571,-0.57848,0.813525,-0.282363,-0.101358,0.487093
1.61859e+09,-0.0267755,-0.038667,-0.581456,0.812217,-0.30929,-0.110612,0.496452
1.61859e+09,-0.0280394,-0.027024,-0.585285,0.809892,-0.328954,-0.119128,0.469348
1.61859e+09,-0.0283758,-0.0289861,-0.587517,0.808194,-0.344306,-0.122871,0.445358
1.61859e+09,-0.0278082,-0.0394683,-0.588514,0.807044,-0.350791,-0.121619,0.447548
1.61859e+09,-0.0255147,-0.043384,-0.589157,0.806449,-0.349695,-0.11788,0.460344
1.61859e+09,-0.0213979,-0.0385669,-0.589864,0.806297,-0.339681,-0.115151,0.464501
1.61859e+09,-0.0194421,-0.0380244,-0.58938,0.806726,-0.320187,-0.110903,0.451809
1.61859e+09,-0.0165174,-0.0404954,-0.587021,0.80839,-0.293492,-0.10354,0.457687
1.61859e+09,-0.0155724,-0.0451935,-0.585408,0.809329,-0.25495,-0.0924374,0.461247
1.61859e+09,-0.0161412,-0.0508159,-0.58599,0.808562,-0.209571,-0.0785741,0.482497
1.61859e+09,-0.0130699,-0.0499569,-0.587015,0.807927,-0.157993,-0.0621892,0.503994
1.61859e+09,-0.0018768,-0.0399055,-0.589904,0.806485,-0.0979323,-0.0436219,0.525775
1.61859e+09,0.008701,-0.02696,-0.592912,0.804769,-0.0365765,-0.0294804,0.512602
1.61859e+09,0.0141416,-0.0196715,-0.594255,0.803912,0.0233893,-0.0136628,0.502245
1.61859e+09,0.0215634,-0.0118599,-0.594041,0.804059,0.0793921,0.00171575,0.4949
1.61859e+09,0.0255164,-0.00895262,-0.593809,0.804151,0.133413,0.0145041,0.476365
1.61859e+09,0.0243451,-0.0154077,-0.592173,0.805296,0.182952,0.0304729,0.461261
1.61859e+09,0.0108273,-0.0368413,-0.590022,0.806474,0.229083,0.0492935,0.466734
1.61859e+09,-0.00896036,-0.0558503,-0.587927,0.806934,0.265304,0.0674617,0.477792
1.61859e+09,-0.0211376,-0.0680711,-0.583301,0.809122,0.300535,0.0795211,0.470623
1.61859e+09,-0.0178228,-0.0679098,-0.577946,0.813049,0.329725,0.0872619,0.459772
1.61859e+09,-0.00873972,-0.0602388,-0.576075,0.815127,0.351261,0.0937512,0.447668
1.61859e+09,0.000864512,-0.0488587,-0.576311,0.815768,0.36919,0.0974079,0.441445
1.61859e+09,0.0113209,-0.0395107,-0.574613,0.817393,0.378877,0.101123,0.449607
1.61859e+09,0.0178421,-0.0345888,-0.570425,0.820427,0.371428,0.101569,0.447141
1.61859e+09,0.020895,-0.0367042,-0.566767,0.822795,0.347221,0.0982968,0.443661
1.61859e+09,0.0208897,-0.0467047,-0.565583,0.823103,0.301126,0.0918689,0.453399
1.61859e+09,0.022586,-0.0541344,-0.567639,0.821185,0.242554,0.0761252,0.456296
1.61859e+09,0.0249205,-0.0573851,-0.572579,0.817459,0.177139,0.0557091,0.456853
1.61859e+09,0.024401,-0.0638293,-0.578262,0.812984,0.108465,0.0348882,0.467158
1.61859e+09,0.0212827,-0.0680837,-0.582686,0.809561,0.0360075,0.0164042,0.475576
1.61859e+09,0.0161062,-0.069724,-0.587344,0.806168,-0.0358782,-0.00120076,0.483686
1.61859e+09,0.00988067,-0.0670067,-0.589445,0.804964,-0.107283,-0.0216972,0.481928
1.61859e+09,0.00970815,-0.0615195,-0.586441,0.807594,-0.172952,-0.039153,0.485499
1.61859e+09,0.00962421,-0.0547396,-0.581046,0.81197,-0.226356,-0.055012,0.498393
1.61859e+09,0.0155529,-0.0357967,-0.574438,0.817617,-0.269877,-0.0703516,0.49221
1.61859e+09,0.0132349,-0.0274989,-0.569969,0.821099,-0.298032,-0.0845787,0.456456
1.61859e+09,0.0111177,-0.0302337,-0.567123,0.823003,-0.323877,-0.0881545,0.461891
1.61859e+09,0.0103505,-0.0363962,-0.565558,0.82384,-0.340819,-0.0877746,0.454994
1.61859e+09,0.0109235,-0.0419596,-0.565887,0.823342,-0.350324,-0.0851344,0.457477
1.61859e+09,0.0113369,-0.0427771,-0.568097,0.821771,-0.353155,-0.0815499,0.483658
1.61859e+09,0.0114327,-0.0364741,-0.569954,0.820787,-0.343289,-0.0830775,0.478056
1.61859e+09,0.0103344,-0.0330528,-0.570887,0.820298,-0.320234,-0.0828874,0.472685
1.61859e+09,0.0108898,-0.0337647,-0.571648,0.819732,-0.286623,-0.0797979,0.472459
1.61859e+09,0.0137415,-0.0340194,-0.571961,0.81946,-0.245742,-0.0737615,0.479219
1.61859e+09,0.015178,-0.0356444,-0.572324,0.819112,-0.196272,-0.0623131,0.477372
1.61859e+09,0.0171299,-0.0376474,-0.574981,0.81712,-0.136604,-0.0472173,0.493654
1.61859e+09,0.0230931,-0.0295924,-0.578506,0.814814,-0.0743052,-0.0318627,0.491085
1.61859e+09,0.0236606,-0.024639,-0.579106,0.814536,-0.0169531,-0.0156152,0.484795
1.61859e+09,0.024543,-0.0176589,-0.577559,0.815789,0.0417044,0.00392269,0.487193
1.61859e+09,0.0279988,-0.00532644,-0.575221,0.817501,0.0968946,0.0222291,0.486796
1.61859e+09,0.0255642,0.00441356,-0.573717,0.818643,0.150982,0.040818,0.476527
1.61859e+09,0.0180357,0.0057232,-0.571721,0.82023,0.20275,0.0581134,0.465503
1.61859e+09,0.00473946,-0.00234809,-0.567637,0.823262,0.252233,0.0732215,0.451697
1.61859e+09,-0.00684531,-0.0131501,-0.564181,0.825518,0.295307,0.0924898,0.450409
1.61859e+09,-0.0149795,-0.0241849,-0.561377,0.827071,0.334372,0.110579,0.45374
1.61859e+09,-0.0220745,-0.0337412,-0.557391,0.82927,0.362585,0.124849,0.450088
1.61859e+09,-0.0213206,-0.0311266,-0.55415,0.831561,0.380188,0.135627,0.442208
1.61859e+09,-0.014946,-0.0239192,-0.552127,0.833283,0.391302,0.138687,0.424998
1.61859e+09,-0.00531894,-0.0169635,-0.551041,0.834289,0.390656,0.139678,0.431488
1.61859e+09,-0.000421579,-0.0156034,-0.550835,0.834468,0.375382,0.135241,0.429517
1.61859e+09,0.00375228,-0.0202973,-0.551357,0.834014,0.34861,0.127119,0.425183
1.61859e+09,0.00556748,-0.0334304,-0.552916,0.832547,0.306035,0.115593,0.430855
1.61859e+09,0.00688715,-0.0472726,-0.555064,0.830435,0.254183,0.102253,0.443945
1.61859e+09,0.0104798,-0.0530438,-0.556104,0.829352,0.192142,0.0842747,0.457674
1.61859e+09,0.0158448,-0.0474734,-0.556305,0.82947,0.129138,0.0647862,0.479139
1.61859e+09,0.0171607,-0.037965,-0.557923,0.828847,0.0681543,0.0452996,0.495142
1.61859e+09,0.0203503,-0.0290456,-0.559349,0.828173,0.0100219,0.0233172,0.488289
1.61859e+09,0.0247084,-0.0272935,-0.559592,0.82795,-0.04344,0.00570409,0.482646
1.61859e+09,0.0223661,-0.0359924,-0.560681,0.826947,-0.0901645,-0.00716292,0.465315
1.61859e+09,0.0219852,-0.0361563,-0.560646,0.826973,-0.0931665,-0.00489059,0.46539
1.61859e+09,0.0223089,-0.0362555,-0.561602,0.826312,-0.130664,-0.0304245,0.467275
1.61859e+09,0.0192532,-0.0336161,-0.568947,0.821461,-0.185466,-0.0308568,0.47301
1.61859e+09,0.0164569,-0.0351113,-0.571282,0.819837,-0.192453,-0.0331453,0.460586
1.61859e+09,0.0158396,-0.036464,-0.571429,0.819688,-0.194213,-0.0345633,0.465151
1.61859e+09,0.0145619,-0.0369626,-0.569785,0.820833,-0.191477,-0.0345306,0.471875
1.61859e+09,0.0138361,-0.0364613,-0.56765,0.822346,-0.184673,-0.0342219,0.470788
1.61859e+09,0.0180888,-0.0335281,-0.565737,0.823705,-0.177804,-0.0361679,0.469543
1.61859e+09,0.0221204,-0.0311706,-0.5654,0.823931,-0.171078,-0.0376594,0.463437
1.61859e+09,0.0252247,-0.0294713,-0.564897,0.824249,-0.167513,-0.038291,0.460054
1.61859e+09,0.0264366,-0.0298043,-0.564303,0.824606,-0.164465,-0.0384895,0.456234
1.61859e+09,0.0271809,-0.0306238,-0.564227,0.824604,-0.162013,-0.0387246,0.453048
1.61859e+09,0.0264069,-0.0327673,-0.564747,0.824191,-0.160157,-0.0379258,0.455553
1.61859e+09,0.0260743,-0.0332926,-0.565124,0.823921,-0.157146,-0.0372114,0.457093
1.61859e+09,0.0249888,-0.0331863,-0.565278,0.823854,-0.154513,-0.0362852,0.458021
1.61859e+09,0.0241558,-0.0339312,-0.565282,0.823845,-0.152397,-0.0349808,0.45769
1.61859e+09,0.0237309,-0.0354334,-0.565241,0.823823,-0.151359,-0.0335495,0.45649
1.61859e+09,0.0217376,-0.0394548,-0.564668,0.824088,-0.150305,-0.0299319,0.457838
1.61859e+09,0.0208784,-0.0422675,-0.564881,0.823825,-0.146836,-0.0260176,0.460623
1.61859e+09,0.0208983,-0.0419226,-0.565974,0.823091,-0.142489,-0.0250122,0.460314
1.61859e+09,0.0214973,-0.0410534,-0.567302,0.822205,-0.136715,-0.0254255,0.46493
1.61859e+09,0.0215599,-0.0420773,-0.56613,0.822959,-0.129646,-0.0297004,0.458447
1.61859e+09,0.0221396,-0.0465165,-0.562118,0.825451,-0.119401,-0.037534,0.460852
1.61859e+09,0.0206826,-0.0492089,-0.558363,0.827878,-0.104473,-0.0536625,0.471903
1.61859e+09,0.0151002,-0.0496383,-0.556694,0.829095,-0.0883641,-0.078827,0.481414
1.61859e+09,0.0102008,-0.0440622,-0.556173,0.829835,-0.0689382,-0.115671,0.474274
1.61859e+09,0.00420361,-0.0424087,-0.557383,0.829161,-0.0465359,-0.156906,0.463192
1.61859e+09,0.00136855,-0.0450455,-0.560698,0.826793,-0.0256255,-0.202691,0.445504
1.61859e+09,0.0053778,-0.0494775,-0.560586,0.826599,-0.0115668,-0.248181,0.444776
1.61859e+09,0.00452758,-0.0512556,-0.560352,0.826655,0.00212098,-0.288206,0.444495
1.61859e+09,0.0106463,-0.0375291,-0.559164,0.828139,0.0170897,-0.327267,0.436915
1.61859e+09,0.0105738,-0.0289867,-0.555098,0.831212,0.0317143,-0.358494,0.412792
1.61859e+09,0.0116446,-0.0264146,-0.551395,0.833745,0.0429744,-0.378379,0.398389
1.61859e+09,0.013821,-0.0281996,-0.549928,0.834622,0.049135,-0.387268,0.393514
1.61859e+09,0.0161433,-0.0298072,-0.549661,0.8347,0.0502711,-0.386711,0.390534
1.61859e+09,0.0156487,-0.0346773,-0.551542,0.833279,0.0465412,-0.373741,0.39475
1.61859e+09,0.0150071,-0.0413359,-0.554153,0.831252,0.0371722,-0.349274,0.39391
1.61859e+09,0.0126424,-0.0504449,-0.553371,0.83131,0.0201294,-0.310158,0.420434
1.61859e+09,0.00974789,-0.0552515,-0.550274,0.833097,0.000449145,-0.255656,0.443241
1.61859e+09,0.00335635,-0.0593436,-0.548037,0.834339,-0.0215824,-0.191683,0.468719
1.61859e+09,0.00559197,-0.0488941,-0.546618,0.835935,-0.043755,-0.129428,0.506661
1.61859e+09,0.00942701,-0.0333259,-0.548478,0.835447,-0.0614741,-0.0724569,0.515177
1.61859e+09,0.013842,-0.0235384,-0.552366,0.833154,-0.076047,-0.0244772,0.494774
1.61859e+09,0.0118305,-0.0256709,-0.556331,0.83048,-0.0943979,0.0210552,0.495311
1.61859e+09,0.0103968,-0.02747,-0.559181,0.828525,-0.110498,0.0643088,0.494537
1.61859e+09,0.00844674,-0.0296856,-0.561935,0.826605,-0.120874,0.0997572,0.48643
1.61859e+09,0.00590413,-0.0361509,-0.56598,0.823605,-0.12681,0.132897,0.4767
1.61859e+09,0.0117156,-0.0358369,-0.570643,0.820332,-0.131476,0.15542,0.49426
1.61859e+09,0.0180755,-0.0254912,-0.574794,0.817701,-0.131606,0.16744,0.497235
1.61859e+09,0.0219539,-0.0173347,-0.576303,0.816757,-0.1358,0.170248,0.484194
1.61859e+09,0.0257722,-0.0144718,-0.573752,0.818496,-0.140729,0.163156,0.463347
1.61859e+09,0.0284573,-0.0171972,-0.568913,0.821725,-0.147102,0.151513,0.450444
1.61859e+09,0.0264706,-0.0227478,-0.561172,0.826963,-0.148185,0.137554,0.456803
1.61859e+09,0.0256217,-0.0229234,-0.552708,0.832666,-0.136094,0.11766,0.474266
1.61859e+09,0.0262198,-0.023162,-0.545432,0.837425,-0.114692,0.0878172,0.458978
1.61859e+09,0.0271954,-0.0285288,-0.539384,0.841137,-0.096401,0.0512083,0.456169
1.61859e+09,0.0283274,-0.0302448,-0.534404,0.844213,-0.071752,0.00878758,0.463705
1.61859e+09,0.025251,-0.028521,-0.532556,0.845537,-0.04487,-0.0383478,0.455389
1.61859e+09,0.0187899,-0.0281809,-0.532327,0.845861,-0.0205591,-0.0876072,0.449223
1.61859e+09,0.0123478,-0.0387512,-0.530637,0.846623,0.00226584,-0.142301,0.432563
1.61859e+09,0.0130134,-0.0492729,-0.529721,0.84664,0.0247087,-0.196673,0.423187
1.61859e+09,0.014302,-0.052465,-0.529685,0.84645,0.0388104,-0.24523,0.433703
1.61859e+09,0.0117075,-0.0503884,-0.529716,0.846596,0.0543713,-0.290994,0.420802
1.61859e+09,0.00853042,-0.0434086,-0.531027,0.846199,0.0653873,-0.324236,0.434619
1.61859e+09,0.00982753,-0.0279427,-0.534206,0.844835,0.0781182,-0.355379,0.412373
1.61859e+09,0.0122146,-0.0226755,-0.536875,0.843268,0.0899517,-0.378265,0.392192
1.61859e+09,0.0143056,-0.0255929,-0.539964,0.841178,0.0985103,-0.387921,0.373502
1.61859e+09,0.0194829,-0.0290087,-0.542157,0.83955,0.0990765,-0.384072,0.376192
1.61859e+09,0.0225341,-0.0374157,-0.544821,0.837414,0.0946022,-0.366585,0.376139
1.61859e+09,0.0220825,-0.049936,-0.54631,0.835802,0.0799403,-0.334277,0.387884
1.61859e+09,0.0231446,-0.0572259,-0.546233,0.835355,0.0580503,-0.287918,0.417273
1.61859e+09,0.0221972,-0.0577615,-0.545068,0.836105,0.0317293,-0.233672,0.447403
1.61859e+09,0.0211696,-0.047731,-0.541927,0.838802,0.00506422,-0.173295,0.475547
1.61859e+09,0.022378,-0.0294454,-0.539743,0.841017,-0.0192755,-0.112388,0.497925
1.61859e+09,0.0309116,-0.00808005,-0.537365,0.842744,-0.0406643,-0.059686,0.481043
1.61859e+09,0.0356084,0.000406502,-0.536884,0.842904,-0.0593668,-0.0081337,0.473297
1.61859e+09,0.0403094,0.00356293,-0.539684,0.840894,-0.0801958,0.0388865,0.470359
1.61859e+09,0.040714,0.00192477,-0.544119,0.838017,-0.104444,0.0796653,0.468739
1.61859e+09,0.0343565,-0.00564924,-0.548788,0.835236,-0.128381,0.113963,0.464476
1.61859e+09,0.0289815,-0.00805411,-0.551831,0.833413,-0.148118,0.140789,0.472017
1.61859e+09,0.0280331,-0.00841568,-0.553343,0.832439,-0.163033,0.159963,0.465769
1.61859e+09,0.0263323,-0.0128616,-0.554124,0.831918,-0.171489,0.17351,0.464662
1.61859e+09,0.0279101,-0.0131223,-0.554757,0.831441,-0.175905,0.178544,0.462946
1.61859e+09,0.0274118,-0.0159025,-0.554785,0.83139,-0.172531,0.174373,0.459719
1.61859e+09,0.0283,-0.0166297,-0.554151,0.831769,-0.161587,0.160098,0.459953
1.61859e+09,0.0289179,-0.0189927,-0.552737,0.832637,-0.143444,0.135677,0.458374
1.61859e+09,0.0275214,-0.0235441,-0.551031,0.833698,-0.120827,0.103483,0.45367
1.61859e+09,0.0232538,-0.0256903,-0.549007,0.835099,-0.0956967,0.0618574,0.445915
1.61859e+09,0.0120026,-0.0295475,-0.547135,0.836436,-0.065098,0.0135386,0.4381
1.61859e+09,-0.0001365,-0.0369782,-0.547157,0.836213,-0.0290077,-0.0446081,0.432878
1.61859e+09,-0.00574519,-0.0450989,-0.549311,0.83438,0.00725077,-0.108202,0.418367
1.61859e+09,-0.00715691,-0.0539785,-0.552324,0.831849,0.0365881,-0.174046,0.419175
1.61859e+09,-0.0101977,-0.061407,-0.555726,0.829032,0.0605749,-0.24143,0.418092
1.61859e+09,-0.0132307,-0.0556546,-0.556433,0.828921,0.0769597,-0.304733,0.432049
1.61859e+09,-0.0224692,-0.0437502,-0.553923,0.831114,0.0955561,-0.362559,0.411812
1.61859e+09,-0.0282146,-0.0396025,-0.551843,0.832529,0.114814,-0.40699,0.386584
1.61859e+09,-0.0232373,-0.0412014,-0.550749,0.833329,0.132268,-0.437099,0.372092
1.61859e+09,-0.0132102,-0.0424533,-0.551785,0.8328,0.143252,-0.455542,0.370094
1.61859e+09,-0.00364775,-0.0389106,-0.552864,0.832355,0.148767,-0.467269,0.372091
1.61859e+09,0.00237641,-0.0374412,-0.55291,0.832396,0.15097,-0.47221,0.365365
1.61859e+09,0.00741975,-0.0387548,-0.552505,0.832575,0.149988,-0.467942,0.358551
1.61859e+09,0.0116798,-0.0457209,-0.550928,0.833217,0.145535,-0.451818,0.353087
1.61859e+09,0.0146223,-0.0581993,-0.547502,0.83465,0.135719,-0.418169,0.368033
1.61859e+09,0.0153173,-0.0650536,-0.542301,0.837522,0.11727,-0.369332,0.400519
1.61859e+09,0.0140221,-0.0655478,-0.535774,0.841697,0.0958291,-0.307981,0.427373
1.61859e+09,0.0184366,-0.0569577,-0.529871,0.845962,0.0678705,-0.237359,0.458465
1.61859e+09,0.0234726,-0.0455093,-0.527644,0.847921,0.0404754,-0.164733,0.478619
1.61859e+09,0.026532,-0.03881,-0.530226,0.846552,0.012712,-0.094809,0.476666
1.61859e+09,0.0311934,-0.0302712,-0.534573,0.844004,-0.0186604,-0.0310768,0.493444
1.61859e+09,0.0328671,-0.0230594,-0.538729,0.841522,-0.0468657,0.0176014,0.489793
1.61859e+09,0.0298554,-0.0261586,-0.542328,0.839229,-0.0722808,0.0577845,0.479767
1.61859e+09,0.0242623,-0.0376445,-0.54494,0.837278,-0.0958144,0.0909386,0.485052
1.61859e+09,0.0194424,-0.045314,-0.547631,0.835266,-0.114077,0.117913,0.504733
1.61859e+09,0.018722,-0.0452219,-0.55401,0.83107,-0.127153,0.129363,0.528234
1.61859e+09,0.0156078,-0.040878,-0.56247,0.825659,-0.13714,0.123049,0.527343
1.61859e+09,0.00356188,-0.0482506,-0.56875,0.821086,-0.149973,0.110737,0.532376
1.61859e+09,-0.0139013,-0.0620582,-0.573584,0.816674,-0.164459,0.0957685,0.563716
1.61859e+09,-0.0276001,-0.0677944,-0.57864,0.812292,-0.184243,0.0776211,0.610398
1.61859e+09,-0.0427431,-0.0678727,-0.583696,0.808001,-0.199305,0.0555942,0.628866
1.61859e+09,-0.0583239,-0.0679143,-0.58954,0.802763,-0.212348,0.0355061,0.635265
1.61859e+09,-0.0659837,-0.0754574,-0.594261,0.798002,-0.227298,0.020337,0.637763
1.61859e+09,-0.0572824,-0.078881,-0.596227,0.796875,-0.240008,0.00719901,0.649447
1.61859e+09,-0.0364542,-0.0624661,-0.597276,0.798768,-0.244468,-0.0114611,0.648849
1.61859e+09,-0.0196364,-0.0357316,-0.598002,0.800457,-0.24137,-0.0387697,0.575315
1.61859e+09,-0.00977665,-0.0243815,-0.597244,0.801629,-0.233785,-0.0628794,0.489061
1.61859e+09,0.00353541,-0.0167154,-0.596217,0.802642,-0.226902,-0.0802997,0.442697
1.61859e+09,0.0144557,-0.00310324,-0.591978,0.805819,-0.219066,-0.0948488,0.378584
1.61859e+09,0.0204099,0.00256675,-0.584003,0.811491,-0.207977,-0.101534,0.317542
1.61859e+09,0.028598,-0.0036274,-0.576846,0.816344,-0.190834,-0.107082,0.263402
1.61859e+09,0.0386159,-0.00347233,-0.571823,0.81946,-0.177191,-0.113773,0.260516
1.61859e+09,0.0461468,0.00657078,-0.563929,0.824507,-0.163855,-0.116294,0.235145
1.61859e+09,0.0504043,0.0103059,-0.552488,0.831932,-0.149085,-0.118075,0.193171
1.61859e+09,0.0580731,0.00855633,-0.547574,0.834696,-0.130409,-0.117777,0.174278
1.61859e+09,0.0661818,0.013908,-0.547714,0.833928,-0.123527,-0.119385,0.179149
1.61859e+09,0.0638812,0.0112477,-0.547144,0.834521,-0.116655,-0.126726,0.118899
1.61859e+09,0.0579175,-0.00501436,-0.546979,0.835125,-0.116638,-0.125075,0.119098
1.61859e+09,0.0588499,-0.0104837,-0.549259,0.833511,-0.122494,-0.123234,0.149326
1.61859e+09,0.0589185,5.10929e-05,-0.550426,0.832803,-0.126448,-0.125676,0.15324
1.61859e+09,0.0641998,0.0282278,-0.547896,0.833601,-0.126,-0.127166,0.16401
1.61859e+09,0.0586058,0.0369076,-0.546477,0.834606,-0.128841,-0.135989,0.10338
1.61859e+09,0.0557856,0.0279803,-0.544551,0.836402,-0.135248,-0.134553,0.0909163
1.61859e+09,0.0432371,0.00341767,-0.542525,0.838919,-0.13443,-0.133129,0.0665893
1.61859e+09,0.0413863,-0.00235614,-0.537901,0.841988,-0.137549,-0.124366,0.112335
1.61859e+09,0.040832,-0.00295672,-0.536781,0.842728,-0.134943,-0.123258,0.108256
1.61859e+09,0.0410297,-0.00298542,-0.537257,0.842415,-0.135604,-0.12393,0.109125
1.61859e+09,0.0410071,-0.00294003,-0.537195,0.842455,-0.135574,-0.124239,0.108192
1.61859e+09,0.0409287,-0.00294639,-0.537072,0.842538,-0.135359,-0.124695,0.105877
1.61859e+09,0.040874,-0.00307411,-0.537064,0.842545,-0.135673,-0.12476,0.104573
1.61859e+09,0.0406399,-0.00308799,-0.53705,0.842565,-0.135554,-0.124754,0.103704
1.61859e+09,0.0410347,-0.00318011,-0.537058,0.84254,-0.135431,-0.124649,0.105635
1.61859e+09,0.0410729,-0.00301062,-0.537077,0.842527,-0.135336,-0.124286,0.106617
1.61859e+09,0.0411244,-0.00348094,-0.536964,0.842595,-0.135387,-0.124599,0.105269
1.61859e+09,0.0410043,-0.00354905,-0.53698,0.84259,-0.135173,-0.124944,0.104399
1.61859e+09,0.0409749,-0.00374659,-0.536988,0.842586,-0.134874,-0.125175,0.104473
1.61859e+09,0.0408961,-0.00369672,-0.536954,0.842612,-0.134825,-0.125269,0.103503
1.61859e+09,0.0408349,-0.00372732,-0.53705,0.842553,-0.134729,-0.125794,0.104359
1.61859e+09,0.0410601,-0.00374316,-0.536952,0.842604,-0.134804,-0.124679,0.105187
1.61859e+09,0.0410142,-0.00371942,-0.536949,0.842609,-0.135052,-0.12483,0.104236
1.61859e+09,0.0409115,-0.00378121,-0.536955,0.84261,-0.135055,-0.125052,0.104223
1.61859e+09,0.0408688,-0.00365314,-0.536953,0.842614,-0.135088,-0.125837,0.103774
1.61859e+09,0.0406716,-0.00372345,-0.537081,0.842542,-0.134608,-0.125947,0.103172
1.61859e+09,0.0405181,-0.00369199,-0.537122,0.842523,-0.13462,-0.126103,0.102244
1.61859e+09,0.0405945,-0.00369776,-0.537191,0.842475,-0.133719,-0.126471,0.102462
1.61859e+09,0.0404355,-0.00369496,-0.537208,0.842472,-0.133714,-0.12662,0.101529
1.61859e+09,0.0404663,-0.00373129,-0.537158,0.842502,-0.133824,-0.126335,0.101775
1.61859e+09,0.0404367,-0.00368853,-0.537126,0.842524,-0.134013,-0.126101,0.100502
1.61859e+09,0.0403567,-0.0037371,-0.537157,0.842508,-0.134045,-0.126841,0.101571
1.61859e+09,0.0403906,-0.00368852,-0.537193,0.842484,-0.133824,-0.126867,0.101482
1.61859e+09,0.0405046,-0.00372357,-0.537164,0.842496,-0.133866,-0.126646,0.101649
1.61859e+09,0.0405516,-0.00365269,-0.537184,0.842482,-0.133791,-0.126621,0.101699
1.61859e+09,0.0403222,-0.00379222,-0.537183,0.842493,-0.134196,-0.126706,0.101592
1.61859e+09,0.0405481,-0.00366987,-0.537117,0.842524,-0.133898,-0.126242,0.102046
1.61859e+09,0.0406119,-0.00378069,-0.537119,0.84252,-0.134006,-0.126002,0.10297
1.61859e+09,0.0405071,-0.00384132,-0.537122,0.842523,-0.133789,-0.126186,0.102811
1.61859e+09,0.0405209,-0.00366126,-0.53716,0.842499,-0.134119,-0.126272,0.101612
1.61859e+09,0.0405501,-0.00381383,-0.537127,0.842517,-0.134063,-0.126559,0.102676
1.61859e+09,0.0405422,-0.00367122,-0.537129,0.842517,-0.134151,-0.126673,0.102144
1.61859e+09,0.0405131,-0.00380952,-0.537212,0.842465,-0.133591,-0.12627,0.101802
1.61859e+09,0.0403448,-0.00370848,-0.537144,0.842517,-0.134067,-0.126736,0.101079
1.61859e+09,0.04041,-0.00373287,-0.537222,0.842464,-0.133497,-0.127137,0.100999
1.61859e+09,0.0404111,-0.00373574,-0.537191,0.842484,-0.133924,-0.126237,0.101045
1.61859e+09,0.0402448,-0.00389737,-0.537155,0.842514,-0.134143,-0.126962,0.101021
1.61859e+09,0.040555,-0.00369937,-0.537211,0.842464,-0.133746,-0.126523,0.101036
1.61859e+09,0.0404059,-0.00366891,-0.537187,0.842487,-0.133986,-0.126561,0.100862
1.61859e+09,0.0403606,-0.00367805,-0.537184,0.842491,-0.133794,-0.12661,0.101249
1.61859e+09,0.0404586,-0.00371243,-0.537136,0.842516,-0.134417,-0.12622,0.101865
1.61859e+09,0.0403892,-0.00366732,-0.537156,0.842508,-0.134302,-0.126413,0.100865
1.61859e+09,0.0404815,-0.00369992,-0.537203,0.842473,-0.134102,-0.126619,0.101864
1.61859e+09,0.040539,-0.00372271,-0.537146,0.842506,-0.133966,-0.126027,0.102633
1.61859e+09,0.0404786,-0.0036932,-0.537208,0.84247,-0.133578,-0.126374,0.10201
1.61859e+09,0.0406146,-0.00375122,-0.537103,0.84253,-0.134216,-0.12606,0.103175
1.61859e+09,0.0406724,-0.00381638,-0.537022,0.842579,-0.134527,-0.125642,0.103045
1.61859e+09,0.0409261,-0.00373172,-0.537019,0.842569,-0.134457,-0.125367,0.103625
1.61859e+09,0.0409385,-0.00372086,-0.536972,0.842598,-0.135058,-0.125014,0.10463
1.61859e+09,0.0408618,-0.00372122,-0.536984,0.842594,-0.134807,-0.125035,0.103678
1.61859e+09,0.0408196,-0.00376126,-0.536983,0.842597,-0.134701,-0.125328,0.103437
1.61859e+09,0.0407515,-0.00369638,-0.537052,0.842556,-0.134473,-0.125345,0.102076
1.61859e+09,0.0406301,-0.00378971,-0.537063,0.842555,-0.134399,-0.125498,0.103003
1.61859e+09,0.0406342,-0.00375257,-0.537071,0.842549,-0.134451,-0.125513,0.102008
1.61859e+09,0.040478,-0.00369233,-0.537089,0.842546,-0.134675,-0.125776,0.101944
1.61859e+09,0.0405838,-0.00380554,-0.537109,0.842527,-0.134452,-0.125843,0.102359
1.61859e+09,0.0406103,-0.00363566,-0.537036,0.842573,-0.134693,-0.125337,0.101531
1.61859e+09,0.0404244,-0.00372247,-0.537072,0.842559,-0.134521,-0.125858,0.102273
1.61859e+09,0.0406493,-0.0037044,-0.537064,0.842553,-0.134352,-0.125589,0.102104
1.61859e+09,0.0406781,-0.00377512,-0.537055,0.842558,-0.134282,-0.125528,0.102121
1.61859e+09,0.0406483,-0.00375796,-0.537046,0.842564,-0.134307,-0.125519,0.10214
1.61859e+09,0.0404891,-0.00376313,-0.537043,0.842574,-0.134543,-0.12571,0.101289
1.61859e+09,0.0406301,-0.00377257,-0.537095,0.842534,-0.134051,-0.125805,0.102238
1.61859e+09,0.0405122,-0.00373344,-0.537062,0.842561,-0.134361,-0.125728,0.101777
1.61859e+09,0.040634,-0.00374313,-0.53706,0.842556,-0.13451,-0.125674,0.102957
1.61859e+09,0.0407135,-0.00371161,-0.537081,0.84254,-0.134408,-0.125313,0.102057
1.61859e+09,0.0405676,-0.00387182,-0.537034,0.842576,-0.134746,-0.125629,0.102462
1.61859e+09,0.0405419,-0.00367243,-0.537095,0.842539,-0.134444,-0.125818,0.101034
1.61859e+09,0.040659,-0.00372645,-0.537059,0.842556,-0.134345,-0.125432,0.101906
1.61859e+09,0.0404525,-0.00387805,-0.537016,0.842593,-0.134518,-0.125582,0.101868
1.61859e+09,0.0405872,-0.00364823,-0.537082,0.842545,-0.1345,-0.12558,0.101067
1.61859e+09,0.0405985,-0.00378619,-0.537076,0.842548,-0.134659,-0.125596,0.101151
1.61859e+09,0.0406391,-0.00376817,-0.53706,0.842556,-0.134458,-0.125502,0.10212
1.61859e+09,0.0406044,-0.00368555,-0.537071,0.842551,-0.134546,-0.125299,0.101689
