0, 0, 0, 0.0316228, 0.0316228, 0.0316228
0.00795333, 0.000658272, 0.00300462, 0.141173, 0.141173, 0.076571
0.00417248, 0.0208303, 0.00562078, 0.164665, 0.164431, 0.0889031
-0.00168413, 0.0368203, 0.134234, 0.184365, 0.182687, 0.101782
0.00212934, 0.0062806, 0.284213, 0.194888, 0.192241, 0.114274
0.00922688, -0.0321594, 0.375102, 0.196873, 0.193743, 0.12565
-0.0113219, -0.0426224, 0.490516, 0.197118, 0.193146, 0.135498
-0.0433235, -0.0286481, 0.608911, 0.194159, 0.193193, 0.14175
-0.0269601, -0.0251996, 0.626072, 0.194881, 0.194195, 0.14682
0.00525063, -0.00993303, 0.600236, 0.199988, 0.198531, 0.150814
0.00949732, 0.00185019, 0.589925, 0.208485, 0.206429, 0.153516
0.000997176, 0.0211892, 0.555705, 0.216114, 0.213557, 0.155724
-0.0270722, 0.0310866, 0.517138, 0.220663, 0.216498, 0.158647
-0.0276242, 0.0251552, 0.481827, 0.226833, 0.214853, 0.165212
-0.00137292, 0.0162848, 0.419103, 0.234675, 0.21152, 0.17457
0.0135117, 0.0399262, 0.308429, 0.240159, 0.207358, 0.18371
0.0176356, 0.0565659, 0.119787, 0.241159, 0.20159, 0.191188
0.0335265, 0.0630983, -0.00570931, 0.23928, 0.197385, 0.195405
0.0668175, 0.0507697, -0.0812464, 0.23005, 0.195306, 0.192683
0.0809435, 0.0294163, -0.102846, 0.214305, 0.194476, 0.18249
0.0652702, 0.0237019, -0.0964215, 0.201243, 0.194012, 0.171499
0.0380168, 0.0404003, -0.0480223, 0.197547, 0.194916, 0.166551
0.026014, 0.0575391, 0.0172047, 0.199082, 0.198037, 0.168269
0.00465089, 0.0821042, 0.0382428, 0.200033, 0.205048, 0.177468
-0.0125132, 0.0942715, 0.0149539, 0.199294, 0.22004, 0.19442
-0.0313264, 0.0948661, -0.0122102, 0.198105, 0.243253, 0.215715
-0.0415832, 0.0769219, -0.052718, 0.196926, 0.270975, 0.239207
-0.0252076, 0.0612991, -0.0840056, 0.197065, 0.30105, 0.263826
-0.00299323, 0.0694275, -0.100927, 0.198644, 0.330298, 0.28789
0.0118438, 0.0680543, -0.101311, 0.199201, 0.354492, 0.3092
0.0192884, 0.0597562, -0.10603, 0.198175, 0.368605, 0.324636
0.0219682, 0.0425866, -0.106609, 0.197133, 0.371298, 0.332378
-0.0041058, 0.0153173, -0.0968154, 0.196952, 0.361774, 0.331579
-0.0412662, 0.0102137, -0.0813828, 0.195804, 0.34216, 0.320732
-0.0421333, -0.0127985, -0.0627829, 0.194853, 0.316694, 0.302549
-0.0432936, -0.0292941, -0.0537558, 0.193959, 0.287655, 0.27968
-0.0379182, -0.0463258, -0.0549738, 0.193218, 0.256873, 0.254274
-0.0254892, -0.0473402, -0.0413494, 0.192724, 0.228574, 0.22949
-0.0181659, -0.0425661, -0.0288616, 0.192354, 0.205931, 0.209155
-0.0162363, -0.034619, -0.0206458, 0.19195, 0.190007, 0.194664
-0.00848153, -0.0211979, -0.0225548, 0.191453, 0.18043, 0.185713
-0.00275641, -0.0190681, -0.0144811, 0.19169, 0.176455, 0.181534
-0.00127806, -0.0217478, -0.00683705, 0.192116, 0.176665, 0.180848
0.00638181, -0.0217688, 0.00143949, 0.192183, 0.179797, 0.182358
0.00478796, -0.0272364, 0.00696833, 0.192194, 0.185269, 0.185859
0.00279462, -0.0340059, 0.0112239, 0.192518, 0.192885, 0.191466
0.0265633, -0.0298249, 0.017153, 0.192406, 0.203179, 0.199583
0.0401932, -0.0216716, 0.0330922, 0.192458, 0.216731, 0.210735
0.0187169, -0.0267158, 0.0507621, 0.192961, 0.232005, 0.223618
-0.00399514, -0.0277988, 0.0737912, 0.193482, 0.247079, 0.236745
-0.0127714, -0.0471614, 0.0772911, 0.194626, 0.260398, 0.250013
-0.0168915, -0.0679549, 0.0572063, 0.194903, 0.271563, 0.262506
-0.0164901, -0.0630353, 0.0320681, 0.192649, 0.280369, 0.273074
0.00319584, -0.0631399, 0.0102521, 0.189409, 0.286032, 0.281412
0.0214592, -0.0665751, -0.0412563, 0.184639, 0.287527, 0.287079
0.0143267, -0.0668034, -0.11276, 0.17874, 0.285, 0.290277
0.00711445, -0.0412702, -0.162481, 0.173299, 0.28042, 0.292011
0.0115856, -0.0316516, -0.159017, 0.170434, 0.274751, 0.291606
0.0164972, -0.00841299, -0.158375, 0.169387, 0.268028, 0.289161
0.0181577, 0.00405445, -0.163972, 0.169912, 0.2606, 0.285636
0.0203949, -0.00186525, -0.176976, 0.171026, 0.25344, 0.28264
0.00363874, -0.00645972, -0.161933, 0.173089, 0.245733, 0.279121
-0.0092409, -0.00925982, -0.117954, 0.176067, 0.236262, 0.272593
-0.0140258, -0.0189517, -0.0733761, 0.178916, 0.22506, 0.262337
-0.0117713, -0.0180512, -0.0267119, 0.181901, 0.21333, 0.250244
-0.0118574, -0.0123587, -0.0169588, 0.183984, 0.202034, 0.237872
-0.0155971, -0.0048479, -0.0313536, 0.184988, 0.191794, 0.225807
-0.00387699, 0.0050087, -0.0347082, 0.185613, 0.183829, 0.214888
0.00866436, 0.0128451, -0.0282541, 0.18574, 0.178669, 0.205832
0.00976668, 0.0126826, -0.0107597, 0.185196, 0.176105, 0.198852
-0.000621358, 0.00543589, 0.0223455, 0.18444, 0.175893, 0.194047
-0.0114776, -0.0106274, 0.0751282, 0.183486, 0.178155, 0.191458
-0.0185507, -0.0216344, 0.144003, 0.182976, 0.183411, 0.191865
-0.031145, -0.029295, 0.210823, 0.182633, 0.192033, 0.195891
-0.0416082, -0.032411, 0.278273, 0.182688, 0.203807, 0.20339
-0.0582042, -0.00229138, 0.304692, 0.183145, 0.217298, 0.2136
-0.0586143, 0.0265335, 0.278201, 0.182582, 0.231289, 0.225134
-0.0474211, 0.0692731, 0.221119, 0.182163, 0.244176, 0.236456
-0.0259134, 0.0996814, 0.144531, 0.181054, 0.253976, 0.245676
0.00507151, 0.1054, 0.0795475, 0.179306, 0.259349, 0.251607
0.0306278, 0.109111, 0.0302696, 0.1779, 0.259593, 0.253559
0.0364307, 0.0932021, 0.00190166, 0.176463, 0.255304, 0.251518
0.0313388, 0.103701, 1.17299e-05, 0.176331, 0.248169, 0.246763
0.0141117, 0.108976, 0.00136065, 0.176147, 0.239381, 0.240683
0.00871792, 0.0962026, -0.00818907, 0.175576, 0.23036, 0.234748
0.00154438, 0.0983498, -0.0194192, 0.175569, 0.22201, 0.229511
0.000147466, 0.0719253, -0.012461, 0.175774, 0.214278, 0.225316
-0.0120233, 0.0421858, -0.011296, 0.175951, 0.206967, 0.221751
-0.0432255, 0.0394039, -0.0321066, 0.175603, 0.200594, 0.21868
-0.0474418, 0.0277571, -0.0398703, 0.175562, 0.195288, 0.216315
-0.031027, 0.00941851, -0.0334686, 0.175918, 0.190061, 0.213552
-0.00711542, -0.0276211, -0.039496, 0.176135, 0.184549, 0.209816
0.0182618, -0.0391026, -0.0610748, 0.175772, 0.179676, 0.20523
0.0110767, -0.00486792, -0.0351766, 0.175223, 0.175946, 0.200887
-0.0106045, -0.00806466, 0.00594787, 0.175447, 0.173595, 0.196803
-0.00698652, -0.0247584, 0.016541, 0.176226, 0.172499, 0.192504
0.0104682, -0.0481707, 0.0269099, 0.177536, 0.173009, 0.18921
0.0444512, -0.0693107, 0.015714, 0.178623, 0.175448, 0.188197
0.0453551, -0.0725709, 0.00452163, 0.179395, 0.180544, 0.190385
0.0386121, -0.0957533, -0.0175956, 0.181393, 0.188283, 0.196092
0.038588, -0.112972, -0.0440059, 0.183059, 0.197843, 0.203679
0.0380037, -0.11316, -0.0635379, 0.183287, 0.207919, 0.211514
0.0306452, -0.0966883, -0.102464, 0.181648, 0.217102, 0.218448
0.0239779, -0.0704102, -0.140079, 0.178654, 0.224508, 0.224122
0.0215438, -0.0553618, -0.16835, 0.175572, 0.229315, 0.228188
0.0174625, -0.0421872, -0.185226, 0.172204, 0.231488, 0.230165
0.00113788, -0.0318114, -0.178874, 0.169175, 0.232089, 0.229931
-0.020237, -0.0132458, -0.153461, 0.16677, 0.231197, 0.227418
-0.0259309, 3.78264e-05, -0.128279, 0.165702, 0.227422, 0.223173
-0.0211163, -0.00105282, -0.118978, 0.165649, 0.220962, 0.21871
-0.0186067, -0.00967903, -0.123934, 0.166175, 0.213073, 0.215393
-0.0267873, -0.0321315, -0.124589, 0.16699, 0.204816, 0.213328
-0.0287734, -0.0476885, -0.0991769, 0.168368, 0.197083, 0.211774
-0.0156776, -0.0511762, -0.078967, 0.170104, 0.190613, 0.209729
-0.00824812, -0.043155, -0.0498179, 0.172292, 0.185203, 0.206643
0.0123803, -0.0246475, -0.00178262, 0.174909, 0.180945, 0.202386
0.00767675, -0.00694083, 0.0528225, 0.177155, 0.177587, 0.197843
-0.00491477, -0.00221754, 0.106339, 0.178333, 0.175573, 0.194097
-0.000727573, 0.00235641, 0.16718, 0.178933, 0.175558, 0.191758
0.0010841, 0.0116169, 0.206744, 0.178692, 0.177731, 0.191413
-0.0058585, 0.0213946, 0.208216, 0.177381, 0.181889, 0.193308
-0.0297801, 0.0533094, 0.195694, 0.176703, 0.187536, 0.197071
-0.0422778, 0.0580409, 0.165009, 0.174995, 0.193703, 0.20109
-0.0470522, 0.0718976, 0.10852, 0.173388, 0.19895, 0.203982
-0.0318802, 0.054178, 0.0352449, 0.170939, 0.201532, 0.203735
-0.0171759, 0.0300093, -0.00955635, 0.169314, 0.200789, 0.200368
-0.00759939, 0.0160766, -0.0340856, 0.168445, 0.197076, 0.195277
0.00318922, 0.00958567, -0.0483901, 0.16802, 0.191497, 0.189715
0.011973, 0.00714856, -0.0367712, 0.168164, 0.18535, 0.184358
0.0117468, -0.00188223, -0.0172587, 0.168433, 0.179523, 0.179762
0.00395519, -0.00867609, 0.000392947, 0.168705, 0.174602, 0.17625
-0.000539249, -0.010594, 0.0185672, 0.169105, 0.170867, 0.173886
0.000530781, -0.015619, 0.0252107, 0.169238, 0.168265, 0.172557
-0.0132017, -0.0155984, 0.0201721, 0.16925, 0.167131, 0.17177
-0.0407986, -0.00701746, 0.00790285, 0.169448, 0.169164, 0.171146
-0.0718842, 0.00400866, -0.00666467, 0.170407, 0.176773, 0.1706
-0.106705, 0.0355004, -0.0144136, 0.173338, 0.19119, 0.169915
-0.0956254, 0.0296997, -0.000926846, 0.178931, 0.210773, 0.169252
-0.0890811, 0.037129, 0.0157957, 0.188279, 0.234343, 0.168759
-0.0810382, 0.0478559, 0.0185391, 0.200971, 0.259109, 0.168393
-0.0745458, 0.0518881, 0.0174976, 0.216311, 0.281472, 0.168002
-0.0653505, 0.052653, -0.00615503, 0.232585, 0.297974, 0.167773
-0.0695236, 0.0468075, -0.0485901, 0.247375, 0.305006, 0.168299
-0.0624286, 0.0356427, -0.0671059, 0.259891, 0.301397, 0.169221
-0.0561626, 0.0236901, -0.0850583, 0.267794, 0.289876, 0.169643
-0.0456488, -0.0185703, -0.095106, 0.268851, 0.272833, 0.169008
-0.0382649, -0.0307427, -0.0811213, 0.262689, 0.253407, 0.1674
-0.0353628, -0.0140939, -0.0595812, 0.251387, 0.235677, 0.165999
-0.0240529, -0.0193947, -0.0439109, 0.236188, 0.221381, 0.165306
-0.0198247, -0.00647365, -0.0231334, 0.219882, 0.210683, 0.164957
-0.00320431, -0.00224543, -0.00038861, 0.204579, 0.203011, 0.164808
0.0090392, 0.00242995, 0.00462708, 0.191738, 0.197312, 0.164668
0.0196734, -0.00499847, -0.0100215, 0.182161, 0.192778, 0.164549
0.028169, -0.0242101, -0.0244605, 0.17659, 0.189005, 0.164462
0.0363278, -0.0373637, -0.03215, 0.175414, 0.186124, 0.16445
0.0278695, -0.0133973, -0.0122176, 0.178336, 0.184407, 0.164375
0.0482032, -0.0396722, 0.0257961, 0.185521, 0.185246, 0.164427
0.0836782, -0.062209, 0.0378055, 0.195403, 0.18923, 0.164674
0.118824, -0.0462208, 0.0278015, 0.205276, 0.196406, 0.165047
0.131986, -0.0135429, -0.00200603, 0.213661, 0.205864, 0.165322
0.142616, 0.0252379, -0.0386796, 0.219425, 0.217621, 0.165472
0.14693, 0.0654702, -0.0622677, 0.221747, 0.230552, 0.165529
0.170021, 0.0706998, -0.047829, 0.220727, 0.24431, 0.165475
0.206141, 0.0699522, -0.025581, 0.21628, 0.257028, 0.165381
0.215937, 0.0558713, 0.00284281, 0.209966, 0.266113, 0.165234
0.18627, 0.0439796, 0.00759068, 0.203116, 0.269255, 0.165015
0.135765, 0.0294451, -0.00826194, 0.197831, 0.266953, 0.164778
0.0855334, 0.0308709, -0.019882, 0.194972, 0.261019, 0.16456
0.0685812, 0.0267557, -0.0315531, 0.195168, 0.252985, 0.164349
0.0305374, 0.0178574, -0.0494953, 0.197586, 0.242795, 0.164206
-0.00140887, 0.0265254, -0.039301, 0.200962, 0.232332, 0.164112
-0.00731542, 0.0413275, -0.0168207, 0.204457, 0.222581, 0.164035
0.0213203, 0.0483372, 0.000854483, 0.206677, 0.214086, 0.163983
0.0306963, 0.052359, 0.00581351, 0.206256, 0.20642, 0.163977
0.00751166, 0.0305032, -0.01281, 0.202749, 0.199543, 0.164003
-0.0389979, 0.0125234, -0.01607, 0.197389, 0.194325, 0.164003
-0.0647171, 0.00527294, 0.0106173, 0.19131, 0.191262, 0.16398
-0.0751893, 0.00228933, 0.0318705, 0.185446, 0.189748, 0.163977
-0.0931266, 5.34461e-05, 0.0454643, 0.180821, 0.189818, 0.163998
-0.122329, -0.0252378, 0.0529044, 0.178307, 0.191701, 0.164039
-0.140952, -0.03059, 0.0506358, 0.17783, 0.195344, 0.164065
-0.155166, -0.0232672, 0.0550369, 0.179161, 0.201073, 0.164131
-0.157076, -0.0211965, 0.06295, 0.181985, 0.208704, 0.164241
-0.136513, -0.0399651, 0.058997, 0.185438, 0.217011, 0.164298
-0.127525, -0.0469247, 0.0533961, 0.1885, 0.225186, 0.164343
-0.132786, -0.031114, 0.0549076, 0.190903, 0.231633, 0.164404
-0.1218, 0.00624937, 0.0410572, 0.19304, 0.234309, 0.164478
-0.087076, 0.0304796, 0.0132653, 0.194899, 0.232784, 0.164639
-0.0616946, 0.0506539, -0.0199329, 0.196631, 0.22806, 0.164939
-0.0610483, 0.0464927, -0.0329397, 0.197475, 0.221244, 0.165251
-0.0582467, 0.0227838, -0.0418389, 0.197393, 0.213099, 0.165419
-0.0474223, 0.00192122, -0.0698214, 0.197171, 0.204759, 0.165307
-0.0438939, -0.0137348, -0.0973561, 0.196688, 0.197412, 0.165007
-0.0599068, -0.0249829, -0.10922, 0.195572, 0.191779, 0.164725
-0.0632985, -0.0158899, -0.0955491, 0.194212, 0.187698, 0.164557
-0.051274, -0.00716116, -0.0679415, 0.191967, 0.185194, 0.164509
-0.0240814, 0.000612959, -0.0219969, 0.188997, 0.184186, 0.164505
0.00192346, 0.00151379, 0.0144029, 0.18542, 0.184271, 0.164497
0.0134156, -0.00538013, 0.0357096, 0.181739, 0.184557, 0.164396
0.0391692, -0.0337305, 0.0441435, 0.178541, 0.185393, 0.164252
0.0539297, -0.0551116, 0.0365533, 0.177412, 0.186551, 0.16414
0.0612088, -0.0490172, 0.0363224, 0.178476, 0.188521, 0.164168
0.0858391, 0.0100174, 0.00647483, 0.180932, 0.192287, 0.164398
0.124095, 0.0633855, -0.0303576, 0.184374, 0.197911, 0.164738
0.141878, 0.074049, -0.0554815, 0.187575, 0.203543, 0.165069
0.145817, 0.0592771, -0.0358844, 0.190412, 0.208848, 0.165322
0.12925, 0.029119, -0.00317191, 0.192688, 0.212766, 0.165345
0.16013, 0.00227049, 0.02155, 0.193726, 0.218031, 0.165287
0.227264, 0.0136963, 0.0202656, 0.192077, 0.223802, 0.165282
0.247433, 0.0321938, 0.0218835, 0.189456, 0.223711, 0.165247
0.199838, 0.0418276, 0.00372444, 0.187124, 0.216429, 0.165088
0.148192, 0.0311963, -0.000642247, 0.185931, 0.20887, 0.164842
0.101255, 0.0120241, 0.00231456, 0.185792, 0.202354, 0.164513
0.0922266, -0.00146917, 0.00162318, 0.186386, 0.198111, 0.164205
0.0969381, 0.0217871, 0.00698041, 0.186796, 0.195205, 0.164058
0.0424797, 0.017505, 0.015737, 0.188013, 0.190707, 0.164085
0.0271328, 0.00880902, -0.00570474, 0.188781, 0.188436, 0.164129
0.0125767, 0.0181558, -0.0335282, 0.188496, 0.187011, 0.164152
-0.00435152, 0.000532902, -0.0430671, 0.18711, 0.186047, 0.164114
-0.0172726, -0.0181947, -0.0213014, 0.184815, 0.185411, 0.164056
-0.044286, -0.0363456, 0.0153985, 0.182183, 0.1849, 0.164036
-0.0685593, -0.0143001, 0.0252838, 0.179457, 0.184632, 0.164026
-0.0831594, 0.010616, 0.0350643, 0.177462, 0.184686, 0.16403
-0.0979693, 0.0312594, 0.0406214, 0.176446, 0.185388, 0.164035
-0.0971778, 0.0164491, 0.0430715, 0.176212, 0.186604, 0.164077
-0.111894, 0.00170349, 0.0394346, 0.177106, 0.189035, 0.164149
-0.120634, -0.00269246, 0.0187632, 0.178676, 0.192142, 0.164214
-0.110384, 0.0230769, 0.00919669, 0.18079, 0.195756, 0.16426
-0.0992364, 0.0382382, 0.0163426, 0.183161, 0.19982, 0.164328
-0.0922658, 0.0328374, 0.00606636, 0.184853, 0.20344, 0.16443
-0.101257, 0.0351286, -0.00204577, 0.185921, 0.206241, 0.16449
-0.0899724, 0.039015, -0.00375235, 0.186459, 0.206129, 0.16448
-0.105909, 0.0608398, -0.00557906, 0.187336, 0.20515, 0.164569
-0.0958869, 0.0755932, -0.0180006, 0.188155, 0.201215, 0.164754
-0.0841919, 0.071719, -0.0283489, 0.188266, 0.196364, 0.164944
-0.0714684, 0.0749269, -0.0467669, 0.188985, 0.191531, 0.165017
-0.0620593, 0.0450927, -0.0729243, 0.187923, 0.187437, 0.164824
-0.0696977, 0.0131986, -0.10526, 0.186726, 0.184835, 0.164513
-0.0565435, -0.00837085, -0.0978139, 0.18575, 0.18265, 0.164212
-0.0299171, -0.0137047, -0.0541463, 0.184935, 0.181547, 0.164046
-0.00764306, -0.0216682, -0.0222559, 0.1835, 0.181642, 0.164021
-0.0072515, -0.0448704, 0.0122029, 0.181291, 0.182107, 0.164028
0.00025329, -0.04522, 0.0417396, 0.179584, 0.182703, 0.16406
0.0213173, -0.0537587, 0.0466454, 0.178173, 0.183511, 0.164059
0.0387956, -0.0800604, 0.0480193, 0.177933, 0.184791, 0.164054
0.0725099, -0.0964809, 0.0373788, 0.179357, 0.187673, 0.164179
0.0868079, -0.0760016, 0.0104713, 0.181073, 0.190903, 0.164408
0.0862073, -0.0330775, -0.0155593, 0.18265, 0.19391, 0.164651
0.0620487, 0.0108404, -0.0344753, 0.18391, 0.19547, 0.164825
0.0121174, 0.049939, -0.0560539, 0.184235, 0.194547, 0.164837
-0.0153044, 0.0703096, -0.0505622, 0.183466, 0.193161, 0.164769
-0.0265093, 0.0760222, -0.0300328, 0.181759, 0.190872, 0.164593
0.0124915, 0.0588487, 0.00136987, 0.179696, 0.189672, 0.164442
0.0545123, 0.0336193, 0.028415, 0.177973, 0.188568, 0.164309
0.0632866, 0.0164524, 0.0377565, 0.176432, 0.184906, 0.164175
0.0705978, 0.0102747, 0.0153513, 0.174784, 0.181123, 0.164072
0.0882953, 0.0153535, -0.0160019, 0.173109, 0.178442, 0.164069
0.106845, 0.018149, -0.0477156, 0.172138, 0.176367, 0.164313
0.104689, 0.0201793, -0.0691257, 0.172002, 0.173788, 0.164818
0.0994154, 0.0144318, -0.0840455, 0.172843, 0.17193, 0.16555
0.0841083, 0.00624482, -0.106803, 0.174371, 0.170599, 0.16646
0.0589839, -0.00812361, -0.114892, 0.176325, 0.170102, 0.167429
0.0498695, -0.0222529, -0.111147, 0.178207, 0.170116, 0.168468
0.0310878, -0.0199398, -0.0936519, 0.179001, 0.170575, 0.169436
0.0112712, -0.0164565, -0.0829456, 0.179049, 0.171318, 0.17031
-0.0163483, -0.00396413, -0.0746583, 0.178477, 0.172082, 0.171177
-0.0286015, -0.0140717, -0.0442075, 0.176972, 0.172561, 0.171615
-0.0214274, -0.0158199, -0.0158671, 0.1746, 0.171463, 0.171652
-0.0138882, -0.00202533, 0.0283004, 0.171968, 0.17028, 0.171455
-0.0223162, 0.00399137, 0.0817768, 0.169266, 0.169847, 0.171049
-0.0307839, 0.00103247, 0.113618, 0.166883, 0.169226, 0.170796
-0.0349643, -0.000767505, 0.114904, 0.166126, 0.168284, 0.171449
-0.037918, -0.00684539, 0.0969951, 0.167335, 0.167407, 0.173298
-0.0188481, -0.0133371, 0.0725879, 0.170236, 0.165757, 0.175801
-0.0114187, -0.0253008, 0.0300742, 0.173929, 0.164954, 0.178497
-0.0313006, -0.0249595, -0.007873, 0.177845, 0.165075, 0.180804
-0.0530225, -0.0259258, -0.0298472, 0.181427, 0.165301, 0.182681
-0.05281, -0.028149, -0.0516053, 0.183845, 0.164841, 0.183343
-0.0507818, -0.0195458, -0.0452029, 0.185062, 0.164408, 0.183128
-0.0585361, -0.00797009, -0.0235252, 0.185019, 0.164248, 0.182393
-0.0562877, -0.00255228, 0.000822446, 0.183801, 0.164005, 0.181386
-0.0400824, 0.00463139, 0.0165945, 0.181627, 0.163922, 0.180306
-0.0236763, 0.0140539, 0.0143419, 0.17869, 0.1642, 0.17923
-0.0214506, 0.0239198, 0.0146983, 0.175461, 0.164425, 0.178313
-0.00600179, 0.0246593, 0.0385717, 0.172156, 0.164953, 0.177695
0.0225637, 0.0133175, 0.072572, 0.169217, 0.166017, 0.177678
0.019502, 0.00553341, 0.0933243, 0.167307, 0.165755, 0.178151
0.013347, 0.00165649, 0.0933545, 0.166726, 0.165336, 0.179111
0.035927, -0.00669994, 0.0771218, 0.167479, 0.165873, 0.180713
0.038943, -0.0154881, 0.0496936, 0.169314, 0.165557, 0.182057
0.0393739, -0.0115921, 0.0363617, 0.171558, 0.165073, 0.182398
0.0499139, -0.0030597, 0.0192952, 0.174057, 0.164921, 0.182477
0.0327116, -0.00330953, -0.01714, 0.176127, 0.164169, 0.181464
0.0199253, -0.00206595, -0.0605652, 0.177568, 0.163883, 0.180049
0.0334896, -0.00109433, -0.104213, 0.178398, 0.163869, 0.178735
0.0451349, -0.00731522, -0.141771, 0.17881, 0.163859, 0.17769
0.0306194, -0.00731829, -0.162898, 0.178645, 0.163965, 0.176844
0.0148205, -0.0112085, -0.163705, 0.177962, 0.164467, 0.176351
0.00231771, -0.0107596, -0.149918, 0.176837, 0.165094, 0.176296
-0.00869719, -0.00504656, -0.133315, 0.175207, 0.165876, 0.176573
-0.0137215, -0.00278987, -0.0911048, 0.173338, 0.166422, 0.177076
-0.0126316, -0.00344363, -0.040602, 0.171478, 0.166714, 0.177678
-0.0290374, -0.00185404, 0.0270929, 0.16979, 0.167303, 0.178268
-0.0400669, -0.00273434, 0.102624, 0.168306, 0.168206, 0.178731
-0.0440993, 0.000776209, 0.145543, 0.167297, 0.168283, 0.17908
-0.0475423, 0.00791144, 0.158225, 0.16722, 0.168032, 0.179623
-0.0482603, 6.76723e-05, 0.152824, 0.167952, 0.167455, 0.180504
-0.0392037, -0.00677628, 0.134108, 0.169585, 0.166392, 0.181354
-0.0385578, -0.00807743, 0.117969, 0.17196, 0.16577, 0.182234
-0.0456856, -0.0109283, 0.0866705, 0.17456, 0.165502, 0.182947
-0.0417959, -0.0174611, 0.0574795, 0.176895, 0.164949, 0.182829
-0.0425456, -0.0205858, 0.0336831, 0.178788, 0.164649, 0.182115
-0.06291, -0.0351719, 0.00880632, 0.180024, 0.164807, 0.181103
-0.0777842, -0.0353799, -0.023878, 0.180537, 0.164757, 0.180039
-0.0458216, -0.026496, -0.0411245, 0.180105, 0.164067, 0.17897
0.00292995, -0.0181342, -0.0517426, 0.178734, 0.164625, 0.178388
0.000554116, -0.00869908, -0.0710628, 0.176861, 0.164597, 0.178643
-0.0435693, -0.00104345, -0.0552439, 0.175085, 0.163854, 0.179542
-0.035691, 0.00210504, -0.00733887, 0.173457, 0.16392, 0.181071
-0.0076499, 0.00930991, 0.0393575, 0.171837, 0.164513, 0.182658
-1.39728e-05, 0.0139212, 0.0746889, 0.170362, 0.164783, 0.183742
0.0307315, -0.00529794, 0.0845397, 0.168874, 0.165863, 0.184814
0.02819, -0.00331636, 0.0553899, 0.168063, 0.165564, 0.18537
0.0301571, 0.00240739, -0.000721668, 0.16806, 0.165355, 0.185975
0.0363261, 0.000437511, -0.0555444, 0.168854, 0.165285, 0.186622
0.0314425, -0.00265164, -0.110516, 0.170172, 0.164839, 0.186265
0.00803532, -0.00281446, -0.121781, 0.171599, 0.164132, 0.184074
-0.00534247, -0.00242622, -0.104715, 0.172715, 0.163932, 0.180857
-0.0139959, -0.00682366, -0.0692434, 0.173053, 0.163902, 0.177104
-0.0109188, -0.00887349, -0.0414798, 0.172555, 0.163933, 0.173658
0.000323143, -0.0107713, 0.020836, 0.171576, 0.164043, 0.17106
0.00413667, -0.021294, 0.143447, 0.170427, 0.164136, 0.169382
0.00540732, -0.0422024, 0.290443, 0.169362, 0.164228, 0.16852
-0.00382844, -0.0493636, 0.408987, 0.168262, 0.164253, 0.168202
-0.0238059, -0.0483813, 0.489303, 0.167214, 0.164434, 0.168228
-0.0239876, -0.0518258, 0.513731, 0.166368, 0.164478, 0.168289
-0.022867, -0.0490549, 0.50311, 0.165823, 0.164601, 0.168313
-0.0173731, -0.0598154, 0.473964, 0.165685, 0.164832, 0.168229
-0.0257084, -0.0620684, 0.440444, 0.165812, 0.165329, 0.168174
-0.0454094, -0.0685107, 0.362873, 0.166197, 0.166048, 0.168038
-0.045431, -0.0644725, 0.215841, 0.166649, 0.166418, 0.167708
-0.0343613, -0.0486216, 0.0392031, 0.167029, 0.16655, 0.167194
-0.00865942, -0.0379508, -0.135601, 0.167175, 0.166626, 0.166523
0.0272104, -0.0335324, -0.25954, 0.166777, 0.166948, 0.165717
0.0262237, 0.00391635, -0.356382, 0.166345, 0.166187, 0.165016
0.00475085, 0.0321018, -0.427397, 0.165955, 0.1649, 0.164458
-0.00388224, 0.0420318, -0.453645, 0.16522, 0.164202, 0.164076
-0.0123997, 0.0615983, -0.461306, 0.165171, 0.163974, 0.163882
-0.0134829, 0.0764189, -0.47207, 0.165348, 0.164269, 0.163809
-0.00620318, 0.0731428, -0.472361, 0.165404, 0.165014, 0.16381
-0.0283399, 0.0644272, -0.465675, 0.165847, 0.16576, 0.163836
-0.040345, 0.0596814, -0.468179, 0.166663, 0.166702, 0.163883
-0.0436712, 0.0529384, -0.462192, 0.167571, 0.167583, 0.163925
-0.0456493, 0.0402771, -0.415992, 0.168529, 0.168356, 0.163935
-0.0263973, 0.0328456, -0.346011, 0.16926, 0.169021, 0.163918
-0.0166023, 0.0407333, -0.273539, 0.169345, 0.169379, 0.163874
-0.0145564, 0.0408798, -0.199654, 0.169199, 0.169276, 0.163831
-0.0155693, 0.0410149, -0.124366, 0.168708, 0.168794, 0.163816
-0.0134662, 0.0306017, -0.0309939, 0.168105, 0.168115, 0.163815
0.00383353, 0.00665293, 0.0951499, 0.167653, 0.167516, 0.163824
0.0224954, -0.00505731, 0.246725, 0.1669, 0.166957, 0.163834
0.0381859, -0.0121546, 0.385641, 0.166051, 0.16632, 0.163833
0.0386321, -0.0178435, 0.502481, 0.165335, 0.165448, 0.163811
0.0389415, -0.0286878, 0.577387, 0.165018, 0.164893, 0.163786
0.0484269, -0.0375982, 0.616338, 0.165093, 0.164895, 0.163779
0.0405674, -0.0317447, 0.631001, 0.165419, 0.165289, 0.16378
0.0351868, -0.0224059, 0.597541, 0.166199, 0.16618, 0.163801
0.0294216, -0.0250538, 0.53664, 0.167242, 0.167385, 0.163814
0.0332708, -0.0354867, 0.488071, 0.168317, 0.168503, 0.163837
0.0482412, -0.0532508, 0.448854, 0.169311, 0.169336, 0.163858
0.0462727, -0.0631642, 0.381069, 0.17001, 0.170026, 0.16388
0.020126, -0.0528812, 0.271639, 0.170124, 0.170708, 0.163907
0.00389709, -0.0331862, 0.118462, 0.169927, 0.170922, 0.163909
-0.016965, -0.00230724, -0.0552057, 0.169657, 0.170777, 0.163908
-0.0259433, 0.019381, -0.226898, 0.168992, 0.169635, 0.163864
-0.0103899, 0.0275431, -0.351997, 0.167604, 0.167419, 0.163783
0.0156798, 0.0468742, -0.449626, 0.166539, 0.165729, 0.163727
0.030978, 0.0594119, -0.50785, 0.165518, 0.164899, 0.163704
0.0387399, 0.0714635, -0.546062, 0.164996, 0.164637, 0.163693
0.0163345, 0.0953971, -0.575489, 0.165515, 0.164353, 0.163684
-0.0031833, 0.0912987, -0.564655, 0.165583, 0.164878, 0.163704
-0.0154116, 0.0697481, -0.534828, 0.166048, 0.166007, 0.163745
-0.019849, 0.0550433, -0.486457, 0.167337, 0.167366, 0.163793
-0.025608, 0.0405857, -0.427958, 0.168849, 0.168711, 0.163841
-0.0391724, 0.01737, -0.391761, 0.170351, 0.169775, 0.163878
-0.0384521, -0.00263945, -0.375685, 0.17141, 0.170184, 0.163871
-0.0423998, 0.00380753, -0.332124, 0.171015, 0.170316, 0.163835
-0.0319008, 0.00934992, -0.264264, 0.170402, 0.170076, 0.163795
-0.0206345, 0.00396298, -0.179941, 0.169784, 0.169622, 0.163767
-0.0101175, -0.00154047, -0.0680218, 0.168946, 0.168989, 0.163736
0.00103129, -0.00506662, 0.0622415, 0.167971, 0.168236, 0.163715
0.0148741, 0.00266195, 0.223773, 0.167068, 0.167529, 0.163709
0.0410282, 0.00941175, 0.403349, 0.166468, 0.167191, 0.163729
0.0609616, 0.00621712, 0.532978, 0.165781, 0.166696, 0.163735
0.0822285, -0.00952363, 0.615563, 0.165122, 0.166391, 0.163743
0.0551964, -0.00735349, 0.664232, 0.165108, 0.165135, 0.16374
0.00267619, 0.0046173, 0.683468, 0.165687, 0.166039, 0.163776
-0.0275288, -0.000829939, 0.656123, 0.166292, 0.168166, 0.16387
-0.0346629, -0.0109909, 0.610312, 0.167121, 0.169394, 0.16392
-0.0173615, -0.0457511, 0.568229, 0.168557, 0.169387, 0.163888
-0.0136076, -0.0656567, 0.534689, 0.170144, 0.170014, 0.163851
-0.0303174, -0.0529195, 0.489985, 0.170481, 0.171007, 0.163853
-0.0344685, -0.0290928, 0.388884, 0.170553, 0.171246, 0.163873
-0.0297577, -0.00928894, 0.223086, 0.170683, 0.171014, 0.163914
-0.00889246, 0.0102344, 0.0096931, 0.17057, 0.17066, 0.164043
0.0265614, 0.0174325, -0.191216, 0.16977, 0.170774, 0.16423
0.0518836, 0.0251988, -0.338953, 0.168364, 0.170655, 0.164421
0.0578018, 0.0328054, -0.458574, 0.166802, 0.169294, 0.164553
0.0621295, 0.0509581, -0.531887, 0.165579, 0.167741, 0.164636
0.052614, 0.0747501, -0.582064, 0.16512, 0.165836, 0.164618
0.0189012, 0.0872149, -0.623234, 0.165072, 0.164385, 0.164451
-0.0198699, 0.0799164, -0.636578, 0.165097, 0.164992, 0.16423
-0.028973, 0.0649899, -0.599497, 0.165769, 0.166202, 0.164096
-0.0404616, 0.0579972, -0.547934, 0.167048, 0.167783, 0.164015
-0.0479332, 0.042588, -0.479374, 0.168483, 0.169219, 0.163971
-0.0578607, 0.0192788, -0.355448, 0.170017, 0.170592, 0.163949
-0.0527084, 0.0162098, -0.192243, 0.1708, 0.171147, 0.163965
-0.0320837, 0.0155912, -0.0470486, 0.170907, 0.170903, 0.163986
-0.0156125, 0.0104878, 0.0240205, 0.170238, 0.170224, 0.163984
-0.0149758, 0.00780328, 0.0772713, 0.1691, 0.169166, 0.163987
-0.00123232, -0.0076938, 0.210401, 0.168185, 0.168402, 0.163986
0.0460517, -0.0374973, 0.354915, 0.167572, 0.168968, 0.163962
0.0554106, -0.0623174, 0.452615, 0.167, 0.168044, 0.163967
0.034152, -0.071688, 0.45365, 0.166, 0.165786, 0.164017
-0.00345572, -0.059455, 0.344578, 0.164721, 0.164317, 0.164153
-0.0282742, -0.0557898, 0.221339, 0.164391, 0.164361, 0.164286
-0.0274372, -0.0429121, 0.122454, 0.164541, 0.164573, 0.164338
-0.00397716, -0.0362383, 0.040715, 0.16498, 0.164799, 0.164284
0.0225315, -0.0240128, 0.00632624, 0.165493, 0.165387, 0.164184
0.050168, 0.0597984, 0.0163949, 0.169892, 0.166047, 0.164089
0.0766724, 0.170362, 0.0496608, 0.181077, 0.166437, 0.164038
0.0582878, 0.271552, 0.0960305, 0.192737, 0.165059, 0.164064
0.011433, 0.372063, 0.122861, 0.202536, 0.165085, 0.164176
0.00571162, 0.42735, 0.124292, 0.20012, 0.165247, 0.16421
0.0130731, 0.432309, 0.101054, 0.187183, 0.164883, 0.164209
0.0442989, 0.406744, 0.064723, 0.176764, 0.164217, 0.164285
0.0661849, 0.395947, 0.0418715, 0.17118, 0.164202, 0.16445
0.0511422, 0.402284, 0.00507204, 0.166178, 0.164055, 0.164648
0.0205408, 0.356507, -0.0285948, 0.167486, 0.16449, 0.164936
0.00286415, 0.28176, -0.0347235, 0.178115, 0.165012, 0.165284
0.00146468, 0.174364, -0.0330174, 0.19728, 0.164849, 0.16565
0.00562843, 0.0664938, -0.022412, 0.215601, 0.164435, 0.165997
0.0176065, -0.0509747, -0.00323422, 0.229678, 0.164041, 0.166257
0.0120339, -0.173509, -0.0024258, 0.236619, 0.164078, 0.166267
-0.0209496, -0.305543, 0.00259899, 0.237807, 0.164514, 0.166011
-0.0502617, -0.417965, 0.00111755, 0.229786, 0.164929, 0.165545
-0.0539158, -0.453922, 0.0148984, 0.214143, 0.164648, 0.165067
-0.0540758, -0.483235, 0.0344075, 0.197626, 0.164409, 0.164723
-0.0537746, -0.448185, 0.0436321, 0.181661, 0.164124, 0.164568
-0.043328, -0.463064, 0.0577205, 0.170071, 0.163855, 0.164642
-0.0370277, -0.457903, 0.0408749, 0.165645, 0.163815, 0.164968
-0.0310327, -0.445265, -0.00716888, 0.167146, 0.163853, 0.165506
-0.0168049, -0.447163, -0.0497517, 0.171692, 0.164035, 0.166138
-0.0101682, -0.449853, -0.0654593, 0.177329, 0.164167, 0.166708
-0.0157803, -0.423357, -0.0616672, 0.183872, 0.164104, 0.167205
-0.0337355, -0.330387, -0.032453, 0.19376, 0.163938, 0.167628
-0.0384161, -0.237226, -0.051975, 0.201337, 0.163906, 0.167801
-0.0181136, -0.117745, -0.0627069, 0.208648, 0.164001, 0.16771
0.0243459, -0.0303385, -0.0502738, 0.21047, 0.164506, 0.167251
0.0436277, 0.0439272, -0.00845125, 0.208347, 0.164788, 0.166607
0.0442531, 0.138101, 0.0443038, 0.205825, 0.164672, 0.166006
0.0564327, 0.248863, 0.0707425, 0.204509, 0.164663, 0.165526
0.047482, 0.341691, 0.0743708, 0.19752, 0.164287, 0.165059
0.0298559, 0.398628, 0.0584467, 0.186329, 0.163947, 0.164576
0.02453, 0.443726, 0.0398278, 0.176388, 0.163836, 0.164243
-0.0100129, 0.472435, 0.014074, 0.16912, 0.163856, 0.164222
-0.0196027, 0.477019, -0.0299839, 0.165269, 0.163908, 0.16444
-0.0238905, 0.480206, -0.088247, 0.165476, 0.163954, 0.164947
-0.00589719, 0.484316, -0.118478, 0.168205, 0.163828, 0.165611
0.016456, 0.4582, -0.0916647, 0.172937, 0.163722, 0.166349
0.0152855, 0.426863, -0.0554537, 0.178122, 0.163711, 0.16711
0.0189894, 0.396115, -0.0357682, 0.182185, 0.163737, 0.167715
0.0109735, 0.328012, -0.0458666, 0.186922, 0.163745, 0.168129
0.00487487, 0.204469, -0.0593679, 0.193554, 0.163746, 0.16835
0.0165676, 0.0732902, -0.0494923, 0.198178, 0.163777, 0.168299
0.0274722, -0.032022, -0.0140504, 0.19766, 0.163871, 0.167888
-0.00300251, -0.149932, 0.0243277, 0.195745, 0.163934, 0.167218
-0.0349236, -0.262316, 0.0539782, 0.191924, 0.164106, 0.166379
-0.0441897, -0.352527, 0.0847855, 0.18604, 0.164154, 0.165485
-0.0427957, -0.397072, 0.0988547, 0.179821, 0.164091, 0.164717
-0.0396318, -0.435894, 0.0757206, 0.174352, 0.163923, 0.164242
-0.072672, -0.463559, 0.0102322, 0.169451, 0.163899, 0.164028
-0.0640928, -0.476598, -0.0548361, 0.166414, 0.163759, 0.164204
-0.0301643, -0.490891, -0.0975368, 0.165518, 0.163708, 0.164699
-0.0131894, -0.496322, -0.100191, 0.166098, 0.16378, 0.165343
-0.0269665, -0.487224, -0.0629415, 0.168114, 0.163758, 0.166047
-0.050368, -0.47278, -0.00780327, 0.170913, 0.163754, 0.166731
-0.056969, -0.402325, 0.0297606, 0.175147, 0.163782, 0.167416
-0.0503948, -0.206474, 0.00916488, 0.184285, 0.163797, 0.168157
-0.0177794, -0.057695, -0.0187074, 0.191411, 0.163876, 0.168395
-0.00689319, 0.0499926, -0.03696, 0.194881, 0.163905, 0.168142
0.0076642, 0.184781, -0.0201423, 0.197384, 0.163924, 0.167694
0.0406101, 0.300288, 0.0434667, 0.197287, 0.164121, 0.167031
0.0567679, 0.391886, 0.142064, 0.194543, 0.164279, 0.166291
0.0399023, 0.474769, 0.225967, 0.189156, 0.164265, 0.165555
0.0336457, 0.49315, 0.232113, 0.179668, 0.164202, 0.164677
0.0273337, 0.509656, 0.162531, 0.172179, 0.164, 0.16415
0.0381457, 0.51329, 0.102505, 0.167396, 0.163917, 0.164057
0.0439105, 0.49676, 0.0378878, 0.165368, 0.163907, 0.164417
0.0559174, 0.487754, -0.0271081, 0.165994, 0.163943, 0.165095
0.0804501, 0.49448, -0.0811565, 0.167831, 0.164025, 0.165908
0.0822157, 0.485355, -0.102528, 0.170146, 0.163969, 0.166717
0.0634254, 0.445589, -0.116216, 0.172958, 0.163847, 0.167451
0.0343445, 0.387808, -0.102129, 0.17574, 0.163797, 0.168018
-0.00800582, 0.359221, -0.0870329, 0.176611, 0.16394, 0.168235
-0.036189, 0.255874, -0.0622809, 0.179024, 0.164116, 0.168389
-0.0487417, 0.0727131, -0.0730251, 0.183795, 0.164132, 0.16854
-0.0189963, -0.113698, -0.0596787, 0.187603, 0.163877, 0.168461
-0.0330878, -0.315233, -0.0194695, 0.190706, 0.163956, 0.168255
-0.0681425, -0.48371, 0.0306451, 0.190451, 0.16416, 0.167612
-0.0859421, -0.539913, 0.0519401, 0.185539, 0.164204, 0.166468
-0.0851036, -0.535986, 0.0749902, 0.17752, 0.16421, 0.16521
-0.0989392, -0.541404, 0.0861117, 0.171509, 0.16427, 0.164462
-0.0914116, -0.596602, 0.0727023, 0.167984, 0.164167, 0.164331
-0.0466505, -0.595721, 0.0235158, 0.166802, 0.164052, 0.164843
-0.00356778, -0.611691, -0.0204309, 0.166999, 0.16413, 0.165654
-0.00497771, -0.59222, -0.0318351, 0.167927, 0.164088, 0.166549
-0.0221451, -0.541331, -0.03425, 0.17005, 0.163968, 0.167547
-0.0310927, -0.424326, -0.026327, 0.173854, 0.163907, 0.168649
-0.0335828, -0.274502, -0.0171196, 0.180584, 0.163894, 0.169824
-0.00688041, -0.123006, -0.0343163, 0.18654, 0.163928, 0.170578
0.017747, -0.0317345, -0.04189, 0.187343, 0.163944, 0.170324
0.0318544, 0.0843241, -0.0333408, 0.186868, 0.163909, 0.169658
0.0465778, 0.187819, -0.0122387, 0.18419, 0.163914, 0.168549
0.0404501, 0.275986, -0.00787956, 0.180092, 0.16384, 0.167251
0.0396747, 0.35623, 0.0210774, 0.175943, 0.163843, 0.166018
0.0353596, 0.347166, 0.0344444, 0.169969, 0.163834, 0.164772
0.0278202, 0.257696, 0.0300269, 0.165052, 0.163804, 0.16398
0.0188045, 0.157808, 0.0121516, 0.163886, 0.163778, 0.163942
0.0224891, 0.103683, -0.0032344, 0.165048, 0.163752, 0.164319
0.0503683, 0.0721128, -0.00636647, 0.166678, 0.16376, 0.16477
0.099855, 0.0736499, -0.01309, 0.167587, 0.163905, 0.165079
0.172099, 0.0775367, -0.00441272, 0.167967, 0.164365, 0.165264
0.259573, 0.0424312, -0.0187351, 0.168633, 0.165231, 0.16548
0.376372, 0.0113979, -0.0350719, 0.168792, 0.16693, 0.165679
0.464815, -0.00485988, -0.0829447, 0.168313, 0.168316, 0.165763
0.485461, -0.0333483, -0.110787, 0.167858, 0.168832, 0.165774
0.430777, -0.0804321, -0.102389, 0.167668, 0.1677, 0.16568
0.359511, -0.0577846, -0.0794534, 0.166394, 0.165959, 0.165333
0.261534, -0.0168803, -0.0347412, 0.165026, 0.165064, 0.165072
0.177318, 0.0251736, -0.00206519, 0.164268, 0.164945, 0.164885
0.0971243, 0.0674362, 0.0232484, 0.164089, 0.165575, 0.164728
0.0363374, 0.0953136, 0.0120603, 0.164245, 0.167003, 0.164639
-0.0491067, 0.105843, -0.0078613, 0.164584, 0.169644, 0.164698
-0.0961028, 0.086319, -0.00770546, 0.164914, 0.172418, 0.164785
-0.144079, 0.0378846, 0.00370478, 0.164989, 0.17483, 0.164949
-0.244996, 0.0107394, 0.00652709, 0.164925, 0.176729, 0.165156
-0.361031, -0.0167003, 0.00492223, 0.164646, 0.177166, 0.165185
-0.402707, -0.0249339, -0.00720298, 0.164442, 0.17366, 0.164678
-0.427316, -0.0300422, -0.0221859, 0.164266, 0.169846, 0.164188
-0.437896, -0.0218264, -0.0408599, 0.164169, 0.166777, 0.163936
-0.41921, -0.00819281, -0.0454381, 0.164112, 0.164798, 0.163989
-0.382655, 0.000789456, -0.0223703, 0.164086, 0.164427, 0.164378
-0.326245, -0.00140013, 0.00769704, 0.16409, 0.165511, 0.164997
-0.305055, 0.00275347, 0.0231602, 0.164096, 0.166888, 0.165536
-0.274872, -0.00202749, 0.0149279, 0.164106, 0.168262, 0.165969
-0.267725, 0.00119838, -0.0136166, 0.164084, 0.168864, 0.166214
-0.278605, 0.0212937, -0.0565157, 0.163991, 0.1687, 0.1663
-0.226776, 0.0349338, -0.0625058, 0.163946, 0.169167, 0.166396
-0.173138, 0.0404466, -0.0479214, 0.163923, 0.169228, 0.166319
-0.117644, 0.0449565, -0.031382, 0.163905, 0.168929, 0.166073
-0.0824959, 0.0513546, -0.0239093, 0.163897, 0.168018, 0.165705
-0.0347702, 0.0575378, -0.0163758, 0.163903, 0.167189, 0.165292
0.0478192, 0.0495162, -0.0027856, 0.16391, 0.166801, 0.16485
0.128149, 0.0404151, 0.0126838, 0.163915, 0.166363, 0.164419
0.218062, 0.0299459, 0.0268399, 0.16392, 0.166132, 0.16407
0.302919, 0.0138565, 0.0292461, 0.163924, 0.16595, 0.16386
0.388378, -0.00693564, 0.0213204, 0.163929, 0.165961, 0.163834
0.475527, -0.0329107, 0.0115314, 0.163951, 0.166237, 0.164013
0.552855, -0.0486231, -0.0114282, 0.163945, 0.166595, 0.164398
0.59992, -0.0595421, -0.0348233, 0.163929, 0.166739, 0.164917
0.602948, -0.0727884, -0.0628379, 0.163926, 0.166625, 0.165507
0.594408, -0.0998645, -0.0716222, 0.163992, 0.166857, 0.16619
0.571357, -0.1164, -0.0544506, 0.164038, 0.167376, 0.166886
0.530657, -0.0992804, -0.00569513, 0.164021, 0.168127, 0.167513
0.503667, -0.105017, 0.0255567, 0.164083, 0.168698, 0.167874
0.379444, -0.0785481, 0.0199132, 0.164089, 0.170152, 0.168301
0.265139, -0.0356642, 0.00290857, 0.164164, 0.171872, 0.168629
0.161398, -0.00486848, 0.00484689, 0.164255, 0.173162, 0.168653
0.0188773, 0.00596253, 0.00891486, 0.164192, 0.174853, 0.168575
-0.148219, 0.0196539, -0.00329832, 0.164084, 0.176746, 0.168344
-0.342469, 0.0508928, 0.00941421, 0.164119, 0.179194, 0.168199
-0.49733, 0.0640541, 0.0368318, 0.16409, 0.179711, 0.167748
-0.584044, 0.0581919, 0.0621695, 0.163972, 0.177305, 0.166882
-0.668762, 0.0800462, 0.0577437, 0.163981, 0.175158, 0.166278
-0.724429, 0.116637, 0.0317433, 0.164047, 0.172781, 0.166054
-0.689979, 0.127216, 0.00251283, 0.163994, 0.169225, 0.165846
-0.58132, 0.130419, -0.00613128, 0.163975, 0.167487, 0.166303
-0.542458, 0.118461, -0.0185227, 0.163877, 0.167243, 0.166956
-0.515583, 0.0841994, -0.0132435, 0.163859, 0.168367, 0.167872
-0.470502, 0.0544941, 0.00769071, 0.16395, 0.16999, 0.168774
-0.421757, 0.0475163, 0.0131815, 0.163989, 0.171508, 0.16946
-0.356927, 0.0419846, -0.0102303, 0.163969, 0.172711, 0.169894
-0.266542, 0.033304, -0.0180626, 0.163955, 0.173664, 0.170129
-0.171459, 0.0201297, -0.0237916, 0.163959, 0.173969, 0.170079
-0.0760786, 0.015465, -0.0247029, 0.163938, 0.173612, 0.169679
0.0365492, 0.0068982, -0.0242091, 0.163929, 0.173165, 0.169102
0.138468, -0.0129923, -0.0192231, 0.163932, 0.172171, 0.168215
0.229373, -0.02024, -0.00841454, 0.163908, 0.170871, 0.16721
0.313968, -0.0381725, -0.00522731, 0.163915, 0.16961, 0.166327
0.416828, -0.0491167, -0.0209597, 0.16389, 0.169102, 0.165826
0.538349, -0.0548741, -0.0267156, 0.163897, 0.169436, 0.165774
0.635273, -0.0491165, -0.0105615, 0.163921, 0.169618, 0.165884
0.681994, -0.051191, 0.0037276, 0.163977, 0.169144, 0.165993
0.707238, -0.0355874, 0.00187513, 0.164011, 0.16886, 0.166384
0.691142, -0.0543877, 0.00137909, 0.164039, 0.168612, 0.166991
0.62632, -0.0801468, 0.00198141, 0.164065, 0.168928, 0.167848
0.623189, -0.0899435, -0.00177577, 0.164068, 0.1694, 0.168582
0.595806, -0.095845, 0.00443976, 0.164084, 0.170107, 0.169276
0.539519, -0.0933037, 0.0103921, 0.164107, 0.170959, 0.169815
0.45311, -0.0432075, 0.00463672, 0.16417, 0.171964, 0.170096
0.319724, -0.0209805, 0.00874962, 0.164255, 0.173463, 0.170248
0.174262, -0.00561549, 0.000512679, 0.164292, 0.174932, 0.170145
-0.00875849, 0.0176484, 0.00364541, 0.164356, 0.176965, 0.169923
-0.171635, 0.0414241, 0.0020915, 0.164395, 0.177965, 0.169352
-0.33891, 0.0513025, 0.025324, 0.164369, 0.17863, 0.168736
-0.466231, 0.0615543, 0.0277956, 0.164313, 0.178347, 0.168021
-0.59533, 0.0843588, 0.0120717, 0.164249, 0.176792, 0.167339
-0.71558, 0.100087, -0.0164431, 0.164163, 0.175447, 0.167079
-0.740139, 0.0776923, -0.0399331, 0.164015, 0.173428, 0.166923
-0.792101, 0.0788055, -0.0429965, 0.163989, 0.171107, 0.167031
-0.759844, 0.0795637, -0.0327621, 0.164098, 0.169032, 0.167392
-0.687492, 0.0510274, -0.00533346, 0.16432, 0.168714, 0.168185
-0.55001, 0.00764588, 0.0375063, 0.16468, 0.1702, 0.169217
-0.391438, -0.0166627, 0.0680446, 0.165044, 0.173398, 0.170263
-0.288108, -0.0344739, 0.071045, 0.165317, 0.175888, 0.170814
-0.215515, -0.0622681, 0.0794285, 0.165538, 0.176773, 0.170689
-0.111681, -0.105643, 0.129935, 0.165804, 0.177288, 0.17017
-0.0302442, -0.205075, 0.225513, 0.1666, 0.176493, 0.169249
-0.0125495, -0.310889, 0.284422, 0.167579, 0.173633, 0.168
0.000307216, -0.378369, 0.286234, 0.167855, 0.170632, 0.166907
0.0218912, -0.407953, 0.274276, 0.167495, 0.168212, 0.166191
0.0411235, -0.377956, 0.242412, 0.166929, 0.166382, 0.165897
0.0827068, -0.323327, 0.13651, 0.165969, 0.165268, 0.165954
0.119359, -0.327477, -0.0239493, 0.165474, 0.164762, 0.166201
0.138669, -0.311199, -0.212593, 0.165983, 0.165063, 0.166592
0.152827, -0.236499, -0.330421, 0.167044, 0.165841, 0.166938
0.186759, -0.175639, -0.424975, 0.168198, 0.166568, 0.16707
0.190833, -0.106172, -0.478289, 0.169228, 0.167163, 0.166824
0.18511, -0.033397, -0.486262, 0.169922, 0.16766, 0.166354
0.169398, -0.015735, -0.46596, 0.169625, 0.168099, 0.165873
0.150869, -0.0363186, -0.474837, 0.168812, 0.168487, 0.1655
0.110306, -0.0155455, -0.503175, 0.168331, 0.1688, 0.165234
0.0844939, 0.0113601, -0.489625, 0.167876, 0.168788, 0.165188
0.0753237, 0.0206279, -0.427824, 0.16747, 0.168547, 0.165307
0.0594085, 0.0354997, -0.365419, 0.167246, 0.168293, 0.165596
0.0395607, 0.0430385, -0.292458, 0.167137, 0.168036, 0.166027
0.0410598, 0.0468887, -0.210126, 0.167126, 0.167665, 0.166449
0.0611617, 0.0324504, -0.172889, 0.166972, 0.167071, 0.166694
0.0621088, 0.0378384, -0.158735, 0.166753, 0.166553, 0.167023
0.0440221, 0.0553641, -0.104072, 0.166712, 0.166353, 0.167431
0.0361597, 0.0410255, -0.0998514, 0.166593, 0.166046, 0.167415
0.021334, 0.0428047, -0.112925, 0.166498, 0.165851, 0.167308
0.00220764, 0.0145855, -0.02069, 0.16688, 0.166143, 0.167007
0.00655581, -0.00463299, -0.0167093, 0.166942, 0.166128, 0.166254
-0.0186988, 0.0166477, 0.0129808, 0.16689, 0.166166, 0.165847
-0.00494431, 0.00246759, 0.00349822, 0.166744, 0.166046, 0.165113
0.00175648, 0.00186579, 0.0039367, 0.166515, 0.165926, 0.164636
0.000172294, 0.00238343, 0.00474901, 0.166221, 0.165751, 0.164346
0.00737852, -0.000365978, -0.000119915, 0.165875, 0.165544, 0.164159
-0.00510837, 0.0013514, -0.000745373, 0.165498, 0.16527, 0.164062
0.00330614, 0.00164865, 0.000658632, 0.16515, 0.165029, 0.16403
-0.000960975, 0.00124678, -0.000933745, 0.164838, 0.164779, 0.164016
0.000470913, 0.00112794, -0.00237543, 0.164562, 0.16455, 0.164014
0.000210887, 0.000415866, -0.00153142, 0.164325, 0.164336, 0.163996
-0.000550312, 0.00175318, -0.00159428, 0.164139, 0.164158, 0.163975
0.000936672, 0.000546509, -0.00149177, 0.164007, 0.164027, 0.16396
-0.00133506, 0.00167979, -0.00270676, 0.163905, 0.163918, 0.16392
0.00071118, -0.000325837, -0.00197005, 0.163827, 0.163834, 0.16388
-0.00113464, 0.000837939, -0.00124212, 0.163785, 0.163786, 0.163841
0.000790868, -0.000907534, -0.00131068, 0.163753, 0.163749, 0.163804
-0.000897613, 0.000502677, -0.00126481, 0.163734, 0.163727, 0.163764
0.00032717, -0.000781781, -0.00100761, 0.163738, 0.16373, 0.163749
-0.00121343, -0.000176899, -0.000689394, 0.163744, 0.163737, 0.163733
-0.000637541, -0.000592735, 0.000518564, 0.163745, 0.16374, 0.163718
-0.00101542, 0.000387629, 0.000235447, 0.163754, 0.163751, 0.163712
-0.000300466, -0.000184486, 0.000748857, 0.163758, 0.163757, 0.163708
-0.000546598, 4.04218e-05, 0.000998774, 0.163762, 0.163763, 0.163705
-0.000427754, 0.000785989, 0.00132415, 0.163757, 0.16376, 0.163697
-0.000161695, 0.000452816, 0.00207324, 0.163761, 0.163764, 0.163699
-0.000636628, 0.000587649, 0.0018534, 0.163763, 0.163767, 0.163702
-0.000611191, 3.54257e-05, 0.00108442, 0.163769, 0.163773, 0.163709
-0.000902657, 0.000313188, 0.00057843, 0.163771, 0.163775, 0.163713
-0.000607321, -0.000446765, -3.79158e-05, 0.163757, 0.163761, 0.163702
-0.000647104, -0.00022763, -0.000830836, 0.163738, 0.163741, 0.163685
-0.000575434, 0.000439722, -0.00131417, 0.163728, 0.163731, 0.163678
-0.000143837, 0.000303099, -0.00109517, 0.163731, 0.163733, 0.163682
0.000245279, 0.000175903, -0.000886738, 0.163731, 0.163733, 0.163684
5.33431e-05, 0.000134879, -0.000681753, 0.163739, 0.16374, 0.163693
-5.75724e-05, 0.000467441, -8.11906e-05, 0.163754, 0.163755, 0.163708
0.000427947, 0.000256396, 0.000689231, 0.163752, 0.163753, 0.163706
-4.09874e-05, -5.0764e-05, 0.000675983, 0.163749, 0.16375, 0.163704
3.60664e-05, -0.000406782, -0.000475939, 0.163753, 0.163753, 0.163709
-0.000114435, -0.000264796, -0.000670897, 0.163756, 0.163757, 0.163713
-0.000208106, -0.000386458, -0.00127332, 0.163752, 0.163754, 0.163711
-0.000207372, -6.0912e-05, -0.000964636, 0.163738, 0.163739, 0.163698
0.000252332, 6.10797e-05, -0.000925428, 0.163723, 0.163725, 0.163684
-0.000154701, -0.000206771, -0.000807082, 0.163711, 0.163713, 0.163672
-0.000483319, 0.000194096, -0.000597418, 0.163712, 0.163713, 0.163673
-0.000653331, 3.23182e-05, -0.00137372, 0.163726, 0.163728, 0.163687
-0.000359633, -0.000150815, -0.000639314, 0.163736, 0.163738, 0.163696
