1.61859e+09,-0.000283554,0.0133477,-0.000817155,0.999911,0.00991654,3.65206e-05,0.00308
1.61859e+09,-0.000149717,0.0203974,-0.00298436,0.999787,0.00886714,0.002652,0.00680446
1.61859e+09,-0.000565427,0.0171254,-0.00619515,0.999834,0.00167705,0.00519062,0.0346598
1.61859e+09,-0.00150735,0.0167383,-0.00985591,0.99981,0.00303079,0.00562326,0.0682719
1.61859e+09,-0.00314123,0.0176064,-0.0138002,0.999745,0.00328104,-0.00092093,0.105022
1.61859e+09,0.000164789,-0.00327122,-0.0214161,0.999765,-0.00214639,-0.00271675,0.164752
1.61859e+09,0.00178269,-0.0114707,-0.0307307,0.99946,-6.50881e-05,-0.0056374,0.220804
1.61859e+09,0.000849215,-0.00330652,-0.0424517,0.999093,0.00136877,-0.00641353,0.282343
1.61859e+09,0.00153713,0.00176047,-0.0534094,0.99857,0.000698852,-0.00613983,0.340679
1.61859e+09,0.00381719,-0.00397429,-0.0574385,0.998334,-0.00209455,-0.00391384,0.397644
1.61859e+09,0.00398531,-0.0202939,-0.0555068,0.998244,-0.00941374,7.85362e-05,0.453501
1.61859e+09,-0.000389,-0.047941,-0.0522156,0.997484,-0.019997,0.0053256,0.50482
1.61859e+09,-0.00316538,-0.0640545,-0.0491426,0.996731,-0.0237934,0.0071646,0.544817
1.61859e+09,-0.00491453,-0.0718876,-0.0463113,0.996325,-0.0274134,0.0108711,0.579159
1.61859e+09,-0.00547041,-0.0795208,-0.0407845,0.995984,-0.0282086,0.0163988,0.59811
1.61859e+09,-0.0048655,-0.083111,-0.0338987,0.995952,-0.0295791,0.0228329,0.606608
1.61859e+09,-0.00624631,-0.0757382,-0.029549,0.99667,-0.0245082,0.0293018,0.599991
1.61859e+09,-0.00796765,-0.0589139,-0.0282173,0.997832,-0.0150626,0.0333106,0.59594
1.61859e+09,-0.0111156,-0.0412223,-0.0278984,0.998699,-0.00612081,0.0360125,0.583136
1.61859e+09,-0.019472,-0.0330813,-0.0270051,0.998898,0.00207485,0.0396522,0.573952
1.61859e+09,-0.0394991,-0.0314119,-0.0271268,0.998357,0.00612186,0.0441748,0.564747
1.61859e+09,-0.0746532,-0.0311862,-0.0296045,0.996282,0.0104836,0.0497306,0.556396
1.61859e+09,-0.121519,-0.0310684,-0.0336953,0.99153,0.0121257,0.0554338,0.542981
1.61859e+09,-0.170022,-0.034,-0.0363772,0.984182,0.0110655,0.0589435,0.531214
1.61859e+09,-0.218239,-0.0367614,-0.0381122,0.974458,0.00858546,0.0624026,0.512591
1.61859e+09,-0.26618,-0.0326899,-0.0390329,0.962578,0.0063844,0.0614388,0.493605
1.61859e+09,-0.308531,-0.0225891,-0.0416775,0.950032,0.00481996,0.060538,0.473658
1.61859e+09,-0.345538,-0.024217,-0.0408198,0.937204,0.00566299,0.0599609,0.456686
1.61859e+09,-0.379191,-0.0265643,-0.0379898,0.924157,0.00760238,0.0605725,0.440629
1.61859e+09,-0.411822,-0.0215462,-0.0365098,0.910278,0.0103279,0.0595678,0.424484
1.61859e+09,-0.441226,-0.0106678,-0.0364529,0.896592,0.00799015,0.0502058,0.410932
1.61859e+09,-0.464872,-0.00891811,-0.0334435,0.884701,0.00636012,0.0507049,0.400075
1.61859e+09,-0.484534,-0.00864256,-0.0302851,0.874205,0.00434086,0.0504015,0.391959
1.61859e+09,-0.498342,-0.0051911,-0.0288399,0.866485,-0.00299924,0.0467404,0.38582
1.61859e+09,-0.503913,-0.000935003,-0.0291726,0.863261,-0.0078173,0.0392691,0.380203
1.61859e+09,-0.50477,0.000404653,-0.0295097,0.862749,-0.00909763,0.0420586,0.378407
1.61859e+09,-0.503163,0.00104967,-0.029676,0.863681,-0.0102717,0.0423587,0.375964
1.61859e+09,-0.500083,0.00177757,-0.0294072,0.865476,-0.0123072,0.0406677,0.374628
1.61859e+09,-0.495603,0.000627718,-0.028183,0.868092,-0.0124593,0.0466533,0.373772
1.61859e+09,-0.48913,-0.000162801,-0.0267287,0.871801,-0.0130255,0.0466445,0.373511
1.61859e+09,-0.481566,-0.000410573,-0.0258373,0.876029,-0.0132379,0.0473389,0.373621
1.61859e+09,-0.471094,-0.000395778,-0.0264576,0.881686,-0.0136733,0.0462892,0.375383
1.61859e+09,-0.453674,-0.005505,-0.0262666,0.890763,-0.013907,0.0450174,0.379663
1.61859e+09,-0.430017,-0.0132435,-0.0266149,0.902331,-0.010989,0.0545632,0.387098
1.61859e+09,-0.396172,-0.0198254,-0.0296811,0.917482,-0.00807216,0.0629559,0.40005
1.61859e+09,-0.351957,-0.0283787,-0.0344686,0.934951,-0.00259823,0.0708062,0.416182
1.61859e+09,-0.305455,-0.03501,-0.0382034,0.950795,-0.000770811,0.0733123,0.433879
1.61859e+09,-0.259037,-0.0480582,-0.0408674,0.963805,0.00256941,0.0799052,0.454291
1.61859e+09,-0.207916,-0.0653682,-0.0436825,0.974982,0.00158221,0.0819081,0.479209
1.61859e+09,-0.150595,-0.0772283,-0.0469846,0.984454,0.000417698,0.0803218,0.504076
1.61859e+09,-0.0894492,-0.0827682,-0.0501306,0.99128,-0.00191609,0.076211,0.529019
1.61859e+09,-0.0270202,-0.0857937,-0.0523484,0.99457,-0.00352886,0.0706204,0.55465
1.61859e+09,0.0345846,-0.0822958,-0.0529543,0.994599,-0.00300995,0.061159,0.569322
1.61859e+09,0.093993,-0.0745286,-0.0507416,0.991482,-0.00387767,0.049646,0.581282
1.61859e+09,0.149945,-0.0702359,-0.0454184,0.98515,-0.00764503,0.0388202,0.58541
1.61859e+09,0.201017,-0.0694049,-0.0391435,0.976342,-0.0105587,0.0286696,0.58599
1.61859e+09,0.248809,-0.0748931,-0.0369014,0.964947,-0.0127064,0.0198439,0.583798
1.61859e+09,0.297104,-0.0838375,-0.0387994,0.950366,-0.0145252,0.00955875,0.581457
1.61859e+09,0.345443,-0.0859215,-0.0409888,0.933599,-0.0145526,-0.00241433,0.579142
1.61859e+09,0.385494,-0.0875596,-0.0429356,0.917542,-0.0145687,-0.0134236,0.57265
1.61859e+09,0.413503,-0.0931173,-0.0443954,0.90464,-0.0175462,-0.0227925,0.565996
1.61859e+09,0.431502,-0.098002,-0.0439226,0.895696,-0.020611,-0.0283112,0.560558
1.61859e+09,0.44413,-0.10148,-0.0426592,0.889174,-0.0230257,-0.0305072,0.558853
1.61859e+09,0.452154,-0.106945,-0.042537,0.884483,-0.0258888,-0.0345315,0.558638
1.61859e+09,0.452588,-0.11096,-0.0435604,0.883716,-0.0277318,-0.0339751,0.557033
1.61859e+09,0.447356,-0.110188,-0.0442678,0.886437,-0.0279616,-0.0303493,0.553643
1.61859e+09,0.439846,-0.104421,-0.0438167,0.890905,-0.0253677,-0.0255851,0.548956
1.61859e+09,0.432622,-0.0951004,-0.0411875,0.895599,-0.0223989,-0.0186652,0.546189
1.61859e+09,0.421817,-0.0876193,-0.0385151,0.901615,-0.0210991,-0.0139447,0.545928
1.61859e+09,0.399702,-0.0849148,-0.0371147,0.911949,-0.020186,-0.00667835,0.545448
1.61859e+09,0.362736,-0.0810814,-0.0357721,0.927668,-0.019681,0.00377013,0.547719
1.61859e+09,0.31221,-0.0761024,-0.0362412,0.946266,-0.0187459,0.0152049,0.550573
1.61859e+09,0.252777,-0.0714321,-0.038956,0.964097,-0.0189522,0.025037,0.556708
1.61859e+09,0.186405,-0.072352,-0.0434373,0.978842,-0.0206914,0.0344982,0.562586
1.61859e+09,0.11396,-0.0729342,-0.0491967,0.989583,-0.0224756,0.0441193,0.565189
1.61859e+09,0.0415343,-0.0730278,-0.0553834,0.994924,-0.0236225,0.0531589,0.563992
1.61859e+09,-0.0258217,-0.0740655,-0.0598099,0.995123,-0.0244783,0.0622224,0.559134
1.61859e+09,-0.0865909,-0.0731651,-0.062131,0.991609,-0.0228169,0.0703215,0.551085
1.61859e+09,-0.142432,-0.0637386,-0.0638435,0.985685,-0.0184064,0.0768969,0.537529
1.61859e+09,-0.195821,-0.0526722,-0.0641302,0.977122,-0.0137778,0.0797935,0.519239
1.61859e+09,-0.249646,-0.0435025,-0.062293,0.965352,-0.0101323,0.0803707,0.500692
1.61859e+09,-0.301023,-0.0407763,-0.0575935,0.951002,-0.0088469,0.0817223,0.483238
1.61859e+09,-0.350768,-0.0393169,-0.0518309,0.9342,-0.00790183,0.0801517,0.464502
1.61859e+09,-0.398225,-0.0316172,-0.0483843,0.915465,-0.00842773,0.0744003,0.447215
1.61859e+09,-0.437219,-0.0264542,-0.0467438,0.89775,-0.00883712,0.0727015,0.434271
1.61859e+09,-0.468168,-0.0227458,-0.0443426,0.882233,-0.00999302,0.0663595,0.424606
1.61859e+09,-0.497251,-0.0192757,-0.0388641,0.866521,-0.0147405,0.058692,0.414161
1.61859e+09,-0.523868,-0.0152034,-0.0313718,0.851086,-0.0218216,0.0576728,0.404113
1.61859e+09,-0.538231,-0.0096219,-0.027074,0.842307,-0.0275264,0.0541578,0.396883
1.61859e+09,-0.539871,-0.00628414,-0.0268103,0.841298,-0.0301404,0.0516123,0.393053
1.61859e+09,-0.538387,-0.00260258,-0.0239084,0.842354,-0.0295413,0.0507111,0.386875
1.61859e+09,-0.533685,-0.000611194,-0.0223421,0.845388,-0.033845,0.0463565,0.392039
1.61859e+09,-0.524087,-0.00418051,-0.0191544,0.851439,-0.0410488,0.0269942,0.387977
1.61859e+09,-0.518479,-0.00538705,-0.0219627,0.854791,-0.025879,0.0542641,0.380314
1.61859e+09,-0.4895,-0.013633,-0.0282262,0.87144,-0.0205906,0.0652607,0.389598
1.61859e+09,-0.449305,-0.0172827,-0.0418006,0.892232,-0.0125013,0.0719308,0.40242
1.61859e+09,-0.394874,-0.0242319,-0.0563525,0.916685,-0.00237194,0.0827006,0.421749
1.61859e+09,-0.330856,-0.0377209,-0.066112,0.940607,0.00620937,0.089199,0.4431
1.61859e+09,-0.262909,-0.0437837,-0.0733468,0.961032,0.0111569,0.0918343,0.4657
1.61859e+09,-0.193981,-0.0493234,-0.0765722,0.976768,0.0136682,0.0893297,0.488992
1.61859e+09,-0.121805,-0.0511181,-0.076392,0.988289,0.0155777,0.0862305,0.506888
1.61859e+09,-0.0424531,-0.0475465,-0.0724189,0.995335,0.0145478,0.0798612,0.525782
1.61859e+09,0.0398919,-0.0374661,-0.06493,0.996388,0.0136799,0.0711138,0.538907
1.61859e+09,0.118052,-0.0236323,-0.0542775,0.991241,0.0112074,0.0604298,0.548351
1.61859e+09,0.187038,-0.0178126,-0.0426597,0.981264,0.00674349,0.0480683,0.554925
1.61859e+09,0.245931,-0.0233284,-0.0316857,0.968488,-0.000706179,0.0343985,0.557828
1.61859e+09,0.297373,-0.0392091,-0.0244568,0.953643,-0.00970076,0.0222444,0.559792
1.61859e+09,0.342791,-0.0512934,-0.0207298,0.937781,-0.0163068,0.011265,0.563447
1.61859e+09,0.385415,-0.0625301,-0.0178199,0.92045,-0.0239679,-0.00250722,0.560601
1.61859e+09,0.419021,-0.0744579,-0.0172557,0.904754,-0.0301525,-0.0154719,0.55625
1.61859e+09,0.439442,-0.0838983,-0.018087,0.894161,-0.035181,-0.0274967,0.550133
1.61859e+09,0.449984,-0.0855744,-0.018487,0.888735,-0.0392184,-0.0352362,0.544345
1.61859e+09,0.450814,-0.0850165,-0.0202693,0.888329,-0.0398622,-0.040174,0.538368
1.61859e+09,0.441943,-0.078576,-0.0215372,0.893336,-0.0368011,-0.0384121,0.534391
1.61859e+09,0.426931,-0.072298,-0.021859,0.901124,-0.0339496,-0.0318724,0.534154
1.61859e+09,0.402605,-0.0714223,-0.020937,0.912343,-0.0339818,-0.0254384,0.536141
1.61859e+09,0.364716,-0.0665616,-0.0191963,0.928538,-0.0319107,-0.011028,0.540144
1.61859e+09,0.31403,-0.058053,-0.0189631,0.947447,-0.0291628,0.00519754,0.543746
1.61859e+09,0.254605,-0.0502927,-0.0204761,0.965519,-0.0259362,0.0205784,0.545187
1.61859e+09,0.19185,-0.0462508,-0.0229133,0.980066,-0.0251399,0.0368097,0.542174
1.61859e+09,0.128491,-0.0482742,-0.0236629,0.990252,-0.0278126,0.0518805,0.534614
1.61859e+09,0.0741536,-0.0549249,-0.0232946,0.995461,-0.03227,0.0635649,0.528202
1.61859e+09,0.0419266,-0.063705,-0.022283,0.996839,-0.0365645,0.0717775,0.525211
1.61859e+09,0.029997,-0.0690228,-0.0216569,0.996929,-0.0386035,0.0757409,0.522465
1.61859e+09,0.0246379,-0.0707409,-0.0213455,0.996962,-0.0387732,0.0777889,0.521439
1.61859e+09,0.0217071,-0.0662357,-0.0213294,0.99734,-0.0385162,0.0792176,0.515214
1.61859e+09,0.0208063,-0.0589686,-0.0213554,0.997814,-0.0344509,0.0807924,0.50993
1.61859e+09,0.0199746,-0.0547461,-0.020991,0.99808,-0.0334042,0.0808342,0.507754
1.61859e+09,0.01917,-0.0545005,-0.0207995,0.998113,-0.031647,0.080404,0.50865
1.61859e+09,0.0182777,-0.0577205,-0.0219863,0.997923,-0.031178,0.079204,0.50801
1.61859e+09,0.0170769,-0.0639697,-0.0310117,0.997324,-0.0268523,0.0791531,0.511225
1.61859e+09,0.0141736,-0.0677591,-0.0532391,0.996179,-0.0178445,0.077037,0.512055
1.61859e+09,0.010166,-0.0672721,-0.0904349,0.993576,-0.00594933,0.0742491,0.513271
1.61859e+09,0.00645116,-0.0669659,-0.136476,0.988356,0.00701952,0.0701331,0.512484
1.61859e+09,0.00279188,-0.0616493,-0.186917,0.980435,0.017374,0.0662353,0.512529
1.61859e+09,0.00096146,-0.0548245,-0.237805,0.969764,0.0264034,0.0618676,0.510006
1.61859e+09,0.00135688,-0.0562915,-0.284979,0.956878,0.0337947,0.0555883,0.511752
1.61859e+09,0.00165275,-0.072617,-0.329392,0.941395,0.0396243,0.0495641,0.514409
1.61859e+09,0.000889865,-0.0859291,-0.373375,0.923692,0.0448195,0.0427152,0.519767
1.61859e+09,-0.00570568,-0.101114,-0.41843,0.902585,0.0505287,0.0335846,0.521145
1.61859e+09,-0.0161125,-0.117812,-0.460429,0.879697,0.0547716,0.0247824,0.521414
1.61859e+09,-0.0223002,-0.125471,-0.498931,0.857221,0.0577765,0.014461,0.517108
1.61859e+09,-0.0221987,-0.125737,-0.534753,0.835306,0.0589069,0.00227507,0.511192
1.61859e+09,-0.0150571,-0.121459,-0.56356,0.816958,0.0589086,-0.00976951,0.505497
1.61859e+09,-0.0054093,-0.11387,-0.583704,0.803924,0.0586998,-0.0217652,0.497275
1.61859e+09,-0.0033994,-0.109173,-0.598837,0.793388,0.0569124,-0.031729,0.489865
1.61859e+09,-0.0062404,-0.108427,-0.606634,0.787528,0.0549788,-0.0370891,0.483724
1.61859e+09,-0.00985832,-0.109779,-0.608649,0.785746,0.0526544,-0.0391788,0.480539
1.61859e+09,-0.0142441,-0.11377,-0.606877,0.786482,0.0510415,-0.0386977,0.479056
1.61859e+09,-0.0172159,-0.115582,-0.601194,0.790513,0.0502104,-0.0359314,0.479053
1.61859e+09,-0.0163806,-0.114826,-0.590896,0.798366,0.0505272,-0.031255,0.478863
1.61859e+09,-0.0120386,-0.112292,-0.57419,0.810896,0.0502724,-0.0255451,0.475915
1.61859e+09,-0.00594357,-0.107967,-0.549563,0.828425,0.0496215,-0.0183752,0.471068
1.61859e+09,-0.00149815,-0.10889,-0.515903,0.849697,0.0455997,-0.00665748,0.470308
1.61859e+09,0.00207131,-0.110736,-0.47207,0.874576,0.0378439,0.00714153,0.473382
1.61859e+09,0.00971903,-0.105876,-0.419507,0.901504,0.0310028,0.0197808,0.475272
1.61859e+09,0.0181624,-0.0981409,-0.362336,0.926688,0.0240722,0.0306761,0.478894
1.61859e+09,0.0224284,-0.0915631,-0.302222,0.948565,0.0177359,0.0422714,0.476852
1.61859e+09,0.0213754,-0.0873362,-0.238968,0.966856,0.0100955,0.056207,0.471021
1.61859e+09,0.0172348,-0.0844855,-0.174418,0.980889,0.00158486,0.0707871,0.462433
1.61859e+09,0.0112107,-0.0883649,-0.107916,0.990162,-0.00829688,0.0845928,0.454501
1.61859e+09,0.00515907,-0.0904907,-0.0408901,0.995044,-0.0142454,0.0956515,0.444178
1.61859e+09,-7.09335e-05,-0.0867781,0.0282927,0.995826,-0.0197533,0.102211,0.44056
1.61859e+09,-0.0032092,-0.085811,0.0907404,0.992165,-0.0225514,0.10377,0.437759
1.61859e+09,-0.00120221,-0.0872035,0.144843,0.985604,-0.0265091,0.102077,0.435466
1.61859e+09,0.00248487,-0.086476,0.193835,0.977212,-0.0339711,0.0979911,0.434388
1.61859e+09,0.00606413,-0.087272,0.237546,0.967429,-0.0418218,0.0933472,0.430715
1.61859e+09,0.00641865,-0.084384,0.276278,0.957345,-0.0509299,0.0881903,0.427111
1.61859e+09,0.00227606,-0.0800898,0.311728,0.946787,-0.061577,0.0817388,0.422022
1.61859e+09,0.000535166,-0.0863963,0.341843,0.935777,-0.0721031,0.0775673,0.415891
1.61859e+09,0.00159637,-0.0939201,0.362117,0.927388,-0.0776906,0.0763179,0.413406
1.61859e+09,-0.00365112,-0.0865852,0.371387,0.924425,-0.0772439,0.07967,0.411758
1.61859e+09,-0.0105331,-0.0750563,0.371103,0.925494,-0.0756554,0.0845349,0.411492
1.61859e+09,-0.0114895,-0.0716576,0.365468,0.92799,-0.0759392,0.087856,0.410321
1.61859e+09,-0.00656009,-0.0729577,0.353102,0.932713,-0.0780914,0.0926586,0.411454
1.61859e+09,-0.00391582,-0.0710113,0.329815,0.941363,-0.0777096,0.0995338,0.414839
1.61859e+09,-0.0071604,-0.0663239,0.295133,0.953125,-0.0749511,0.109333,0.418094
1.61859e+09,-0.0106592,-0.0652773,0.252812,0.965252,-0.0721006,0.117009,0.425084
1.61859e+09,-0.00844573,-0.0710871,0.202824,0.976595,-0.0678184,0.123149,0.43173
1.61859e+09,-0.0045613,-0.0763753,0.142784,0.986792,-0.0600415,0.128442,0.440043
1.61859e+09,-0.00222933,-0.0745242,0.0731522,0.99453,-0.0493209,0.132803,0.447434
1.61859e+09,-0.00336105,-0.0644647,0.000126808,0.997914,-0.0350786,0.132377,0.454934
1.61859e+09,-0.00339073,-0.0587712,-0.0701316,0.995799,-0.0204552,0.126454,0.463281
1.61859e+09,-0.00113576,-0.0633122,-0.135335,0.988774,-0.00800266,0.117956,0.469047
1.61859e+09,0.0023561,-0.0748528,-0.196225,0.977695,0.00220934,0.108624,0.477586
1.61859e+09,0.00209459,-0.0959015,-0.255349,0.962079,0.0125061,0.100897,0.481084
1.61859e+09,-0.00127982,-0.115401,-0.311664,0.943158,0.0229216,0.09388,0.486233
1.61859e+09,-0.00264009,-0.128191,-0.361425,0.923543,0.0326464,0.085979,0.488848
1.61859e+09,-0.00112591,-0.136928,-0.405135,0.903944,0.0393266,0.0762147,0.489455
1.61859e+09,0.00595137,-0.135878,-0.443875,0.885707,0.0449596,0.0646902,0.487849
1.61859e+09,0.0176344,-0.127954,-0.475541,0.870159,0.0490459,0.052122,0.483265
1.61859e+09,0.0286716,-0.121065,-0.498791,0.857746,0.0489665,0.0410581,0.475826
1.61859e+09,0.0339663,-0.115652,-0.514235,0.849137,0.0462258,0.03229,0.467646
1.61859e+09,0.0324338,-0.11529,-0.52353,0.843547,0.0425796,0.0277313,0.459079
1.61859e+09,0.0287204,-0.11824,-0.526088,0.84168,0.0398498,0.0260808,0.455028
1.61859e+09,0.0261999,-0.119198,-0.522157,0.844072,0.0384689,0.0274285,0.453017
1.61859e+09,0.0226345,-0.123311,-0.509228,0.851451,0.0368185,0.0320969,0.454882
1.61859e+09,0.0222167,-0.12475,-0.483702,0.866012,0.032892,0.0396053,0.458637
1.61859e+09,0.0282513,-0.120506,-0.443249,0.887812,0.0274703,0.0497148,0.462323
1.61859e+09,0.034636,-0.108294,-0.390845,0.913407,0.0191792,0.0604887,0.464242
1.61859e+09,0.0341476,-0.092165,-0.331249,0.93841,0.00962397,0.0741776,0.462048
1.61859e+09,0.0288078,-0.0785512,-0.26775,0.959849,-0.000561912,0.0930855,0.455193
1.61859e+09,0.0187449,-0.0696178,-0.201631,0.976804,-0.00912278,0.111461,0.44118
1.61859e+09,0.0101624,-0.0645783,-0.134296,0.988783,-0.0201874,0.128205,0.430976
1.61859e+09,0.00764684,-0.0706014,-0.0658488,0.995299,-0.0339967,0.136795,0.431595
1.61859e+09,0.00702762,-0.0797826,0.00105756,0.996787,-0.045974,0.139256,0.431563
1.61859e+09,0.00526223,-0.0715552,0.0620534,0.995491,-0.0482429,0.137747,0.42794
1.61859e+09,-0.00222291,-0.0540908,0.119087,0.991407,-0.044658,0.136663,0.425413
1.61859e+09,-0.0119621,-0.0435362,0.175533,0.983438,-0.0435132,0.134018,0.423415
1.61859e+09,-0.0165226,-0.0451934,0.230009,0.971998,-0.0472915,0.128513,0.422032
1.61859e+09,-0.0138612,-0.0599175,0.281878,0.957477,-0.0548262,0.118312,0.422635
1.61859e+09,-0.00520843,-0.0825105,0.327443,0.941247,-0.0610105,0.107083,0.420981
1.61859e+09,-0.00663967,-0.0843016,0.3541,0.931377,-0.0690116,0.0997074,0.418364
1.61859e+09,-0.00645952,-0.0843488,0.379465,0.921331,-0.066818,0.0971679,0.424748
1.61859e+09,-0.00310552,-0.0892834,0.402841,0.9109,-0.061866,0.0903436,0.418031
1.61859e+09,-2.87872e-05,-0.0834719,0.411162,0.907732,-0.0630092,0.0890841,0.419222
1.61859e+09,-0.00271711,-0.0698176,0.412,0.908501,-0.0628616,0.0902923,0.413866
1.61859e+09,-0.00793845,-0.0582826,0.405667,0.912126,-0.0628759,0.0917101,0.411999
1.61859e+09,-0.0068825,-0.0559517,0.392674,0.917948,-0.0633135,0.0927969,0.413832
1.61859e+09,0.00143164,-0.0625877,0.370454,0.926739,-0.0624691,0.096424,0.417829
1.61859e+09,0.00787156,-0.0679838,0.337519,0.938828,-0.0602916,0.105996,0.422469
1.61859e+09,0.00919084,-0.0696658,0.295543,0.952742,-0.0561189,0.118571,0.427131
1.61859e+09,0.0112281,-0.0689776,0.246607,0.966592,-0.0494361,0.131463,0.433646
1.61859e+09,0.0126697,-0.0683926,0.192063,0.978915,-0.041311,0.14186,0.441279
1.61859e+09,0.0126251,-0.0629789,0.132338,0.989121,-0.0317704,0.148991,0.448283
1.61859e+09,0.0103552,-0.0514963,0.0607798,0.996768,-0.015341,0.157167,0.446807
1.61859e+09,0.0109986,-0.0352123,-0.0171615,0.999172,0.00502468,0.161973,0.44874
1.61859e+09,0.0152536,-0.0321244,-0.0945548,0.994884,0.0265192,0.162641,0.452962
1.61859e+09,0.0170677,-0.0421898,-0.167015,0.984903,0.043903,0.158492,0.455292
1.61859e+09,0.0127064,-0.0625296,-0.231892,0.970647,0.0585171,0.152225,0.453846
1.61859e+09,0.00155018,-0.0904123,-0.291233,0.952369,0.0688095,0.146303,0.453173
1.61859e+09,-0.00474527,-0.112953,-0.346246,0.931307,0.0761248,0.139685,0.457961
1.61859e+09,-0.00450755,-0.129424,-0.396057,0.909048,0.082447,0.132503,0.460392
1.61859e+09,-0.00164761,-0.13866,-0.441253,0.886604,0.0872322,0.125346,0.462864
1.61859e+09,0.00337394,-0.13613,-0.477848,0.867824,0.0901901,0.117499,0.460276
1.61859e+09,0.00908405,-0.128841,-0.503093,0.854526,0.0902533,0.110082,0.45355
1.61859e+09,0.0128251,-0.120965,-0.51838,0.846455,0.0884981,0.103772,0.442903
1.61859e+09,0.0135973,-0.111684,-0.527106,0.842319,0.0873037,0.0988465,0.434483
1.61859e+09,0.00977139,-0.110362,-0.528092,0.841928,0.0866718,0.096218,0.428716
1.61859e+09,0.00582424,-0.112194,-0.51863,0.847586,0.0844051,0.0965059,0.426406
1.61859e+09,0.00165911,-0.115084,-0.48642,0.866111,0.0722658,0.100876,0.424098
1.61859e+09,-0.000979784,-0.116352,-0.462328,0.879041,0.0740696,0.10803,0.43007
1.61859e+09,0.00315193,-0.113435,-0.412313,0.903947,0.0635359,0.118062,0.435051
1.61859e+09,0.00914311,-0.0996236,-0.350652,0.931147,0.0513431,0.126351,0.436835
1.61859e+09,0.0107437,-0.0852561,-0.284257,0.95489,0.037942,0.133825,0.435795
1.61859e+09,0.012221,-0.0743433,-0.219985,0.972589,0.0237033,0.140656,0.433382
1.61859e+09,0.00986425,-0.0751173,-0.178248,0.981065,0.00838191,0.146061,0.431271
1.61859e+09,0.0146477,-0.0695185,-0.123262,0.989828,-0.00117073,0.155051,0.423138
1.61859e+09,0.00729556,-0.0755899,-0.0905829,0.992989,-0.0144422,0.164184,0.415753
1.61859e+09,0.00106073,-0.0899782,-0.0647493,0.993836,-0.027013,0.172808,0.408624
1.61859e+09,-0.00342317,-0.0995627,-0.048076,0.993863,-0.0343692,0.180195,0.404839
1.61859e+09,-0.00478534,-0.0984383,-0.0393291,0.994354,-0.0339421,0.185173,0.404224
1.61859e+09,-0.00530636,-0.0894942,-0.0354487,0.995342,-0.028741,0.187694,0.406922
1.61859e+09,-0.00574636,-0.0612149,-0.0332759,0.997553,-0.0218747,0.189258,0.409873
1.61859e+09,-0.00666395,-0.0219349,-0.0318088,0.999231,-0.0123625,0.190873,0.410062
1.61859e+09,-0.00804503,0.0331112,-0.0307891,0.998945,-0.000895897,0.193258,0.40555
1.61859e+09,-0.00929893,0.0869932,-0.0300111,0.995713,0.0101876,0.195372,0.398072
1.61859e+09,-0.00950235,0.134296,-0.0268173,0.990533,0.0195918,0.196602,0.390225
1.61859e+09,-0.00908685,0.182602,-0.0230494,0.982875,0.0270421,0.197837,0.381169
1.61859e+09,-0.00978871,0.228246,-0.0205415,0.973338,0.0329947,0.197041,0.368981
1.61859e+09,-0.010123,0.270605,-0.0190826,0.962448,0.0390389,0.194657,0.357171
1.61859e+09,-0.00880384,0.304102,-0.0190482,0.952408,0.0429539,0.191808,0.347561
1.61859e+09,-0.00812588,0.329237,-0.0209624,0.94398,0.0464078,0.190421,0.338406
1.61859e+09,-0.0081932,0.345726,-0.0235138,0.938005,0.0364216,0.192935,0.329801
1.61859e+09,-0.00925289,0.362222,-0.0254892,0.931697,0.0466968,0.186584,0.321431
1.61859e+09,-0.00925082,0.362326,-0.0258572,0.931647,0.0442945,0.184625,0.317951
1.61859e+09,-0.0084018,0.357525,-0.027095,0.933473,0.0437566,0.183606,0.318596
1.61859e+09,-0.00802965,0.32688,-0.0271485,0.944642,0.0392853,0.184428,0.325613
1.61859e+09,-0.00772649,0.260106,-0.0247101,0.965233,0.0335082,0.18525,0.336052
1.61859e+09,-0.00776211,0.185015,-0.0217341,0.982465,0.0278347,0.185691,0.349401
1.61859e+09,-0.00933222,0.106801,-0.01921,0.994051,0.0223286,0.185455,0.358955
1.61859e+09,-0.0115994,0.0315737,-0.0185338,0.999262,0.0165843,0.184401,0.366969
1.61859e+09,-0.0125093,-0.0361244,-0.0182722,0.999102,0.0125876,0.182384,0.369525
1.61859e+09,-0.0100662,-0.0935954,-0.0177291,0.995402,0.00940349,0.180058,0.371818
1.61859e+09,-0.0083383,-0.155645,-0.0175022,0.987623,0.00518692,0.177617,0.371998
1.61859e+09,-0.0078973,-0.206027,-0.0167592,0.978371,-0.000576865,0.174679,0.367346
1.61859e+09,-0.00725074,-0.247961,-0.0162422,0.968607,-0.0067373,0.172045,0.363761
1.61859e+09,-0.00490741,-0.28661,-0.0159369,0.957902,-0.0132648,0.170521,0.360638
1.61859e+09,-0.00180523,-0.321763,-0.0158548,0.946686,-0.0198093,0.169327,0.35966
1.61859e+09,-7.71892e-05,-0.346866,-0.016211,0.937775,-0.0237271,0.16952,0.360618
1.61859e+09,0.000381561,-0.355123,-0.0157335,0.934687,-0.0271515,0.16984,0.361921
1.61859e+09,0.000212351,-0.350754,-0.0144711,0.936356,-0.0293727,0.17138,0.363221
1.61859e+09,0.00124296,-0.326597,-0.0123645,0.945082,-0.0297656,0.173713,0.365145
1.61859e+09,0.00476624,-0.282012,-0.0102502,0.959344,-0.0275194,0.175519,0.372879
1.61859e+09,0.00950361,-0.228502,-0.00773968,0.973466,-0.0249852,0.176247,0.382808
1.61859e+09,0.0126821,-0.178806,-0.0049877,0.98379,-0.0244916,0.176638,0.394418
1.61859e+09,0.0143852,-0.120679,-0.00285298,0.992583,-0.0205629,0.176823,0.400285
1.61859e+09,0.0158229,-0.0594588,-0.00150398,0.998104,-0.0153022,0.175885,0.409408
1.61859e+09,0.0160855,-0.0169263,-0.00117,0.999727,-0.00904976,0.175057,0.414003
1.61859e+09,0.0148404,0.0364064,-0.00176871,0.999225,-0.00292466,0.174942,0.416762
1.61859e+09,0.012132,0.0786678,-0.00283841,0.996823,0.001917,0.175144,0.414546
1.61859e+09,0.0102524,0.118673,-0.0022061,0.992878,0.00450281,0.17494,0.4099
1.61859e+09,0.0094965,0.162665,-0.00137193,0.986635,0.00810109,0.174802,0.402956
1.61859e+09,0.0110776,0.215137,0.000553138,0.976521,0.012521,0.174253,0.393717
1.61859e+09,0.0119072,0.266158,0.00186219,0.963854,0.0175494,0.173427,0.378944
1.61859e+09,0.0101185,0.311766,0.00200384,0.950103,0.0210803,0.172058,0.361143
1.61859e+09,0.00809716,0.344193,-0.000214738,0.938864,0.017903,0.17243,0.350942
1.61859e+09,0.00507836,0.380751,-0.000326432,0.924664,0.0221923,0.169133,0.326725
1.61859e+09,0.00470822,0.396054,-0.00184403,0.918213,0.0206091,0.168427,0.314596
1.61859e+09,0.0047198,0.402919,-0.00379695,0.915215,0.021749,0.167899,0.307444
1.61859e+09,0.00396995,0.391437,-0.00508409,0.920182,0.00788213,0.168744,0.304433
1.61859e+09,0.00391429,0.375557,-0.00819777,0.926755,0.0167638,0.167103,0.312497
1.61859e+09,0.00352137,0.323638,-0.00918964,0.94613,0.0109043,0.167476,0.326816
1.61859e+09,0.00224257,0.257968,-0.0107222,0.966091,0.00572255,0.168378,0.341456
1.61859e+09,-0.000652291,0.186134,-0.0118514,0.982453,0.000124638,0.169366,0.355568
1.61859e+09,-0.00213907,0.117104,-0.0116293,0.993049,-0.00546604,0.169179,0.367805
1.61859e+09,-0.00187704,0.0437765,-0.0110614,0.998978,-0.0129113,0.168242,0.383944
1.61859e+09,-0.00178011,-0.0343146,-0.0101527,0.999358,-0.0202975,0.167017,0.388566
1.61859e+09,-0.00117298,-0.105463,-0.00893624,0.994382,-0.0262329,0.166245,0.397606
1.61859e+09,0.0001223,-0.172835,-0.00867614,0.984913,-0.0306906,0.16448,0.402709
1.61859e+09,0.0016596,-0.239139,-0.00890923,0.970943,-0.0375014,0.161998,0.406268
1.61859e+09,0.00399433,-0.305821,-0.0102216,0.952026,-0.0463722,0.157779,0.404939
1.61859e+09,0.00398836,-0.35791,-0.0137285,0.933647,-0.0528979,0.15487,0.400977
1.61859e+09,0.00376951,-0.375592,-0.0172849,0.926616,-0.0523246,0.152693,0.395789
1.61859e+09,0.00337831,-0.382719,-0.0211346,0.923617,-0.04925,0.151494,0.388677
1.61859e+09,0.00411108,-0.400361,-0.023552,0.916046,-0.0506244,0.150595,0.381884
1.61859e+09,0.00540771,-0.421845,-0.0242949,0.906326,-0.0545727,0.150137,0.378937
1.61859e+09,0.00562856,-0.421983,-0.0242844,0.906261,-0.0555741,0.150556,0.380581
1.61859e+09,0.00294001,-0.409923,-0.0226263,0.911835,-0.0555585,0.151234,0.38569
1.61859e+09,0.00396381,-0.360323,-0.0199927,0.932605,-0.0524245,0.151481,0.395352
1.61859e+09,0.0083707,-0.299612,-0.0171036,0.953871,-0.047489,0.150675,0.404864
1.61859e+09,0.0120074,-0.229082,-0.0129136,0.973247,-0.0429158,0.150709,0.40697
1.61859e+09,0.0132228,-0.148531,-0.00908396,0.988778,-0.0388068,0.150638,0.401441
1.61859e+09,0.0123372,-0.0879947,-0.00670855,0.996022,-0.0344181,0.151011,0.391525
1.61859e+09,0.0126171,-0.0578815,-0.00579992,0.998227,-0.0320263,0.150044,0.382417
1.61859e+09,0.0147211,-0.0485168,-0.00584664,0.998697,-0.0321504,0.149481,0.371996
1.61859e+09,0.0177955,-0.0522823,-0.0060252,0.998456,-0.0334985,0.148433,0.365869
1.61859e+09,0.0198583,-0.0596727,-0.00673382,0.997998,-0.0352142,0.147249,0.363211
1.61859e+09,0.0210567,-0.0622558,-0.0087831,0.997799,-0.0351213,0.146149,0.362993
1.61859e+09,0.0221074,-0.0611068,-0.011727,0.997817,-0.0332932,0.144724,0.37299
1.61859e+09,0.0221629,-0.055511,-0.0145076,0.998107,-0.0315166,0.141715,0.395536
1.61859e+09,0.0186064,-0.0509068,-0.0165605,0.998393,-0.029804,0.137772,0.428006
1.61859e+09,0.0111801,-0.0464011,-0.0175611,0.998706,-0.0319175,0.133398,0.472782
1.61859e+09,-0.00114751,-0.0482375,-0.0192596,0.99865,-0.0347729,0.129062,0.5205
1.61859e+09,-0.0162156,-0.0519926,-0.0231338,0.998248,-0.0367227,0.124612,0.566558
1.61859e+09,-0.0282829,-0.0597415,-0.0265131,0.997461,-0.0386149,0.120479,0.608778
1.61859e+09,-0.0359941,-0.071921,-0.029082,0.996336,-0.0411049,0.114664,0.650287
1.61859e+09,-0.0402533,-0.0820665,-0.0325422,0.995282,-0.0445668,0.108933,0.689665
1.61859e+09,-0.0391562,-0.0944591,-0.036294,0.994096,-0.0488718,0.102876,0.71892
1.61859e+09,-0.0358252,-0.102705,-0.0393283,0.993288,-0.0525181,0.0982161,0.732984
1.61859e+09,-0.0338881,-0.106135,-0.0410619,0.992925,-0.0549251,0.0947036,0.728573
1.61859e+09,-0.0298914,-0.0966265,-0.041473,0.994007,-0.0536552,0.092312,0.707702
1.61859e+09,-0.0237178,-0.0804342,-0.0401445,0.995669,-0.0512117,0.0912114,0.67887
1.61859e+09,-0.0180686,-0.0667116,-0.0360309,0.996958,-0.0515146,0.093776,0.642593
1.61859e+09,-0.0159427,-0.0599179,-0.0288172,0.99766,-0.0541593,0.09737,0.599365
1.61859e+09,-0.0188442,-0.0599327,-0.0209835,0.997804,-0.0570542,0.101536,0.557151
1.61859e+09,-0.023332,-0.0603666,-0.0132084,0.997816,-0.0606365,0.109487,0.500657
1.61859e+09,-0.0246972,-0.0601797,-0.00646094,0.997861,-0.063185,0.116441,0.452484
1.61859e+09,-0.0182754,-0.0654213,0.000365381,0.99769,-0.0675199,0.122496,0.412082
1.61859e+09,-0.0104615,-0.0728869,0.00474643,0.997274,-0.0717148,0.128097,0.368558
1.61859e+09,-0.00403293,-0.0714551,0.00558183,0.99742,-0.0739899,0.133009,0.322231
1.61859e+09,-0.00188059,-0.0728969,0.00575128,0.997321,-0.0771556,0.136149,0.280008
1.61859e+09,-0.00463473,-0.0807697,0.00396726,0.996714,-0.0780812,0.139097,0.24165
1.61859e+09,-0.00811357,-0.0873772,0.00211563,0.99614,-0.0775611,0.14218,0.208686
1.61859e+09,-0.00832143,-0.092243,0.00235539,0.995699,-0.0783011,0.145093,0.186224
1.61859e+09,-0.00391344,-0.0980273,0.0034633,0.99517,-0.0791726,0.148307,0.173058
1.61859e+09,0.00175674,-0.0952046,0.00491044,0.995444,-0.080112,0.15094,0.16716
1.61859e+09,0.00326679,-0.0836042,0.00656339,0.996472,-0.079705,0.151599,0.171321
1.61859e+09,0.00266941,-0.0715203,0.00688132,0.997412,-0.0768304,0.151113,0.186768
1.61859e+09,0.0034538,-0.0667851,0.00457955,0.997751,-0.0724244,0.150336,0.219166
1.61859e+09,0.00443761,-0.0605814,0.00185176,0.998152,-0.0675918,0.148573,0.263057
1.61859e+09,0.00300327,-0.0591963,-0.000126469,0.998242,-0.0629704,0.146739,0.31651
1.61859e+09,-0.00208106,-0.0541957,-0.00226127,0.998526,-0.0588202,0.144615,0.373567
1.61859e+09,-0.0100663,-0.0488423,-0.004536,0.998745,-0.0549745,0.141464,0.435395
1.61859e+09,-0.0172217,-0.0459071,-0.00761505,0.998768,-0.0516828,0.13947,0.493607
1.61859e+09,-0.0194342,-0.0562291,-0.00967545,0.998182,-0.0500544,0.13799,0.548789
1.61859e+09,-0.019689,-0.0608844,-0.0119952,0.997879,-0.0482985,0.135569,0.597953
1.61859e+09,-0.0175452,-0.0653509,-0.0151962,0.997592,-0.0448696,0.132019,0.64912
1.61859e+09,-0.0125456,-0.073191,-0.0184715,0.997068,-0.0407911,0.127405,0.690675
1.61859e+09,-0.00827815,-0.0762867,-0.0238462,0.996766,-0.0366829,0.122617,0.724904
1.61859e+09,-0.00512017,-0.0772128,-0.0282127,0.996602,-0.0355195,0.118966,0.745438
1.61859e+09,-0.00367577,-0.0804947,-0.0297804,0.996303,-0.0371838,0.117753,0.748837
1.61859e+09,-0.00317164,-0.0803584,-0.0271043,0.996392,-0.041772,0.11973,0.735526
1.61859e+09,-0.00191992,-0.073917,-0.0219617,0.997021,-0.0454169,0.122591,0.706627
1.61859e+09,-0.000802378,-0.0647698,-0.0169661,0.997756,-0.047005,0.126796,0.66702
1.61859e+09,-0.00137048,-0.0524387,-0.0134668,0.998532,-0.0446708,0.132879,0.618121
1.61859e+09,-0.00249891,-0.04002,-0.00946212,0.999151,-0.0419892,0.139216,0.565978
1.61859e+09,-0.00108247,-0.0348378,-0.00538253,0.999378,-0.0400989,0.147156,0.510869
1.61859e+09,-8.54577e-06,-0.0318662,-0.00227299,0.99949,-0.0398925,0.15616,0.453155
1.61859e+09,-0.0018169,-0.0375392,0.000538091,0.999293,-0.0407508,0.162965,0.396892
1.61859e+09,-0.00784296,-0.0437179,0.00331565,0.999008,-0.0418354,0.16853,0.344196
1.61859e+09,-0.0122994,-0.0459776,0.00643718,0.998846,-0.0431836,0.172137,0.298696
1.61859e+09,-0.00985073,-0.05551,0.00847644,0.998374,-0.0469782,0.173607,0.260104
1.61859e+09,-0.00756674,-0.0721072,0.00980627,0.99732,-0.0499186,0.17326,0.222132
1.61859e+09,-0.00789618,-0.0759959,0.00996451,0.997027,-0.0524549,0.172329,0.184579
1.61859e+09,-0.00929423,-0.073434,0.00830774,0.997222,-0.0534503,0.17212,0.155427
1.61859e+09,-0.00804168,-0.0691765,0.00607516,0.997554,-0.053213,0.172236,0.134569
1.61859e+09,-0.00592551,-0.0617803,0.00476741,0.998061,-0.0521101,0.171711,0.123337
1.61859e+09,-0.00416008,-0.0561332,0.00392823,0.998407,-0.0516526,0.170824,0.125371
1.61859e+09,-0.0045685,-0.0506776,0.00326253,0.998699,-0.0504256,0.170347,0.140781
1.61859e+09,-0.00523768,-0.0333227,0.00201214,0.999429,-0.046816,0.171004,0.173445
1.61859e+09,-0.00474935,-0.0184682,0.000382699,0.999818,-0.0414017,0.171175,0.219382
1.61859e+09,-0.00432213,-0.00775123,-0.00122484,0.99996,-0.0338865,0.171265,0.272944
1.61859e+09,-0.00604358,0.00292456,-0.00412202,0.999969,-0.0256408,0.171128,0.331476
1.61859e+09,-0.00959911,-0.00745037,-0.00721084,0.9999,-0.0241051,0.171221,0.395807
1.61859e+09,-0.0139677,-0.03391,-0.00931566,0.999284,-0.0267061,0.171559,0.459753
1.61859e+09,-0.0172597,-0.0646527,-0.0108072,0.9977,-0.0321388,0.171523,0.526611
1.61859e+09,-0.016696,-0.0877332,-0.0131493,0.995917,-0.0368542,0.170013,0.586328
1.61859e+09,-0.0119682,-0.104638,-0.0164989,0.994302,-0.0386611,0.165222,0.644003
1.61859e+09,-0.00575475,-0.121419,-0.0187301,0.992408,-0.0417111,0.160463,0.699632
1.61859e+09,0.00025284,-0.139497,-0.020548,0.990009,-0.046698,0.157337,0.746242
1.61859e+09,0.00293616,-0.142667,-0.0228546,0.989502,-0.0508122,0.156725,0.777602
1.61859e+09,0.000151481,-0.141312,-0.0265857,0.989608,-0.0522195,0.15805,0.787145
1.61859e+09,-0.00430336,-0.134883,-0.0288262,0.990433,-0.0509902,0.160084,0.775371
1.61859e+09,-0.00506578,-0.120955,-0.0278278,0.992255,-0.0483335,0.162922,0.747858
1.61859e+09,-0.00283975,-0.108103,-0.025091,0.993819,-0.0439109,0.166467,0.707981
1.61859e+09,-0.00138838,-0.0974189,-0.0235192,0.994965,-0.038551,0.17084,0.659485
1.61859e+09,0.000519685,-0.084474,-0.0241531,0.996133,-0.0311115,0.176938,0.602076
1.61859e+09,0.00282184,-0.0768553,-0.0243494,0.996741,-0.0255636,0.184959,0.541827
1.61859e+09,0.0033389,-0.0806157,-0.0213233,0.996512,-0.026601,0.192848,0.479253
1.61859e+09,0.00304194,-0.0863095,-0.0159245,0.996136,-0.0299352,0.198249,0.417922
1.61859e+09,0.00482842,-0.0871598,-0.0116477,0.996115,-0.0338743,0.203697,0.364347
1.61859e+09,0.00877104,-0.0826179,-0.00874546,0.996504,-0.0377492,0.207522,0.31467
1.61859e+09,0.0120268,-0.0739205,-0.00596368,0.997174,-0.0412649,0.208846,0.276944
1.61859e+09,0.0137815,-0.0605745,-0.00359347,0.998062,-0.0454483,0.21011,0.248445
1.61859e+09,0.0127525,-0.0487604,-0.00194822,0.998727,-0.0479053,0.210955,0.238776
1.61859e+09,0.00922948,-0.0439204,-0.000733006,0.998992,-0.0494646,0.211504,0.235602
1.61859e+09,0.00661035,-0.0398211,0.000869859,0.999185,-0.0506679,0.212229,0.23912
1.61859e+09,0.00865212,-0.0363814,0.00331033,0.999295,-0.0515172,0.210795,0.258084
1.61859e+09,0.0119112,-0.0288517,0.00535077,0.999498,-0.0494629,0.208595,0.284688
1.61859e+09,0.00835095,-0.0138938,0.00734434,0.999842,-0.0441279,0.204163,0.323392
1.61859e+09,-0.00180633,-0.000213345,0.00967179,0.999952,-0.0414203,0.197694,0.365072
1.61859e+09,-0.00956631,-0.00341108,0.0102699,0.999896,-0.0421279,0.191248,0.40018
1.61859e+09,-0.0107126,-0.0141267,0.011103,0.999781,-0.0463528,0.185935,0.426834
1.61859e+09,-0.00866796,-0.0281535,0.0113707,0.999501,-0.0504892,0.180962,0.44262
1.61859e+09,-0.00509089,-0.0377068,0.00891154,0.999236,-0.0516187,0.177542,0.450922
1.61859e+09,-0.00321229,-0.0374432,0.00449443,0.999283,-0.049443,0.175529,0.453867
1.61859e+09,-0.00515401,-0.0289966,-0.00389183,0.999559,-0.0421742,0.177488,0.454319
1.61859e+09,-0.00750844,-0.0162581,-0.0161608,0.999709,-0.0310269,0.190322,0.456886
1.61859e+09,-0.0093844,-0.00747112,-0.0250448,0.999614,-0.0210727,0.21344,0.465092
1.61859e+09,-0.0111551,-0.0146046,-0.0272398,0.99946,-0.0199123,0.245737,0.475479
1.61859e+09,-0.0101856,-0.0342036,-0.0233489,0.99909,-0.0222405,0.286068,0.486771
1.61859e+09,-0.00739803,-0.0520863,-0.0184578,0.998445,-0.0242864,0.329116,0.499556
1.61859e+09,-0.00142647,-0.0602223,-0.0212073,0.997959,-0.0253149,0.333683,0.509575
1.61859e+09,0.00313065,-0.0636049,-0.0254401,0.997646,-0.020507,0.361643,0.521583
1.61859e+09,0.00636213,-0.0796194,-0.0251703,0.996487,-0.00733422,0.464369,0.520196
1.61859e+09,0.00565361,-0.0907998,-0.0281474,0.995455,-0.00296505,0.504245,0.516838
1.61859e+09,3.8837e-05,-0.108004,-0.026239,0.993804,-0.00257833,0.535418,0.510653
1.61859e+09,-0.00526407,-0.113184,-0.0186112,0.993386,-0.00476462,0.557535,0.505393
1.61859e+09,-0.00366233,-0.113841,-0.00969038,0.993445,-0.00736609,0.56789,0.504289
1.61859e+09,0.0030631,-0.109037,-0.00611064,0.994014,-0.00639486,0.566444,0.504719
1.61859e+09,0.0109245,-0.103757,-0.00669604,0.99452,-0.00193054,0.552184,0.503762
1.61859e+09,0.0176493,-0.100931,-0.010005,0.994687,-0.00362969,0.526575,0.510035
1.61859e+09,0.0198685,-0.10255,-0.0152322,0.994413,-0.00490814,0.487806,0.51203
1.61859e+09,0.0148834,-0.102479,-0.0229598,0.994359,-0.00513413,0.49614,0.511457
1.61859e+09,0.0103673,-0.1014,-0.0302189,0.994333,-0.00405183,0.445964,0.51246
1.61859e+09,0.00629063,-0.0964482,-0.0343324,0.994726,-0.010254,0.444697,0.517394
1.61859e+09,0.00138921,-0.0948663,-0.0395714,0.994702,-0.0224339,0.318261,0.525299
1.61859e+09,-0.00469849,-0.0900524,-0.0407547,0.995092,-0.0207908,0.267971,0.523222
1.61859e+09,-0.00963745,-0.0803895,-0.0426337,0.995805,-0.0214336,0.227793,0.522177
1.61859e+09,-0.0143495,-0.0742195,-0.0432972,0.996198,-0.0219235,0.162603,0.516203
1.61859e+09,-0.0170528,-0.0701969,-0.0420373,0.996501,-0.0231364,0.104103,0.506754
1.61859e+09,-0.019676,-0.0629045,-0.0389413,0.997065,-0.0263782,0.0641476,0.502658
1.61859e+09,-0.0238174,-0.056321,-0.0384893,0.997386,-0.0281389,0.0442577,0.498954
1.61859e+09,-0.0267068,-0.0507487,-0.0393703,0.997578,-0.030679,0.0142411,0.494801
1.61859e+09,-0.0243194,-0.0463666,-0.0409019,0.99779,-0.0317473,-0.00469744,0.490175
1.61859e+09,-0.0192711,-0.0478324,-0.0398991,0.997872,-0.0344949,-0.0376652,0.491085
1.61859e+09,-0.0167762,-0.056171,-0.0356921,0.997642,-0.03725,-0.0579217,0.491554
1.61859e+09,-0.0163697,-0.0661245,-0.032703,0.997141,-0.0385846,-0.0587566,0.491414
1.61859e+09,-0.0145715,-0.0633682,-0.0325597,0.997353,-0.0329479,-0.0670388,0.481514
1.61859e+09,-0.0117415,-0.0722645,-0.034486,0.99672,-0.0272853,-0.0251245,0.491926
1.61859e+09,-0.00772983,-0.0724689,-0.0369589,0.996656,-0.0233065,0.0250814,0.502924
1.61859e+09,-0.00298252,-0.0670782,-0.0385489,0.996998,-0.0203335,0.0806104,0.511031
1.61859e+09,0.00217031,-0.0626593,-0.0372919,0.997336,-0.0209223,0.138041,0.518028
1.61859e+09,0.00604596,-0.0615087,-0.0343049,0.997499,-0.023129,0.196533,0.51926
1.61859e+09,0.00598416,-0.055858,-0.0333025,0.997865,-0.0239562,0.253853,0.5088
1.61859e+09,0.00417933,-0.0541699,-0.0331318,0.997973,-0.0259847,0.312452,0.501994
1.61859e+09,0.00266808,-0.0581104,-0.0288249,0.99789,-0.0267222,0.366867,0.493182
1.61859e+09,0.00512003,-0.0753564,-0.0243924,0.996845,-0.0273423,0.416256,0.487406
1.61859e+09,0.00887148,-0.0899472,-0.0240644,0.995616,-0.0249964,0.461766,0.483531
1.61859e+09,0.00786172,-0.0949629,-0.0241996,0.995156,-0.0227463,0.500597,0.478774
1.61859e+09,0.00232807,-0.0964096,-0.0223583,0.995088,-0.0219628,0.529346,0.470118
1.61859e+09,-0.0010347,-0.0980749,-0.0173041,0.995028,-0.0222766,0.543462,0.462345
1.61859e+09,-0.000918495,-0.0897831,-0.015824,0.995835,-0.0169802,0.546196,0.455937
1.61859e+09,0.0016407,-0.0832814,-0.0179426,0.996363,-0.0150601,0.535562,0.457928
1.61859e+09,0.0054931,-0.0837556,-0.0215425,0.996238,-0.0167002,0.513268,0.464273
1.61859e+09,0.0104718,-0.0867438,-0.0250889,0.99586,-0.0195002,0.480653,0.473872
1.61859e+09,0.0117227,-0.0908498,-0.0240722,0.995505,-0.0199793,0.479646,0.474172
1.61859e+09,0.00792566,-0.0882198,-0.0239283,0.995782,-0.03105,0.440284,0.472442
1.61859e+09,0.00309314,-0.0815382,-0.0236156,0.996386,-0.0410887,0.378863,0.465718
1.61859e+09,0.00164691,-0.0783005,-0.0246053,0.996625,-0.0412832,0.330948,0.474856
1.61859e+09,-0.00183824,-0.0769419,-0.026699,0.996676,-0.0418314,0.281748,0.482531
1.61859e+09,-0.00310908,-0.076119,-0.027703,0.996709,-0.0415037,0.210112,0.484797
1.61859e+09,-0.00481287,-0.0769202,-0.0270198,0.996659,-0.0433769,0.160446,0.47928
1.61859e+09,-0.00817598,-0.075038,-0.0251565,0.99683,-0.050073,0.103788,0.476189
1.61859e+09,-0.0131682,-0.0710804,-0.0254249,0.99706,-0.0557707,0.0663134,0.472559
1.61859e+09,-0.013038,-0.0647676,-0.030314,0.997355,-0.0609309,0.0539402,0.469114
1.61859e+09,-0.011691,-0.0617558,-0.0376247,0.997313,-0.0589696,0.0235799,0.471691
1.61859e+09,-0.0105258,-0.0615105,-0.0416709,0.997181,-0.0594353,-0.0058412,0.470717
1.61859e+09,-0.00796919,-0.0651353,-0.0439116,0.996878,-0.0599293,0.00091448,0.47416
1.61859e+09,-0.00814135,-0.0688817,-0.0460713,0.996527,-0.0590881,-0.000113594,0.474365
1.61859e+09,-0.00691446,-0.0679861,-0.0513322,0.996341,-0.0518426,0.00847217,0.468837
1.61859e+09,-0.0113492,-0.0718779,-0.0516944,0.996008,-0.0476986,0.0605736,0.483291
1.61859e+09,-0.0152776,-0.0787302,-0.0491333,0.995567,-0.04605,0.119318,0.502824
1.61859e+09,-0.0135663,-0.0847249,-0.0432509,0.995373,-0.0467623,0.179435,0.522032
1.61859e+09,-0.00757075,-0.0944494,-0.0372495,0.994804,-0.0471734,0.240629,0.535905
1.61859e+09,-0.00279907,-0.102728,-0.0338898,0.994128,-0.0447976,0.300937,0.545763
1.61859e+09,-0.00124628,-0.0989539,-0.0321803,0.994571,-0.0407096,0.359856,0.547076
1.61859e+09,-0.000592196,-0.0880863,-0.0312858,0.995621,-0.0330215,0.41701,0.537693
1.61859e+09,-0.00153299,-0.0761032,-0.0321225,0.996581,-0.0231951,0.472661,0.524846
1.61859e+09,-0.000953741,-0.0706676,-0.0351563,0.99688,-0.0147609,0.525245,0.514726
1.61859e+09,0.000555763,-0.0701946,-0.0363555,0.99687,-0.00865166,0.570723,0.500785
1.61859e+09,-0.000689855,-0.0802277,-0.0353596,0.996149,-0.0078815,0.611161,0.49498
1.61859e+09,-0.0107583,-0.0930103,-0.0341641,0.995021,-0.0103912,0.644768,0.486816
1.61859e+09,-0.0167192,-0.103471,-0.0298759,0.994043,-0.0160552,0.661922,0.478191
1.61859e+09,-0.013855,-0.10601,-0.0229416,0.994004,-0.0214111,0.659766,0.472316
1.61859e+09,-0.0042935,-0.102245,-0.0156861,0.994626,-0.0259557,0.637462,0.471561
1.61859e+09,0.00806624,-0.0982989,-0.0100835,0.995073,-0.0325822,0.596379,0.47635
1.61859e+09,0.0169216,-0.0946993,-0.00495046,0.99535,-0.0446317,0.59664,0.479569
1.61859e+09,0.0233299,-0.0896149,-0.00362259,0.995697,-0.050016,0.537524,0.485289
1.61859e+09,0.0251344,-0.0833303,-0.00297602,0.996201,-0.0575975,0.469253,0.494556
1.61859e+09,0.0237698,-0.0761091,-0.00368122,0.996809,-0.0686726,0.348679,0.510236
1.61859e+09,0.0164216,-0.066377,-0.00615245,0.997641,-0.0670518,0.348063,0.507451
1.61859e+09,0.00918924,-0.0578737,-0.00838961,0.998246,-0.0713371,0.278272,0.505397
1.61859e+09,0.00376229,-0.0540184,-0.0100745,0.998482,-0.0749406,0.200777,0.509662
1.61859e+09,0.000821173,-0.0537323,-0.0107458,0.998497,-0.0756067,0.132355,0.500238
1.61859e+09,-0.000701084,-0.0547494,-0.0132899,0.998411,-0.076386,0.0920757,0.498406
1.61859e+09,-0.00197787,-0.0544807,-0.0149532,0.998401,-0.0822174,-0.00716598,0.498843
1.61859e+09,-0.00271522,-0.0516416,-0.0192103,0.998477,-0.0831938,-0.0231675,0.495198
1.61859e+09,-0.00110414,-0.0500499,-0.0224449,0.998494,-0.080534,-0.0259278,0.490621
1.61859e+09,-0.00039664,-0.0484349,-0.0228176,0.998566,-0.078025,-0.0160411,0.486278
1.61859e+09,-0.00040686,-0.0485883,-0.0229694,0.998555,-0.0743367,0.00505317,0.484644
1.61859e+09,-0.000486844,-0.0528175,-0.0215969,0.99837,-0.0709382,0.0345014,0.483949
1.61859e+09,0.000379238,-0.0569479,-0.0190623,0.998195,-0.0685272,0.0726885,0.487244
1.61859e+09,0.00214459,-0.0581139,-0.0139031,0.998211,-0.0669349,0.114456,0.489857
1.61859e+09,0.00187375,-0.0543268,-0.00729307,0.998495,-0.0658592,0.149559,0.49337
1.61859e+09,1.19586e-05,-0.0514292,-0.00123711,0.998676,-0.0655885,0.17409,0.493731
1.61859e+09,-0.00126799,-0.0506199,0.0033344,0.998712,-0.0642487,0.190119,0.4944
1.61859e+09,-0.000917733,-0.0518819,0.00600022,0.998635,-0.0618478,0.201654,0.494448
1.61859e+09,0.000580447,-0.055667,0.00710484,0.998424,-0.0541016,0.210626,0.493058
1.61859e+09,0.00324671,-0.0606618,0.00985516,0.998104,-0.0413751,0.220385,0.492224
1.61859e+09,0.0042066,-0.0604508,0.0156698,0.998039,-0.0220956,0.226917,0.490223
1.61859e+09,0.000446875,-0.0522381,0.0230234,0.998369,0.00738911,0.230438,0.487599
1.61859e+09,-0.00941599,-0.0468084,0.0262568,0.998514,0.0491893,0.231203,0.475592
1.61859e+09,-0.0144817,-0.0499152,0.0210777,0.998426,0.0549382,0.233434,0.470535
1.61859e+09,-0.0144039,-0.0681319,0.0108832,0.997513,0.0714824,0.236098,0.469779
1.61859e+09,-0.0137957,-0.0864731,0.00134922,0.996158,0.131787,0.248674,0.467363
1.61859e+09,-0.0158488,-0.0992765,-0.0066094,0.994912,0.13089,0.239527,0.465181
1.61859e+09,-0.0190189,-0.0985565,-0.0147407,0.99484,0.160317,0.244465,0.450545
1.61859e+09,-0.0197723,-0.0957935,-0.0217068,0.994968,0.189283,0.242604,0.439238
1.61859e+09,-0.0195673,-0.0932358,-0.0253702,0.995128,0.250068,0.257166,0.430746
1.61859e+09,-0.0190279,-0.0861004,-0.0236078,0.995825,0.284382,0.244172,0.42667
1.61859e+09,-0.0216222,-0.0825585,-0.0250638,0.996036,0.348969,0.220764,0.424852
1.61859e+09,-0.0211747,-0.0777028,-0.0267054,0.996394,0.382394,0.194456,0.432233
1.61859e+09,-0.0202626,-0.0799582,-0.0249317,0.99628,0.351295,0.198213,0.434046
1.61859e+09,-0.017165,-0.0838131,-0.0214101,0.996104,0.30532,0.201238,0.441246
1.61859e+09,-0.0152115,-0.0823766,-0.0197833,0.996289,0.250668,0.204301,0.443292
1.61859e+09,-0.0130944,-0.0733398,-0.0204138,0.997012,0.194043,0.207865,0.444286
1.61859e+09,-0.0113003,-0.0628201,-0.0227717,0.997701,0.136092,0.2109,0.442531
1.61859e+09,-0.0102231,-0.053106,-0.0242432,0.998242,0.0789711,0.215584,0.440388
1.61859e+09,-0.00934743,-0.0434759,-0.0257966,0.998678,0.0269769,0.22026,0.439275
1.61859e+09,-0.00713929,-0.0353789,-0.0286345,0.998938,-0.0184374,0.225216,0.440336
1.61859e+09,-0.00717215,-0.028986,-0.0331042,0.999006,-0.0575768,0.22929,0.442984
1.61859e+09,-0.00907645,-0.0279716,-0.0362759,0.998909,-0.0931383,0.232634,0.442922
1.61859e+09,-0.011636,-0.0255314,-0.0355798,0.998973,-0.127552,0.235454,0.441962
1.61859e+09,-0.0145652,-0.026796,-0.0336942,0.998967,-0.160338,0.238644,0.437028
1.61859e+09,-0.0163851,-0.0249993,-0.033809,0.998981,-0.187967,0.243613,0.428091
1.61859e+09,-0.0151796,-0.021943,-0.0346882,0.999042,-0.209891,0.248018,0.424273
1.61859e+09,-0.0133881,-0.0230095,-0.0355251,0.999014,-0.224768,0.253122,0.419329
1.61859e+09,-0.0124522,-0.0233781,-0.036047,0.998999,-0.234796,0.257429,0.41708
1.61859e+09,-0.01138,-0.0260322,-0.0362816,0.998938,-0.239872,0.26268,0.41428
1.61859e+09,-0.0101446,-0.0305157,-0.0364176,0.998819,-0.237732,0.267296,0.411362
1.61859e+09,-0.00841079,-0.0320129,-0.0360129,0.998803,-0.227522,0.270967,0.411573
1.61859e+09,-0.00540001,-0.0359478,-0.0352692,0.998717,-0.208789,0.273728,0.414476
1.61859e+09,-0.00189189,-0.0429571,-0.0336217,0.998509,-0.181993,0.275191,0.417942
1.61859e+09,-0.00249486,-0.0501372,-0.0302384,0.998281,-0.147183,0.274602,0.419395
1.61859e+09,-0.00703205,-0.0533871,-0.0256603,0.998219,-0.103845,0.272093,0.419879
1.61859e+09,-0.0130529,-0.0546805,-0.021685,0.998183,-0.0514465,0.267277,0.41853
1.61859e+09,-0.0172469,-0.0553635,-0.0189908,0.998137,0.00744585,0.261178,0.414628
1.61859e+09,-0.0190805,-0.053408,-0.0162848,0.998258,0.0684407,0.254418,0.409498
1.61859e+09,-0.0216483,-0.0528838,-0.0134058,0.998276,0.128676,0.24503,0.401599
1.61859e+09,-0.0265661,-0.054792,-0.00866527,0.998107,0.186023,0.233816,0.395437
1.61859e+09,-0.0263013,-0.0556898,-0.0061527,0.998083,0.185971,0.233987,0.395505
1.61859e+09,-0.0305101,-0.0560859,-0.0012767,0.997959,0.298688,0.210245,0.395938
1.61859e+09,-0.0288087,-0.052218,-0.00469916,0.998209,0.345064,0.200402,0.400942
1.61859e+09,-0.0246359,-0.0537236,-0.0119394,0.99818,0.380832,0.19453,0.404721
1.61859e+09,-0.0179462,-0.0446157,-0.0212187,0.998618,0.406289,0.193146,0.410679
1.61859e+09,-0.0134035,-0.0458085,-0.025837,0.998526,0.416047,0.193135,0.41302
1.61859e+09,-0.0100645,-0.0410728,-0.0273961,0.99873,0.409634,0.194683,0.417055
1.61859e+09,-0.00533801,-0.0323013,-0.0269237,0.999101,0.383493,0.198323,0.419713
1.61859e+09,-0.000533673,-0.029285,-0.0247213,0.999265,0.339356,0.203968,0.424295
1.61859e+09,0.00131277,-0.0370604,-0.0220182,0.99907,0.283405,0.210793,0.427628
1.61859e+09,0.00131981,-0.0304081,-0.0197109,0.999342,0.220755,0.217869,0.431175
1.61859e+09,-0.00185605,-0.0260238,-0.0165429,0.999523,0.148346,0.228244,0.431589
1.61859e+09,-0.00700529,-0.0169298,-0.0124633,0.999754,0.0766188,0.241671,0.432629
1.61859e+09,-0.00629567,-0.0179626,-0.0082484,0.999785,0.0831027,0.247093,0.433672
1.61859e+09,-0.00692166,-0.0158239,-0.00415505,0.999842,-0.0571265,0.269391,0.426491
1.61859e+09,-0.00355697,-0.0177856,-0.00136259,0.999835,-0.111666,0.278788,0.424312
1.61859e+09,-0.0034405,-0.0274553,0.000325545,0.999617,-0.163813,0.286377,0.422038
1.61859e+09,-0.00420171,-0.0458205,0.000325035,0.998941,-0.208492,0.2913,0.420702
1.61859e+09,-0.00577847,-0.0597637,-0.00198582,0.998194,-0.246959,0.295752,0.420964
1.61859e+09,-0.00509347,-0.0634466,-0.00618276,0.997953,-0.275471,0.299397,0.418994
1.61859e+09,-0.00120696,-0.0604009,-0.00991891,0.998124,-0.293229,0.302194,0.417054
1.61859e+09,0.00222615,-0.0559885,-0.0135785,0.998337,-0.302837,0.303483,0.415238
1.61859e+09,0.00323832,-0.0511923,-0.0175465,0.998529,-0.301171,0.304887,0.410138
1.61859e+09,0.00362955,-0.0500224,-0.0191894,0.998557,-0.290356,0.304319,0.40838
1.61859e+09,0.00560565,-0.0513232,-0.0207889,0.99845,-0.270401,0.302566,0.406939
1.61859e+09,0.00722981,-0.0523291,-0.0223782,0.998353,-0.242235,0.299215,0.409228
1.61859e+09,0.00652745,-0.0528146,-0.0252723,0.998263,-0.203783,0.294526,0.408474
1.61859e+09,0.0026427,-0.0520575,-0.0295172,0.998204,-0.153351,0.2894,0.404722
1.61859e+09,-0.00639527,-0.0462705,-0.0324277,0.998382,-0.0918235,0.284204,0.40105
1.61859e+09,-0.0163303,-0.0457514,-0.0338087,0.998247,-0.0254795,0.279407,0.398958
1.61859e+09,-0.0226211,-0.052049,-0.0347116,0.997785,0.0446875,0.275007,0.398019
1.61859e+09,-0.0271387,-0.0611144,-0.0357433,0.997121,0.1143,0.270076,0.39761
1.61859e+09,-0.0281798,-0.0656982,-0.0370391,0.996754,0.126292,0.268455,0.396449
1.61859e+09,-0.0310016,-0.0736533,-0.0372634,0.996105,0.249398,0.252887,0.400334
1.61859e+09,-0.027201,-0.0761449,-0.0404655,0.995904,0.312843,0.243784,0.403761
1.61859e+09,-0.0244782,-0.0765944,-0.0456269,0.995717,0.372577,0.233069,0.405516
1.61859e+09,-0.0209785,-0.0711189,-0.0539423,0.995787,0.426112,0.22623,0.407863
1.61859e+09,-0.0179401,-0.062816,-0.0621047,0.995929,0.46707,0.222616,0.412688
1.61859e+09,-0.0160947,-0.0624249,-0.0674,0.995641,0.49183,0.221456,0.416285
1.61859e+09,-0.0134944,-0.0538678,-0.0676911,0.99616,0.499172,0.221943,0.42126
1.61859e+09,-0.0103101,-0.0486993,-0.0650594,0.996639,0.488215,0.224593,0.422082
1.61859e+09,-0.00683008,-0.0440814,-0.0613163,0.997121,0.459948,0.22981,0.423132
1.61859e+09,-0.00863407,-0.0357166,-0.0524923,0.997945,0.446226,0.229862,0.422207
1.61859e+09,-0.00772195,-0.0309463,-0.0454466,0.998457,0.355284,0.243924,0.426448
1.61859e+09,-0.00743077,-0.0261444,-0.0326456,0.999097,0.283532,0.253251,0.424129
1.61859e+09,-0.00605009,-0.0232994,-0.0163762,0.999576,0.266896,0.252489,0.424342
1.61859e+09,-0.00310326,-0.0149122,-0.00178925,0.999882,0.112337,0.271726,0.418706
1.61859e+09,-0.0017245,-0.0140039,0.00954826,0.999855,0.0300663,0.279602,0.411059
1.61859e+09,0.000502091,-0.00261961,0.0155998,0.999875,-0.0444013,0.286578,0.409471
1.61859e+09,0.00369879,0.00296582,0.0195827,0.999797,-0.106693,0.289084,0.410989
1.61859e+09,0.00871554,-0.000616177,0.0219868,0.99972,-0.15279,0.287711,0.414697
1.61859e+09,0.0132536,-0.00952837,0.02082,0.99965,-0.184335,0.285863,0.421226
1.61859e+09,0.0130913,-0.0175375,0.0189073,0.999582,-0.207187,0.281369,0.428066
1.61859e+09,0.0107313,-0.0224933,0.0150656,0.999576,-0.221665,0.273099,0.435907
1.61859e+09,0.00364786,-0.0283603,0.00791419,0.99956,-0.224111,0.258092,0.449366
1.61859e+09,-0.0144819,-0.0355311,-0.00235437,0.999261,-0.221067,0.232801,0.467343
1.61859e+09,-0.0347906,-0.0472678,-0.0142813,0.998174,-0.218391,0.198239,0.489079
1.61859e+09,-0.0521804,-0.0585363,-0.0299674,0.99647,-0.209717,0.158863,0.509863
1.61859e+09,-0.0636983,-0.0758161,-0.0463517,0.994005,-0.206553,0.171207,0.518567
1.61859e+09,-0.0690023,-0.0929739,-0.0648978,0.991152,-0.195166,0.143296,0.529055
1.61859e+09,-0.0807905,-0.108039,-0.0823178,0.987433,-0.167177,0.0322579,0.558324
1.61859e+09,-0.076809,-0.110656,-0.0955097,0.986273,-0.148741,-0.00150602,0.548321
1.61859e+09,-0.0629756,-0.0917956,-0.102484,0.988486,-0.147043,-0.00131304,0.553487
1.61859e+09,-0.0535259,-0.0872379,-0.111397,0.988491,-0.108312,-0.0511928,0.4871
1.61859e+09,-0.0434072,-0.0609217,-0.112952,0.990781,-0.0874261,-0.0637631,0.44465
1.61859e+09,-0.0367024,-0.0383505,-0.107827,0.992751,-0.0695271,-0.0684372,0.399314
1.61859e+09,-0.0344552,-0.0333971,-0.0969797,0.994129,-0.0562566,-0.0666712,0.355705
1.61859e+09,-0.0346139,-0.0203121,-0.0847229,0.995596,-0.0444204,-0.0668387,0.310322
1.61859e+09,-0.0386007,-0.00929347,-0.0738881,0.996476,-0.0353884,-0.0669342,0.261369
1.61859e+09,-0.0384668,0.00542355,-0.0659853,0.997064,-0.0272974,-0.0648195,0.212361
1.61859e+09,-0.0297441,0.0228713,-0.0624476,0.997343,-0.0203694,-0.0623548,0.171251
1.61859e+09,-0.0215404,0.0312813,-0.0583501,0.997573,-0.0141065,-0.058259,0.134896
1.61859e+09,-0.016984,0.0423195,-0.0480305,0.997804,-0.0115655,-0.0539676,0.102236
1.61859e+09,-0.0130636,0.048962,-0.0354171,0.998087,-0.0131552,-0.0473574,0.0810849
1.61859e+09,-0.0094101,0.0508285,-0.0251448,0.998346,-0.0126579,-0.0429875,0.065185
1.61859e+09,-0.00702582,0.0552902,-0.0155059,0.998325,-0.0079626,-0.038979,0.0456315
1.61859e+09,-0.00430507,0.0500772,-0.00442506,0.998726,-0.00724315,-0.0339504,0.0343077
1.61859e+09,0.00112571,0.042257,0.00464766,0.999095,-0.00835072,-0.029865,0.0275597
1.61859e+09,0.00651515,0.0348457,0.00941053,0.999327,-0.00694602,-0.0275087,0.0174038
1.61859e+09,0.00913301,0.0177282,0.0128163,0.999719,-0.00889279,-0.0242979,0.0144422
1.61859e+09,0.00662043,0.0110001,0.0141857,0.999817,-0.00859786,-0.0246575,0.00812598
1.61859e+09,-0.000707167,0.0080742,0.0128355,0.999885,-0.00862792,-0.023425,0.00610797
1.61859e+09,-0.000558152,0.00280693,0.0117548,0.999927,-0.00889642,-0.0227514,0.00394174
1.61859e+09,-0.00064254,0.00250099,0.0112923,0.999933,-0.00929262,-0.0229851,0.00515956
1.61859e+09,-0.000742363,0.00229742,0.0114465,0.999932,-0.00915804,-0.022657,0.0035485
1.61859e+09,-0.00108744,0.00701893,0.0114022,0.99991,-0.00587177,-0.0230449,0.000915473
1.61859e+09,-0.000668227,0.00817289,0.0115498,0.9999,-0.00873822,-0.0224412,0.0056174
1.61859e+09,-0.000676483,0.00874863,0.0114933,0.999895,-0.0080811,-0.0226729,0.00467922
1.61859e+09,-0.000865281,0.00813955,0.0114497,0.999901,-0.00795089,-0.0225162,0.00407972
1.61859e+09,-0.000829715,0.00885992,0.0114634,0.999895,-0.0077194,-0.0228639,0.0027163
1.61859e+09,-0.000771372,0.00822977,0.0114223,0.999901,-0.00811233,-0.0222087,0.00409342
1.61859e+09,-0.000702241,0.00879476,0.0114181,0.999896,-0.00770444,-0.0222439,0.00361016
1.61859e+09,-0.000741923,0.00825602,0.0114298,0.9999,-0.00827343,-0.022294,0.00356951
1.61859e+09,-0.000795577,0.0085579,0.0114424,0.999898,-0.00825937,-0.0226189,0.00285673
1.61859e+09,-0.000800056,0.00816122,0.0114509,0.999901,-0.00821772,-0.0223446,0.0035014
1.61859e+09,-0.000774568,0.0084885,0.0114272,0.999898,-0.00813809,-0.0225347,0.00357656
1.61859e+09,-0.000847209,0.00811288,0.0114522,0.999901,-0.00824765,-0.0225045,0.00274114
1.61859e+09,-0.000780647,0.00830974,0.0114154,0.9999,-0.00803067,-0.022578,0.00347523
1.61859e+09,-0.000919648,0.00799461,0.0114479,0.999902,-0.00805688,-0.0225611,0.00261744
1.61859e+09,-0.000901869,0.00800096,0.0114409,0.999902,-0.00818467,-0.0223896,0.00262064
1.61859e+09,-0.000815205,0.00800116,0.0114408,0.999902,-0.0083243,-0.0222502,0.00290164
1.61859e+09,-0.000823555,0.00791434,0.0114303,0.999903,-0.00808107,-0.0220899,0.00255198
1.61859e+09,-0.000883689,0.00803979,0.011497,0.999901,-0.00850037,-0.0226651,0.00286605
1.61859e+09,-0.000822551,0.00776573,0.0115025,0.999903,-0.00838873,-0.0226178,0.00281216
1.61859e+09,-0.000816215,0.0078523,0.0114689,0.999903,-0.00857098,-0.0225612,0.00312426
1.61859e+09,-0.000779831,0.00780515,0.0114653,0.999904,-0.00843096,-0.0225515,0.00303861
1.61859e+09,-0.000759399,0.0077838,0.0114569,0.999904,-0.00850235,-0.0225134,0.00311411
1.61859e+09,-0.000798296,0.00774109,0.011454,0.999904,-0.00840082,-0.0226277,0.00296519
1.61859e+09,-0.000807915,0.00769994,0.0114428,0.999905,-0.0084706,-0.0227013,0.00298178
1.61859e+09,-0.000799226,0.00768148,0.0114375,0.999905,-0.00845173,-0.0227079,0.00299238
1.61859e+09,-0.000781479,0.00764851,0.0114539,0.999905,-0.00860165,-0.0226431,0.00305174
1.61859e+09,-0.000791634,0.00760282,0.0114257,0.999905,-0.00849334,-0.0226596,0.00294267
1.61859e+09,-0.00077091,0.00754418,0.0114333,0.999906,-0.00851569,-0.0226839,0.00293128
1.61859e+09,-0.000798809,0.00745831,0.0114368,0.999906,-0.00848777,-0.0227066,0.00291759
1.61859e+09,-0.000696821,0.00755959,0.011497,0.999905,-0.00915761,-0.0222932,0.00338952
1.61859e+09,-0.000813514,0.00735634,0.0114765,0.999907,-0.00863062,-0.0225749,0.0026412
1.61859e+09,-0.000797592,0.00735389,0.0114732,0.999907,-0.00872689,-0.0226273,0.00266442
1.61859e+09,-0.000780338,0.00735084,0.0114737,0.999907,-0.00877725,-0.0224927,0.00268931
1.61859e+09,-0.000798413,0.00731194,0.0114758,0.999907,-0.00878235,-0.022491,0.00268261
1.61859e+09,-0.00079503,0.00730987,0.0114689,0.999907,-0.00877455,-0.0224567,0.00268324
1.61859e+09,-0.000818756,0.00723528,0.0114715,0.999908,-0.00871082,-0.0225365,0.00252428
1.61859e+09,-0.000694908,0.00718629,0.0114657,0.999908,-0.00867407,-0.0224678,0.00349308
1.61859e+09,-0.000932304,0.00713921,0.0115006,0.999908,-0.00879796,-0.0229689,0.00286781
1.61859e+09,-0.000722447,0.00718541,0.0114668,0.999908,-0.00898814,-0.0222501,0.00335192
1.61859e+09,-0.00083526,0.00711804,0.0114691,0.999909,-0.00901111,-0.0223685,0.00346097
1.61859e+09,-0.00081257,0.0071304,0.0114548,0.999909,-0.00880811,-0.0225883,0.00251007
1.61859e+09,-0.00062277,0.00709115,0.011454,0.999909,-0.00891171,-0.0220603,0.00324044
